Date,SKU,Actual_Demand,Forecast_Demand
2025-11-02,SKU001,23,16.556960709835344
2025-11-03,SKU001,13,11.08001242566379
2025-11-04,SKU001,10,11.26962206673031
2025-11-05,SKU001,7,11.144732128837921
2025-11-06,SKU001,6,11.115519063396604
2025-11-07,SKU001,17,10.981649725154673
2025-11-08,SKU001,21,15.903741341048008
2025-11-09,SKU001,18,16.91731328396626
2025-11-10,SKU001,10,11.16140041446401
2025-11-11,SKU001,6,11.383247459742286
2025-11-12,SKU001,12,10.848180511822147
2025-11-13,SKU001,16,10.770574472526064
2025-11-14,SKU001,9,11.117641789196036
2025-11-15,SKU001,15,17.13565541160009
2025-11-16,SKU001,19,17.3457571635238
2025-11-17,SKU001,6,11.390133802001166
2025-11-18,SKU001,13,10.776004706674714
2025-11-19,SKU001,10,11.037187280430253
2025-11-20,SKU001,12,11.201198698878851
2025-11-21,SKU001,8,11.43786718890246
2025-11-22,SKU001,15,16.968190652995112
2025-11-23,SKU001,20,17.14160703827961
2025-11-24,SKU001,14,11.030814483994225
2025-11-25,SKU001,12,11.330112608848115
2025-11-26,SKU001,6,11.454680556961641
2025-11-27,SKU001,10,11.382630046514535
2025-11-28,SKU001,10,11.285502773675548
2025-11-29,SKU001,16,15.89750000319588
2025-11-30,SKU001,16,14.87628322132439
2025-12-01,SKU001,11,11.026182072295942
2025-12-02,SKU001,9,11.322483908599725
2025-12-03,SKU001,8,10.94618844521491
2025-12-04,SKU001,7,11.444289031046472
2025-12-05,SKU001,15,11.518123081525129
2025-12-06,SKU001,14,13.651396918979096
2025-12-07,SKU001,24,12.783341177548053
2025-12-08,SKU001,12,11.484257321649059
2025-12-09,SKU001,9,11.249025327353458
2025-12-10,SKU001,14,10.850906842889593
2025-12-11,SKU001,13,10.902538076820752
2025-12-12,SKU001,17,11.1219346838244
2025-12-13,SKU001,10,13.188952748105203
2025-12-14,SKU001,14,13.087403413197741
2025-12-15,SKU001,16,11.32968378697865
2025-12-16,SKU001,12,11.496187970448398
2025-12-17,SKU001,12,11.210494862168842
2025-12-18,SKU001,15,11.309384261760473
2025-12-19,SKU001,8,11.289754428631998
2025-12-20,SKU001,13,14.161196257453303
2025-12-21,SKU001,15,14.36218354234801
2025-12-22,SKU001,7,11.359584588072346
2025-12-23,SKU001,19,11.57321930866795
2025-12-24,SKU001,10,11.422245443610995
2025-12-25,SKU001,10,11.570501955213073
2025-12-26,SKU001,13,11.801202020195381
2025-12-27,SKU001,8,13.455468591007707
2025-12-28,SKU001,9,13.90958193633117
2025-12-29,SKU001,12,13.480499880853628
2025-12-30,SKU001,14,12.41890804968033
2025-12-31,SKU001,11,13.726667280752595
2025-11-02,SKU002,14,11.78599896894368
2025-11-03,SKU002,12,7.772947097009871
2025-11-04,SKU002,5,8.490339408334751
2025-11-05,SKU002,7,8.25333255021484
2025-11-06,SKU002,11,8.612233762805085
2025-11-07,SKU002,8,7.886538944804638
2025-11-08,SKU002,15,10.334655251536715
2025-11-09,SKU002,14,12.69941171386458
2025-11-10,SKU002,11,8.047337584920252
2025-11-11,SKU002,3,8.142431286624435
2025-11-12,SKU002,9,8.36791270279537
2025-11-13,SKU002,11,8.174886391795816
2025-11-14,SKU002,6,7.708922638782832
2025-11-15,SKU002,11,10.785059969863038
2025-11-16,SKU002,9,11.883078154431098
2025-11-17,SKU002,8,7.734248799886792
2025-11-18,SKU002,11,8.119990139478013
2025-11-19,SKU002,10,7.560327843415382
2025-11-20,SKU002,8,7.681704874455208
2025-11-21,SKU002,4,7.565207982004213
2025-11-22,SKU002,12,10.938060605687854
2025-11-23,SKU002,11,12.283175866265516
2025-11-24,SKU002,10,7.527280420202164
2025-11-25,SKU002,12,8.043552753156014
2025-11-26,SKU002,5,7.962545350348815
2025-11-27,SKU002,11,7.951014387683333
2025-11-28,SKU002,7,8.396323592813102
2025-11-29,SKU002,14,13.86492939006906
2025-11-30,SKU002,7,13.109554286565901
2025-12-01,SKU002,10,8.481119127810729
2025-12-02,SKU002,6,8.53547502561587
2025-12-03,SKU002,8,8.524722205758582
2025-12-04,SKU002,5,8.319335053309441
2025-12-05,SKU002,8,8.480828641214876
2025-12-06,SKU002,8,9.777631208660548
2025-12-07,SKU002,6,10.083088034008517
2025-12-08,SKU002,9,8.321717343342176
2025-12-09,SKU002,6,8.093350230036481
2025-12-10,SKU002,3,8.881985639323728
2025-12-11,SKU002,9,9.331712120482647
2025-12-12,SKU002,11,8.835328666418048
2025-12-13,SKU002,8,9.385173622984736
2025-12-14,SKU002,9,9.46683532288389
2025-12-15,SKU002,9,9.026616888152098
2025-12-16,SKU002,7,9.10906761026807
2025-12-17,SKU002,6,9.174705722534304
2025-12-18,SKU002,9,8.751043938437297
2025-12-19,SKU002,8,8.56613634094554
2025-12-20,SKU002,4,9.228625742433804
2025-12-21,SKU002,12,9.348503342490666
2025-12-22,SKU002,5,8.722439076697363
2025-12-23,SKU002,4,9.148968709186203
2025-12-24,SKU002,10,8.199069031770938
2025-12-25,SKU002,7,8.821267673025424
2025-12-26,SKU002,6,8.930061939167201
2025-12-27,SKU002,9,8.739957030971956
2025-12-28,SKU002,10,9.401231742495337
2025-12-29,SKU002,9,8.453372023970859
2025-12-30,SKU002,10,7.555615540190903
2025-12-31,SKU002,8,7.974605785547393
2025-11-02,SKU003,10,6.624923687079954
2025-11-03,SKU003,4,4.794731862698484
2025-11-04,SKU003,6,4.5835919071917655
2025-11-05,SKU003,2,4.18324853463076
2025-11-06,SKU003,8,4.496137319719699
2025-11-07,SKU003,9,4.6171503333088
2025-11-08,SKU003,7,10.095466251840817
2025-11-09,SKU003,3,8.397908084330885
2025-11-10,SKU003,4,4.683627991224498
2025-11-11,SKU003,3,4.6986091951458
2025-11-12,SKU003,4,4.427727111950565
2025-11-13,SKU003,4,4.510264247345116
2025-11-14,SKU003,9,4.729197930328209
2025-11-15,SKU003,3,6.311365603165359
2025-11-16,SKU003,10,5.995980429666138
2025-11-17,SKU003,5,5.11022301784603
2025-11-18,SKU003,6,4.86434341120045
2025-11-19,SKU003,5,4.581323617534685
2025-11-20,SKU003,5,4.849516811015683
2025-11-21,SKU003,2,5.060986792366947
2025-11-22,SKU003,11,6.705596815492076
2025-11-23,SKU003,7,6.312761546751134
2025-11-24,SKU003,6,5.076307813439008
2025-11-25,SKU003,4,5.172663658219367
2025-11-26,SKU003,4,4.783722274897499
2025-11-27,SKU003,1,5.028464488236867
2025-11-28,SKU003,1,5.029045195763231
2025-11-29,SKU003,6,5.775921827443504
2025-11-30,SKU003,7,6.235155228192513
2025-12-01,SKU003,5,5.3080925891801725
2025-12-02,SKU003,9,4.842226281526516
2025-12-03,SKU003,4,4.406532021041095
2025-12-04,SKU003,5,5.464289518429499
2025-12-05,SKU003,4,5.929916044032939
2025-12-06,SKU003,5,5.543032079135866
2025-12-07,SKU003,6,5.184544295637501
2025-12-08,SKU003,1,4.903874865682812
2025-12-09,SKU003,9,4.925761548741577
2025-12-10,SKU003,1,4.6218416719540265
2025-12-11,SKU003,5,4.798484529660221
2025-12-12,SKU003,2,5.262362166482026
2025-12-13,SKU003,6,5.253159903629986
2025-12-14,SKU003,9,4.79812650531673
2025-12-15,SKU003,4,6.451022819558473
2025-12-16,SKU003,2,4.786552559492137
2025-12-17,SKU003,5,4.942032094400301
2025-12-18,SKU003,1,5.012884248332965
2025-12-19,SKU003,3,4.887118618995801
2025-12-20,SKU003,5,4.96456735960094
2025-12-21,SKU003,3,4.839489943306412
2025-12-22,SKU003,3,4.5423170699987905
2025-12-23,SKU003,6,4.994407608536427
2025-12-24,SKU003,2,4.5046705694809495
2025-12-25,SKU003,4,4.376031858660527
2025-12-26,SKU003,6,4.513156836675154
2025-12-27,SKU003,9,4.651687617022646
2025-12-28,SKU003,4,5.119009837074273
2025-12-29,SKU003,7,4.545572863758921
2025-12-30,SKU003,4,4.471621635167762
2025-12-31,SKU003,6,4.598908221755633
2025-11-02,SKU004,3,4.807664049145384
2025-11-03,SKU004,5,3.7856671714932184
2025-11-04,SKU004,3,3.1690543275253082
2025-11-05,SKU004,3,3.171152288078314
2025-11-06,SKU004,4,3.6175274926485037
2025-11-07,SKU004,2,3.733493823059712
2025-11-08,SKU004,3,5.50405001141169
2025-11-09,SKU004,7,5.124552173851791
2025-11-10,SKU004,3,3.7879924049536147
2025-11-11,SKU004,7,3.3137590016601046
2025-11-12,SKU004,2,3.266134590366991
2025-11-13,SKU004,3,3.707693508954543
2025-11-14,SKU004,6,3.641963050289588
2025-11-15,SKU004,2,5.112545908963531
2025-11-16,SKU004,8,5.146319227714652
2025-11-17,SKU004,4,3.5406803832456712
2025-11-18,SKU004,3,3.6121679450540194
2025-11-19,SKU004,5,3.733141878497449
2025-11-20,SKU004,3,3.6273251114683394
2025-11-21,SKU004,1,3.7284560010397643
2025-11-22,SKU004,4,5.521433609164218
2025-11-23,SKU004,8,4.965843304458442
2025-11-24,SKU004,2,3.596958444721786
2025-11-25,SKU004,0,3.6052936668305757
2025-11-26,SKU004,4,3.5015630884480307
2025-11-27,SKU004,3,3.804875031426063
2025-11-28,SKU004,3,4.1099454617122255
2025-11-29,SKU004,5,5.276864606758809
2025-11-30,SKU004,5,4.5762929649264255
2025-12-01,SKU004,5,4.365492474353684
2025-12-02,SKU004,3,3.674344215377734
2025-12-03,SKU004,1,3.5060194494155805
2025-12-04,SKU004,3,3.712891497671224
2025-12-05,SKU004,7,4.015342944621885
2025-12-06,SKU004,5,4.734207406765109
2025-12-07,SKU004,4,4.078369042158577
2025-12-08,SKU004,5,3.991531391660272
2025-12-09,SKU004,5,3.9409149612596637
2025-12-10,SKU004,4,3.680257742907317
2025-12-11,SKU004,6,3.9503208350671257
2025-12-12,SKU004,4,3.87781167343279
2025-12-13,SKU004,8,4.617556135601911
2025-12-14,SKU004,7,4.319149254903807
2025-12-15,SKU004,5,4.05579168498871
2025-12-16,SKU004,6,4.3168889845470035
2025-12-17,SKU004,7,4.137659666883005
2025-12-18,SKU004,3,4.371986410020544
2025-12-19,SKU004,6,4.406314575093856
2025-12-20,SKU004,4,4.782398490407492
2025-12-21,SKU004,7,4.795766343825322
2025-12-22,SKU004,4,4.601050095290836
2025-12-23,SKU004,7,4.11423345450239
2025-12-24,SKU004,4,4.259007357874371
2025-12-25,SKU004,3,4.547131798925335
2025-12-26,SKU004,2,4.939651948550471
2025-12-27,SKU004,3,5.156745885947406
2025-12-28,SKU004,7,4.986904031947384
2025-12-29,SKU004,1,4.350187018247913
2025-12-30,SKU004,3,4.502917058133859
2025-12-31,SKU004,2,4.749542992131091
2025-11-02,SKU005,11,19.154127825466524
2025-11-03,SKU005,12,13.282212492191102
2025-11-04,SKU005,19,13.15127745379869
2025-11-05,SKU005,18,13.61761501793894
2025-11-06,SKU005,12,14.54889798233539
2025-11-07,SKU005,10,13.756284006357614
2025-11-08,SKU005,22,19.3520126212093
2025-11-09,SKU005,21,19.908436216977563
2025-11-10,SKU005,13,14.248535713200692
2025-11-11,SKU005,13,14.262144701644873
2025-11-12,SKU005,9,13.85636901390749
2025-11-13,SKU005,10,13.220133651670244
2025-11-14,SKU005,16,13.067325745219778
2025-11-15,SKU005,24,19.94129307691402
2025-11-16,SKU005,17,19.469676530470664
2025-11-17,SKU005,16,13.710363578169456
2025-11-18,SKU005,12,14.362734792555015
2025-11-19,SKU005,14,13.721858387675304
2025-11-20,SKU005,10,14.150830182072925
2025-11-21,SKU005,17,14.142798004157791
2025-11-22,SKU005,25,19.520526820241535
2025-11-23,SKU005,21,19.43188466962722
2025-11-24,SKU005,8,13.876434604642272
2025-11-25,SKU005,18,13.981890068389761
2025-11-26,SKU005,15,13.870339982289059
2025-11-27,SKU005,10,14.179229799328894
2025-11-28,SKU005,9,14.206916910161738
2025-11-29,SKU005,14,17.54690182962786
2025-11-30,SKU005,26,17.407383376981812
2025-12-01,SKU005,19,14.293586892429225
2025-12-02,SKU005,13,14.06473103635698
2025-12-03,SKU005,13,14.203828861526024
2025-12-04,SKU005,15,14.050842692222885
2025-12-05,SKU005,10,14.273776326672646
2025-12-06,SKU005,15,15.943010857407103
2025-12-07,SKU005,11,16.213456257123397
2025-12-08,SKU005,16,14.008170016871366
2025-12-09,SKU005,13,13.464515256275224
2025-12-10,SKU005,15,13.014396625667692
2025-12-11,SKU005,10,13.28273730173041
2025-12-12,SKU005,17,13.077453317943357
2025-12-13,SKU005,17,16.352112175599974
2025-12-14,SKU005,15,16.21941565886371
2025-12-15,SKU005,9,14.408552293047851
2025-12-16,SKU005,15,13.409362398552055
2025-12-17,SKU005,16,13.43566445102671
2025-12-18,SKU005,14,13.619012281996682
2025-12-19,SKU005,12,13.143163364936418
2025-12-20,SKU005,18,16.299473435937262
2025-12-21,SKU005,16,16.617150780634656
2025-12-22,SKU005,21,14.198168704382184
2025-12-23,SKU005,14,14.10176345061808
2025-12-24,SKU005,13,14.101398404606611
2025-12-25,SKU005,18,13.853820223352422
2025-12-26,SKU005,8,14.147795294448258
2025-12-27,SKU005,18,15.106415372088055
2025-12-28,SKU005,16,16.08573888275261
2025-12-29,SKU005,17,15.863581070732348
2025-12-30,SKU005,16,15.81450024163665
2025-12-31,SKU005,17,15.674628551141122
2025-11-02,SKU006,8,6.757684823358207
2025-11-03,SKU006,9,4.519596282039843
2025-11-04,SKU006,2,4.358078722012033
2025-11-05,SKU006,5,4.148484989876202
2025-11-06,SKU006,4,4.589820716216294
2025-11-07,SKU006,7,4.51118228820289
2025-11-08,SKU006,3,6.3285772405700955
2025-11-09,SKU006,9,7.417828970720613
2025-11-10,SKU006,5,4.5805381057542
2025-11-11,SKU006,4,4.325788555683319
2025-11-12,SKU006,4,4.4447661982361595
2025-11-13,SKU006,3,4.520915447483916
2025-11-14,SKU006,5,4.751316686342718
2025-11-15,SKU006,1,7.069863746235475
2025-11-16,SKU006,9,6.279099151638328
2025-11-17,SKU006,6,4.8296413075648195
2025-11-18,SKU006,5,4.612979049351401
2025-11-19,SKU006,5,4.361972925925043
2025-11-20,SKU006,8,4.651213315490703
2025-11-21,SKU006,7,5.0142656874756595
2025-11-22,SKU006,10,7.2308936838996605
2025-11-23,SKU006,4,8.155921005846778
2025-11-24,SKU006,3,5.204995249180223
2025-11-25,SKU006,3,5.09889083533895
2025-11-26,SKU006,7,4.7466687336498214
2025-11-27,SKU006,9,5.398516723028723
2025-11-28,SKU006,8,5.388346210116949
2025-11-29,SKU006,4,7.812217506685159
2025-11-30,SKU006,6,7.3151032020695785
2025-12-01,SKU006,5,6.114937511226822
2025-12-02,SKU006,5,4.986328651420816
2025-12-03,SKU006,7,4.722106546714649
2025-12-04,SKU006,4,5.613854216037594
2025-12-05,SKU006,5,5.599142627427912
2025-12-06,SKU006,5,6.318624827432705
2025-12-07,SKU006,6,5.796805314873502
2025-12-08,SKU006,6,5.74858199827939
2025-12-09,SKU006,9,4.950876858655024
2025-12-10,SKU006,2,4.6212528263383446
2025-12-11,SKU006,5,5.360333003864707
2025-12-12,SKU006,8,5.658735164359326
2025-12-13,SKU006,3,6.44775562151409
2025-12-14,SKU006,8,5.913067333713023
2025-12-15,SKU006,6,6.223571874984459
2025-12-16,SKU006,7,5.941815508550393
2025-12-17,SKU006,4,5.894431585817026
2025-12-18,SKU006,2,6.344286694039698
2025-12-19,SKU006,7,6.630638910139864
2025-12-20,SKU006,5,6.43738618471802
2025-12-21,SKU006,10,5.8702031717704815
2025-12-22,SKU006,4,6.331471912560313
2025-12-23,SKU006,6,5.563963269802895
2025-12-24,SKU006,11,5.017285301538953
2025-12-25,SKU006,5,6.7820573054710245
2025-12-26,SKU006,4,6.481213155783637
2025-12-27,SKU006,8,6.603086620369512
2025-12-28,SKU006,5,6.4013404620315955
2025-12-29,SKU006,6,6.733682241728072
2025-12-30,SKU006,6,6.968547450767159
2025-12-31,SKU006,8,6.774248745301017
2025-11-02,SKU007,28,31.292572311454574
2025-11-03,SKU007,20,19.646007275592684
2025-11-04,SKU007,20,19.59837862651729
2025-11-05,SKU007,22,19.928498073714092
2025-11-06,SKU007,19,19.400518784685083
2025-11-07,SKU007,14,19.390746837667358
2025-11-08,SKU007,25,31.276087984151115
2025-11-09,SKU007,22,30.664345421761453
2025-11-10,SKU007,12,19.738558672671246
2025-11-11,SKU007,21,19.034572850232234
2025-11-12,SKU007,16,18.776481484204577
2025-11-13,SKU007,14,18.500648368662304
2025-11-14,SKU007,10,18.536542579751448
2025-11-15,SKU007,23,30.44570984469996
2025-11-16,SKU007,35,29.079418007520406
2025-11-17,SKU007,14,18.502400364194184
2025-11-18,SKU007,28,17.947947536410016
2025-11-19,SKU007,24,18.16386924397433
2025-11-20,SKU007,13,17.671825959076656
2025-11-21,SKU007,18,18.170079865357266
2025-11-22,SKU007,31,27.303071152025236
2025-11-23,SKU007,29,27.738254557746444
2025-11-24,SKU007,28,18.720245290824344
2025-11-25,SKU007,24,20.232540450777805
2025-11-26,SKU007,20,20.53698518023697
2025-11-27,SKU007,20,19.837114189085494
2025-11-28,SKU007,27,20.244479867388417
2025-11-29,SKU007,29,28.610862761499273
2025-11-30,SKU007,33,30.769377087159995
2025-12-01,SKU007,30,22.207770281900306
2025-12-02,SKU007,17,21.61417631528119
2025-12-03,SKU007,10,21.092987559123657
2025-12-04,SKU007,22,19.92899495134761
2025-12-05,SKU007,20,20.934269775068397
2025-12-06,SKU007,26,23.353424792175325
2025-12-07,SKU007,20,23.627435272763677
2025-12-08,SKU007,21,21.26458261741059
2025-12-09,SKU007,18,20.838229801756793
2025-12-10,SKU007,17,21.263160766632563
2025-12-11,SKU007,28,20.540301391363982
2025-12-12,SKU007,23,21.45252036225119
2025-12-13,SKU007,18,24.031712206219236
2025-12-14,SKU007,29,24.81279228971886
2025-12-15,SKU007,23,21.3156627784804
2025-12-16,SKU007,21,21.060166563513903
2025-12-17,SKU007,18,21.831134474803218
2025-12-18,SKU007,30,21.33919736436699
2025-12-19,SKU007,16,21.436351055884103
2025-12-20,SKU007,19,24.70019432550034
2025-12-21,SKU007,22,24.202760054905884
2025-12-22,SKU007,29,21.171347385320843
2025-12-23,SKU007,24,21.36854855751941
2025-12-24,SKU007,22,21.24193759973921
2025-12-25,SKU007,21,21.654481522519504
2025-12-26,SKU007,13,21.649021619301706
2025-12-27,SKU007,23,23.994191587985405
2025-12-28,SKU007,29,24.517805249097105
2025-12-29,SKU007,21,23.5254976698454
2025-12-30,SKU007,30,23.17912447177611
2025-12-31,SKU007,17,23.47407397410136
2025-11-02,SKU008,23,17.960089154585436
2025-11-03,SKU008,22,13.609250527994364
2025-11-04,SKU008,14,12.864577834499098
2025-11-05,SKU008,11,13.551649758844427
2025-11-06,SKU008,15,13.202398577042226
2025-11-07,SKU008,10,13.533241783447222
2025-11-08,SKU008,18,18.338785742218757
2025-11-09,SKU008,22,18.396604872948327
2025-11-10,SKU008,9,13.8276522615739
2025-11-11,SKU008,14,12.65797330874613
2025-11-12,SKU008,9,12.712876262207121
2025-11-13,SKU008,9,12.349753001126157
2025-11-14,SKU008,15,12.558949797498222
2025-11-15,SKU008,16,17.423208103023736
2025-11-16,SKU008,22,16.92642042396671
2025-11-17,SKU008,16,12.941997469457071
2025-11-18,SKU008,12,12.173178837098444
2025-11-19,SKU008,11,12.665594796966882
2025-11-20,SKU008,11,12.268283070735809
2025-11-21,SKU008,8,12.50829590171194
2025-11-22,SKU008,19,17.212120980124674
2025-11-23,SKU008,14,16.30319978904471
2025-11-24,SKU008,19,12.61508927071123
2025-11-25,SKU008,15,12.349031346982152
2025-11-26,SKU008,15,12.909791773354723
2025-11-27,SKU008,9,12.822191570774686
2025-11-28,SKU008,19,13.109291152310071
2025-11-29,SKU008,13,19.493586050804137
2025-11-30,SKU008,27,19.267471948922548
2025-12-01,SKU008,19,14.470895100829724
2025-12-02,SKU008,12,14.29476884820861
2025-12-03,SKU008,12,13.954517516722552
2025-12-04,SKU008,10,14.082124612762106
2025-12-05,SKU008,12,14.09952424996696
2025-12-06,SKU008,20,16.605787701424177
2025-12-07,SKU008,12,16.503926050000047
2025-12-08,SKU008,17,12.972540766270738
2025-12-09,SKU008,20,13.38357296508482
2025-12-10,SKU008,12,13.482180330642903
2025-12-11,SKU008,15,13.512184831981218
2025-12-12,SKU008,18,13.165383772935895
2025-12-13,SKU008,12,15.653206826927343
2025-12-14,SKU008,18,15.940143542736077
2025-12-15,SKU008,16,14.302655035019095
2025-12-16,SKU008,19,14.428707115428148
2025-12-17,SKU008,12,14.296885272594993
2025-12-18,SKU008,15,13.949935106585633
2025-12-19,SKU008,13,14.399015596542661
2025-12-20,SKU008,9,16.457839581675856
2025-12-21,SKU008,16,15.417922521282202
2025-12-22,SKU008,14,14.095232068207403
2025-12-23,SKU008,11,14.038994758454002
2025-12-24,SKU008,13,12.694318057162214
2025-12-25,SKU008,14,12.937811897394626
2025-12-26,SKU008,17,13.142193883243934
2025-12-27,SKU008,13,15.37867202137895
2025-12-28,SKU008,23,17.035805491961643
2025-12-29,SKU008,13,15.47431212552089
2025-12-30,SKU008,12,15.22131311404739
2025-12-31,SKU008,11,14.937418787751152
2025-11-02,SKU009,21,11.930439592791485
2025-11-03,SKU009,7,7.958171419042168
2025-11-04,SKU009,7,8.363340024187854
2025-11-05,SKU009,13,8.384527535564523
2025-11-06,SKU009,6,9.085057130795741
2025-11-07,SKU009,4,8.018932671709353
2025-11-08,SKU009,8,10.359898988693956
2025-11-09,SKU009,10,11.261665836113323
2025-11-10,SKU009,8,8.062435052540417
2025-11-11,SKU009,9,8.154532834113622
2025-11-12,SKU009,10,8.530993864213547
2025-11-13,SKU009,1,8.035446861032371
2025-11-14,SKU009,12,8.217363875536995
2025-11-15,SKU009,8,10.381367948383787
2025-11-16,SKU009,14,9.437075258540878
2025-11-17,SKU009,8,7.782126544585545
2025-11-18,SKU009,10,7.799518907118698
2025-11-19,SKU009,8,7.82884012510237
2025-11-20,SKU009,4,8.264496383755855
2025-11-21,SKU009,10,8.071994757825728
2025-11-22,SKU009,12,10.435902396060449
2025-11-23,SKU009,11,10.595928800217928
2025-11-24,SKU009,5,7.565055072123582
2025-11-25,SKU009,11,7.905110681322468
2025-11-26,SKU009,10,7.6040760516337444
2025-11-27,SKU009,10,7.866124454369125
2025-11-28,SKU009,7,7.636006221491117
2025-11-29,SKU009,12,13.606315764338817
2025-11-30,SKU009,11,13.678118799034023
2025-12-01,SKU009,8,8.517094883667196
2025-12-02,SKU009,10,9.075877869249968
2025-12-03,SKU009,7,8.667402238040168
2025-12-04,SKU009,13,8.678949529004694
2025-12-05,SKU009,10,8.290203426215484
2025-12-06,SKU009,11,10.1852017924803
2025-12-07,SKU009,18,10.285105418317212
2025-12-08,SKU009,4,9.100287190628533
2025-12-09,SKU009,16,8.77703930247839
2025-12-10,SKU009,10,9.188233847963824
2025-12-11,SKU009,14,9.563738122849472
2025-12-12,SKU009,12,9.318814126865373
2025-12-13,SKU009,13,11.681587048775627
2025-12-14,SKU009,13,10.867640546401748
2025-12-15,SKU009,9,9.452335670272353
2025-12-16,SKU009,8,9.195214331517635
2025-12-17,SKU009,13,9.607063664303343
2025-12-18,SKU009,8,9.730079001464084
2025-12-19,SKU009,8,9.229627691290373
2025-12-20,SKU009,11,11.808310603224326
2025-12-21,SKU009,12,11.621931588772094
2025-12-22,SKU009,10,10.710041532960354
2025-12-23,SKU009,12,10.331579388076314
2025-12-24,SKU009,7,10.124378263144752
2025-12-25,SKU009,9,11.193130768121126
2025-12-26,SKU009,13,10.220444278046088
2025-12-27,SKU009,11,12.007292184147511
2025-12-28,SKU009,15,12.424161191114
2025-12-29,SKU009,9,11.777754716083063
2025-12-30,SKU009,5,11.919375618136682
2025-12-31,SKU009,7,11.589128999541428
2025-11-02,SKU010,20,18.951773664887334
2025-11-03,SKU010,15,13.238902649863192
2025-11-04,SKU010,12,13.944282768587739
2025-11-05,SKU010,9,13.291718795191926
2025-11-06,SKU010,15,12.901517380627068
2025-11-07,SKU010,9,12.329881386331763
2025-11-08,SKU010,15,19.570324265121684
2025-11-09,SKU010,16,19.580676602810467
2025-11-10,SKU010,7,12.665986499964168
2025-11-11,SKU010,17,12.585182236542385
2025-11-12,SKU010,11,13.82231911280006
2025-11-13,SKU010,17,13.304961547865405
2025-11-14,SKU010,10,13.47944116204864
2025-11-15,SKU010,20,20.08684865701457
2025-11-16,SKU010,23,19.561552588212656
2025-11-17,SKU010,12,14.833092856418999
2025-11-18,SKU010,11,13.627499883691664
2025-11-19,SKU010,19,14.218997159262749
2025-11-20,SKU010,11,13.68317478046971
2025-11-21,SKU010,7,13.471373756838764
2025-11-22,SKU010,26,19.92385647391083
2025-11-23,SKU010,16,20.140881710390005
2025-11-24,SKU010,8,13.591272298449763
2025-11-25,SKU010,18,13.425980352493154
2025-11-26,SKU010,11,13.594872309469856
2025-11-27,SKU010,12,14.07500210716472
2025-11-28,SKU010,14,14.129736838181046
2025-11-29,SKU010,17,20.07411935155929
2025-11-30,SKU010,24,18.6589269089307
2025-12-01,SKU010,7,13.805699200422703
2025-12-02,SKU010,14,13.748025170281378
2025-12-03,SKU010,24,13.436002571536198
2025-12-04,SKU010,18,14.053291095933812
2025-12-05,SKU010,20,13.95240693913439
2025-12-06,SKU010,18,14.621268040052511
2025-12-07,SKU010,25,15.187544784247928
2025-12-08,SKU010,12,14.566861781704713
2025-12-09,SKU010,15,14.49660149315383
2025-12-10,SKU010,17,15.38130279901902
2025-12-11,SKU010,16,14.4759521342087
2025-12-12,SKU010,8,14.402361027177605
2025-12-13,SKU010,20,15.733306745201997
2025-12-14,SKU010,20,14.244840121632356
2025-12-15,SKU010,14,14.47066000245244
2025-12-16,SKU010,8,14.43286956237708
2025-12-17,SKU010,15,14.858957552299836
2025-12-18,SKU010,16,14.409829205642968
2025-12-19,SKU010,7,14.835461882475302
2025-12-20,SKU010,19,16.049307150629396
2025-12-21,SKU010,23,13.688957325928259
2025-12-22,SKU010,10,14.146657508366419
2025-12-23,SKU010,13,14.074580253418144
2025-12-24,SKU010,20,14.044693391017027
2025-12-25,SKU010,11,14.33322884843102
2025-12-26,SKU010,13,14.218409224908482
2025-12-27,SKU010,19,16.110564397019246
2025-12-28,SKU010,16,15.934169706949953
2025-12-29,SKU010,18,15.87962602633198
2025-12-30,SKU010,11,16.008044266549124
2025-12-31,SKU010,18,16.309528532435742
2025-11-02,SKU011,2,3.4365207733864
2025-11-03,SKU011,1,2.3313706142846953
2025-11-04,SKU011,3,2.254698916319196
2025-11-05,SKU011,2,2.5393468696836177
2025-11-06,SKU011,2,2.3660664402680505
2025-11-07,SKU011,7,2.5430982008807557
2025-11-08,SKU011,2,2.823556049962853
2025-11-09,SKU011,2,3.2188481717277733
2025-11-10,SKU011,3,2.238491783675503
2025-11-11,SKU011,2,2.4493560222386033
2025-11-12,SKU011,3,2.3970466390922054
2025-11-13,SKU011,4,2.4772296215707823
2025-11-14,SKU011,5,2.5978551360334476
2025-11-15,SKU011,6,3.2371606523266148
2025-11-16,SKU011,2,3.354596081882211
2025-11-17,SKU011,1,2.2594695425038385
2025-11-18,SKU011,2,2.016254772751407
2025-11-19,SKU011,2,2.2853827019636666
2025-11-20,SKU011,0,2.1588209530945166
2025-11-21,SKU011,0,2.1313474112268183
2025-11-22,SKU011,3,5.001535640747017
2025-11-23,SKU011,1,6.048181910517583
2025-11-24,SKU011,1,2.251450378594089
2025-11-25,SKU011,1,2.4413923232334924
2025-11-26,SKU011,2,2.3855099869987475
2025-11-27,SKU011,1,2.514770732619593
2025-11-28,SKU011,2,2.5528264542191983
2025-11-29,SKU011,6,3.587558214861652
2025-11-30,SKU011,2,4.076016723605202
2025-12-01,SKU011,4,2.6572012098735094
2025-12-02,SKU011,3,2.706394498293008
2025-12-03,SKU011,6,2.6810613994238874
2025-12-04,SKU011,0,2.0962228388083686
2025-12-05,SKU011,2,2.575144451958449
2025-12-06,SKU011,2,2.8170811956847563
2025-12-07,SKU011,0,2.830839543267221
2025-12-08,SKU011,3,2.459714368830154
2025-12-09,SKU011,1,2.671702786494541
2025-12-10,SKU011,3,2.430790947641371
2025-12-11,SKU011,6,2.695185531767074
2025-12-12,SKU011,3,2.578150041034371
2025-12-13,SKU011,2,2.684736243376538
2025-12-14,SKU011,5,2.5894445373553596
2025-12-15,SKU011,3,2.6087279725628907
2025-12-16,SKU011,2,2.6218019579056433
2025-12-17,SKU011,5,2.6822264090329595
2025-12-18,SKU011,3,2.4354871735427754
2025-12-19,SKU011,1,2.721460607962994
2025-12-20,SKU011,2,2.785085343359414
2025-12-21,SKU011,2,2.8135141619989765
2025-12-22,SKU011,1,2.572752232728758
2025-12-23,SKU011,0,2.3658638880160456
2025-12-24,SKU011,5,2.4530093933259223
2025-12-25,SKU011,5,2.2644808346689436
2025-12-26,SKU011,5,2.3438915950257084
2025-12-27,SKU011,3,2.653873952639972
2025-12-28,SKU011,3,2.618456463275131
2025-12-29,SKU011,1,2.3789315454976183
2025-12-30,SKU011,0,2.088654379495543
2025-12-31,SKU011,2,2.5084862904065797
2025-11-02,SKU012,37,27.165431726346924
2025-11-03,SKU012,13,18.68113482285598
2025-11-04,SKU012,22,18.613666512406567
2025-11-05,SKU012,20,18.488619657809966
2025-11-06,SKU012,23,18.599756642287034
2025-11-07,SKU012,11,18.03690416591098
2025-11-08,SKU012,35,28.12269967981544
2025-11-09,SKU012,31,32.84599164672804
2025-11-10,SKU012,24,19.040875976577443
2025-11-11,SKU012,30,18.868683686366595
2025-11-12,SKU012,23,19.99328033848657
2025-11-13,SKU012,6,20.10167939807391
2025-11-14,SKU012,20,18.530386954946437
2025-11-15,SKU012,26,28.481009377248743
2025-11-16,SKU012,34,30.826847387173792
2025-11-17,SKU012,18,20.27494475854256
2025-11-18,SKU012,13,19.11944512521983
2025-11-19,SKU012,13,19.697383133265404
2025-11-20,SKU012,28,18.922144038088092
2025-11-21,SKU012,14,20.33404428564501
2025-11-22,SKU012,33,29.59402793651741
2025-11-23,SKU012,36,28.828999057236977
2025-11-24,SKU012,18,20.52228951466231
2025-11-25,SKU012,20,20.78335539411728
2025-11-26,SKU012,23,20.851481463569993
2025-11-27,SKU012,19,20.612346412461875
2025-11-28,SKU012,25,20.894025031854444
2025-11-29,SKU012,31,30.961546324398082
2025-11-30,SKU012,25,31.849571754883808
2025-12-01,SKU012,23,20.801622372293842
2025-12-02,SKU012,23,20.746428634518292
2025-12-03,SKU012,22,21.45123667089897
2025-12-04,SKU012,24,20.96736249651919
2025-12-05,SKU012,27,21.006384143767182
2025-12-06,SKU012,22,24.129336470441462
2025-12-07,SKU012,26,23.67787140996768
2025-12-08,SKU012,24,21.16573256117525
2025-12-09,SKU012,20,21.284254851692356
2025-12-10,SKU012,17,21.400458543996947
2025-12-11,SKU012,16,20.766440704888076
2025-12-12,SKU012,13,21.00892876195643
2025-12-13,SKU012,32,25.644632702621575
2025-12-14,SKU012,33,24.82832475265145
2025-12-15,SKU012,18,21.044217706622838
2025-12-16,SKU012,28,20.963973707718196
2025-12-17,SKU012,18,21.55175161422336
2025-12-18,SKU012,19,21.06547445835939
2025-12-19,SKU012,29,21.250157462165053
2025-12-20,SKU012,32,26.544587523183377
2025-12-21,SKU012,27,25.751314806303295
2025-12-22,SKU012,24,21.796738910306317
2025-12-23,SKU012,19,21.308146418764927
2025-12-24,SKU012,17,21.19848706632326
2025-12-25,SKU012,28,21.169734856539137
2025-12-26,SKU012,21,21.477800872670763
2025-12-27,SKU012,16,25.651494877280474
2025-12-28,SKU012,25,26.101882024049274
2025-12-29,SKU012,19,23.49156178562146
2025-12-30,SKU012,26,23.944423848078735
2025-12-31,SKU012,26,22.968850304501704
2025-11-02,SKU013,19,14.0909489953343
2025-11-03,SKU013,10,9.96716445781048
2025-11-04,SKU013,8,9.959033087779579
2025-11-05,SKU013,11,9.873500321182792
2025-11-06,SKU013,13,8.723342650949943
2025-11-07,SKU013,13,8.46943043483639
2025-11-08,SKU013,15,14.252593448369698
2025-11-09,SKU013,14,13.986469634989255
2025-11-10,SKU013,12,9.946399912923614
2025-11-11,SKU013,11,9.582638974078526
2025-11-12,SKU013,14,9.81551532498999
2025-11-13,SKU013,15,10.583936808230288
2025-11-14,SKU013,6,10.883351106644273
2025-11-15,SKU013,18,14.383959593653255
2025-11-16,SKU013,13,14.458899356936547
2025-11-17,SKU013,12,11.108726474834985
2025-11-18,SKU013,8,10.974505534321793
2025-11-19,SKU013,10,10.975435207178421
2025-11-20,SKU013,11,10.761150401435431
2025-11-21,SKU013,11,10.108113293323273
2025-11-22,SKU013,18,15.494490283471285
2025-11-23,SKU013,10,16.272057741984888
2025-11-24,SKU013,16,11.31788696305123
2025-11-25,SKU013,15,10.854389280363385
2025-11-26,SKU013,15,11.311826595591988
2025-11-27,SKU013,7,11.583840976645416
2025-11-28,SKU013,6,11.60130346253397
2025-11-29,SKU013,14,15.178843212286587
2025-11-30,SKU013,22,14.77670151899583
2025-12-01,SKU013,5,11.55952452790525
2025-12-02,SKU013,10,11.42092817432546
2025-12-03,SKU013,12,11.680332140201624
2025-12-04,SKU013,15,10.952902396331924
2025-12-05,SKU013,14,10.971921860271737
2025-12-06,SKU013,9,13.205652359551385
2025-12-07,SKU013,13,13.516996307480085
2025-12-08,SKU013,8,11.185883263092922
2025-12-09,SKU013,10,11.5389042376062
2025-12-10,SKU013,21,11.579103468430537
2025-12-11,SKU013,8,11.49389655305123
2025-12-12,SKU013,18,11.565518601575448
2025-12-13,SKU013,21,13.645730322029678
2025-12-14,SKU013,21,14.907651397667028
2025-12-15,SKU013,14,11.625263607855652
2025-12-16,SKU013,14,11.975866233894356
2025-12-17,SKU013,16,11.905508855044967
2025-12-18,SKU013,9,11.964307409779348
2025-12-19,SKU013,13,12.181949203500114
2025-12-20,SKU013,18,14.94505573701327
2025-12-21,SKU013,12,14.736926217712323
2025-12-22,SKU013,12,12.694299219289631
2025-12-23,SKU013,8,12.300508852677945
2025-12-24,SKU013,8,11.763284851121648
2025-12-25,SKU013,7,11.87500922481
2025-12-26,SKU013,7,11.523463691259822
2025-12-27,SKU013,17,15.330451469104059
2025-12-28,SKU013,12,15.604176104732348
2025-12-29,SKU013,7,12.99879047380729
2025-12-30,SKU013,9,13.149986697830897
2025-12-31,SKU013,11,12.086816849421384
2025-11-02,SKU014,16,24.252613954793382
2025-11-03,SKU014,13,17.716601685122836
2025-11-04,SKU014,19,17.189912051061004
2025-11-05,SKU014,11,17.070921216687726
2025-11-06,SKU014,13,16.377539698026954
2025-11-07,SKU014,18,15.904612669231687
2025-11-08,SKU014,18,23.728083033107477
2025-11-09,SKU014,25,23.207093812843308
2025-11-10,SKU014,16,17.609554290804684
2025-11-11,SKU014,17,16.12390752459644
2025-11-12,SKU014,13,16.918405764385383
2025-11-13,SKU014,21,16.221130071884737
2025-11-14,SKU014,16,16.809677673310368
2025-11-15,SKU014,24,24.076525425472404
2025-11-16,SKU014,23,25.358544071086918
2025-11-17,SKU014,25,17.24331317443613
2025-11-18,SKU014,11,18.37479951157957
2025-11-19,SKU014,18,17.383860563423895
2025-11-20,SKU014,19,17.857434648330045
2025-11-21,SKU014,10,17.770103573994515
2025-11-22,SKU014,29,24.69044814923244
2025-11-23,SKU014,18,23.822769306494937
2025-11-24,SKU014,14,17.513002122771113
2025-11-25,SKU014,17,17.347573053367498
2025-11-26,SKU014,23,17.414953702737353
2025-11-27,SKU014,18,17.265643678097558
2025-11-28,SKU014,21,17.868403862262983
2025-11-29,SKU014,22,24.44969219527325
2025-11-30,SKU014,36,24.54307676841242
2025-12-01,SKU014,16,18.152355369503745
2025-12-02,SKU014,20,18.10613990320802
2025-12-03,SKU014,11,18.54885969862368
2025-12-04,SKU014,15,17.798421887494886
2025-12-05,SKU014,23,18.66257110507398
2025-12-06,SKU014,20,21.363539640319395
2025-12-07,SKU014,19,21.112146331336536
2025-12-08,SKU014,14,18.463164475953466
2025-12-09,SKU014,16,18.416719965361636
2025-12-10,SKU014,15,17.707065216739796
2025-12-11,SKU014,24,17.833359467348174
2025-12-12,SKU014,20,18.11028564506841
2025-12-13,SKU014,21,20.991862466413895
2025-12-14,SKU014,27,21.36858128295502
2025-12-15,SKU014,26,18.017955918653794
2025-12-16,SKU014,12,17.814077762560903
2025-12-17,SKU014,9,18.953672351712523
2025-12-18,SKU014,14,18.119495403867404
2025-12-19,SKU014,16,18.321182887107604
2025-12-20,SKU014,23,21.814183568977718
2025-12-21,SKU014,16,20.879817208686728
2025-12-22,SKU014,22,18.418520031003563
2025-12-23,SKU014,19,19.05135288381621
2025-12-24,SKU014,15,19.247666907863067
2025-12-25,SKU014,12,18.693234856166487
2025-12-26,SKU014,16,18.156998978477063
2025-12-27,SKU014,20,22.141484531408423
2025-12-28,SKU014,18,21.027482023383435
2025-12-29,SKU014,11,18.4262456855584
2025-12-30,SKU014,18,18.356415894161692
2025-12-31,SKU014,22,16.91450756876554
2025-11-02,SKU015,4,3.287831529652791
2025-11-03,SKU015,0,2.7357144472129376
2025-11-04,SKU015,2,2.3344678449339837
2025-11-05,SKU015,0,2.506806580410488
2025-11-06,SKU015,2,2.4523221222382166
2025-11-07,SKU015,2,2.5252090416564354
2025-11-08,SKU015,4,2.9357501067490226
2025-11-09,SKU015,3,2.8971959448656497
2025-11-10,SKU015,1,2.4621005239285654
2025-11-11,SKU015,3,2.287466382270962
2025-11-12,SKU015,4,2.522264569304102
2025-11-13,SKU015,4,2.521991581063785
2025-11-14,SKU015,7,2.5185365588362685
2025-11-15,SKU015,1,2.9560248355351906
2025-11-16,SKU015,4,2.8329033038025018
2025-11-17,SKU015,8,2.365629262235312
2025-11-18,SKU015,3,2.8079672763935934
2025-11-19,SKU015,2,2.442743111573707
2025-11-20,SKU015,3,2.384706206275148
2025-11-21,SKU015,1,2.7643295294690113
2025-11-22,SKU015,4,4.9770895514644495
2025-11-23,SKU015,3,5.514172719156511
2025-11-24,SKU015,1,2.732814605839959
2025-11-25,SKU015,2,2.241117817063211
2025-11-26,SKU015,4,2.2093052837278
2025-11-27,SKU015,8,2.261858899320077
2025-11-28,SKU015,2,2.244912554514348
2025-11-29,SKU015,9,3.7274851439782024
2025-11-30,SKU015,5,3.982512400400448
2025-12-01,SKU015,2,4.2271512966783185
2025-12-02,SKU015,2,2.997204157952627
2025-12-03,SKU015,5,2.881262120137168
2025-12-04,SKU015,3,3.7777996264122815
2025-12-05,SKU015,5,4.5401607276521245
2025-12-06,SKU015,2,4.191423392856325
2025-12-07,SKU015,3,4.298596212574444
2025-12-08,SKU015,3,4.180642792502991
2025-12-09,SKU015,2,3.71556302101841
2025-12-10,SKU015,7,3.784500614957891
2025-12-11,SKU015,5,3.6511357897833516
2025-12-12,SKU015,4,3.7316498206385234
2025-12-13,SKU015,7,3.6220604166940777
2025-12-14,SKU015,3,3.74313868273003
2025-12-15,SKU015,3,3.613184911235101
2025-12-16,SKU015,1,3.5744585472682604
2025-12-17,SKU015,4,3.5158868487261503
2025-12-18,SKU015,4,3.844771182531554
2025-12-19,SKU015,1,3.9578347512111525
2025-12-20,SKU015,7,4.755207191389991
2025-12-21,SKU015,1,3.728119888907125
2025-12-22,SKU015,2,4.174732023831968
2025-12-23,SKU015,3,4.369149813974988
2025-12-24,SKU015,4,4.131013457101178
2025-12-25,SKU015,4,4.256411609825371
2025-12-26,SKU015,6,4.356380703466701
2025-12-27,SKU015,3,4.17941486746481
2025-12-28,SKU015,5,4.209202915408479
2025-12-29,SKU015,2,4.562153357521279
2025-12-30,SKU015,1,4.722631531105815
2025-12-31,SKU015,4,5.0536583731783296
2025-11-02,SKU016,25,14.77903632481087
2025-11-03,SKU016,9,10.994535258057159
2025-11-04,SKU016,10,11.120137111349568
2025-11-05,SKU016,15,11.192440164333016
2025-11-06,SKU016,12,11.24477471562966
2025-11-07,SKU016,10,11.278402062296845
2025-11-08,SKU016,17,16.739167521093993
2025-11-09,SKU016,19,16.257755219399144
2025-11-10,SKU016,9,11.215818258380978
2025-11-11,SKU016,11,11.258719718709363
2025-11-12,SKU016,14,11.543924760754884
2025-11-13,SKU016,13,11.622377557437908
2025-11-14,SKU016,12,11.552960037314408
2025-11-15,SKU016,16,16.623945606804398
2025-11-16,SKU016,20,16.55134423878827
2025-11-17,SKU016,7,11.44829845574204
2025-11-18,SKU016,11,11.368479967534277
2025-11-19,SKU016,10,11.551247715200905
2025-11-20,SKU016,10,11.42426486480268
2025-11-21,SKU016,14,11.694355707970201
2025-11-22,SKU016,14,16.91575870013626
2025-11-23,SKU016,9,16.676458273338586
2025-11-24,SKU016,10,11.604842391946455
2025-11-25,SKU016,9,12.021868897003346
2025-11-26,SKU016,10,11.805227999578763
2025-11-27,SKU016,8,11.949721066622878
2025-11-28,SKU016,11,12.38852984812106
2025-11-29,SKU016,9,16.658653142607722
2025-11-30,SKU016,14,16.596424506894053
2025-12-01,SKU016,10,11.18701013779489
2025-12-02,SKU016,8,11.912319913184552
2025-12-03,SKU016,10,11.892610047722346
2025-12-04,SKU016,10,11.819226405563654
2025-12-05,SKU016,12,11.567463019734047
2025-12-06,SKU016,12,12.936663444367136
2025-12-07,SKU016,15,12.937393661883016
2025-12-08,SKU016,12,11.119341165993124
2025-12-09,SKU016,15,11.113017420469035
2025-12-10,SKU016,8,11.348517275029094
2025-12-11,SKU016,8,11.91483880582739
2025-12-12,SKU016,10,11.73510321917247
2025-12-13,SKU016,14,12.574830948366046
2025-12-14,SKU016,11,12.155615658602448
2025-12-15,SKU016,6,11.740999656757117
2025-12-16,SKU016,8,12.343583175428508
2025-12-17,SKU016,10,10.85188592485623
2025-12-18,SKU016,11,11.875642275052671
2025-12-19,SKU016,17,11.144995507106296
2025-12-20,SKU016,11,11.703497517366143
2025-12-21,SKU016,11,11.424330649772513
2025-12-22,SKU016,16,11.294744778228768
2025-12-23,SKU016,13,11.570901979263525
2025-12-24,SKU016,14,11.769395752886625
2025-12-25,SKU016,18,11.989736874972065
2025-12-26,SKU016,14,10.884501301936513
2025-12-27,SKU016,13,13.275515572689821
2025-12-28,SKU016,16,12.906655168074295
2025-12-29,SKU016,10,12.594531575680499
2025-12-30,SKU016,15,12.843221318616784
2025-12-31,SKU016,12,12.8074456120852
2025-11-02,SKU017,12,14.092249777961698
2025-11-03,SKU017,12,11.918505464660695
2025-11-04,SKU017,13,11.013804680193108
2025-11-05,SKU017,15,11.040339458949427
2025-11-06,SKU017,12,10.814876325790067
2025-11-07,SKU017,14,11.009476496485682
2025-11-08,SKU017,20,15.758223403153487
2025-11-09,SKU017,17,15.869224580454043
2025-11-10,SKU017,12,11.282968576461622
2025-11-11,SKU017,11,11.207704163284323
2025-11-12,SKU017,8,11.629030742307537
2025-11-13,SKU017,7,11.534519122756096
2025-11-14,SKU017,16,11.46449472754718
2025-11-15,SKU017,14,16.781054476658213
2025-11-16,SKU017,20,16.679908244263498
2025-11-17,SKU017,12,11.328969218811219
2025-11-18,SKU017,10,11.653387388840812
2025-11-19,SKU017,8,11.563656349497073
2025-11-20,SKU017,11,11.28953184681949
2025-11-21,SKU017,10,11.783168754720949
2025-11-22,SKU017,20,16.202778453703637
2025-11-23,SKU017,16,16.03943682508664
2025-11-24,SKU017,11,11.75430313967488
2025-11-25,SKU017,7,11.979507090392765
2025-11-26,SKU017,9,11.673184256355619
2025-11-27,SKU017,17,11.578591784062878
2025-11-28,SKU017,11,11.83850028900764
2025-11-29,SKU017,19,15.538638148242505
2025-11-30,SKU017,16,14.471749481089034
2025-12-01,SKU017,18,11.366931328380392
2025-12-02,SKU017,16,11.682391362094345
2025-12-03,SKU017,12,11.90670937992379
2025-12-04,SKU017,19,11.976881772240331
2025-12-05,SKU017,14,13.184720019736785
2025-12-06,SKU017,16,14.640366637157905
2025-12-07,SKU017,10,14.629956218099169
2025-12-08,SKU017,23,12.788386131518052
2025-12-09,SKU017,11,13.450759359975171
2025-12-10,SKU017,8,11.685097550061927
2025-12-11,SKU017,11,11.770613631034559
2025-12-12,SKU017,16,11.917749253052753
2025-12-13,SKU017,11,14.516459601813859
2025-12-14,SKU017,16,14.511590671478727
2025-12-15,SKU017,6,12.689750524731881
2025-12-16,SKU017,10,11.920974859484692
2025-12-17,SKU017,14,11.94242910854387
2025-12-18,SKU017,11,11.712240707203463
2025-12-19,SKU017,9,11.773515212813864
2025-12-20,SKU017,14,14.914301792352658
2025-12-21,SKU017,17,14.443871827200415
2025-12-22,SKU017,15,12.701826606362099
2025-12-23,SKU017,10,12.315983083996588
2025-12-24,SKU017,11,12.371121992423603
2025-12-25,SKU017,14,12.496556962473408
2025-12-26,SKU017,14,12.609235282060437
2025-12-27,SKU017,13,14.443621773723734
2025-12-28,SKU017,21,14.321289162153857
2025-12-29,SKU017,16,13.461160740779867
2025-12-30,SKU017,15,12.593103976461846
2025-12-31,SKU017,6,13.059941819095124
2025-11-02,SKU018,37,28.00121092334443
2025-11-03,SKU018,16,19.615093780047445
2025-11-04,SKU018,24,19.735686202383594
2025-11-05,SKU018,19,19.1695962273706
2025-11-06,SKU018,20,19.55224736713573
2025-11-07,SKU018,22,19.400895649032954
2025-11-08,SKU018,21,28.38063203063381
2025-11-09,SKU018,35,29.20132081391896
2025-11-10,SKU018,17,19.980599338099637
2025-11-11,SKU018,24,19.852187071004554
2025-11-12,SKU018,22,20.245276959066715
2025-11-13,SKU018,17,19.908687375247222
2025-11-14,SKU018,13,19.999587225079647
2025-11-15,SKU018,19,28.245458643551082
2025-11-16,SKU018,30,30.205214404575717
2025-11-17,SKU018,20,20.34078810598395
2025-11-18,SKU018,21,20.06178068957955
2025-11-19,SKU018,16,20.361818393372896
2025-11-20,SKU018,25,19.787579198506627
2025-11-21,SKU018,18,19.784890490809975
2025-11-22,SKU018,27,26.99103450912428
2025-11-23,SKU018,23,26.212053119907537
2025-11-24,SKU018,18,20.581565629416495
2025-11-25,SKU018,18,20.226251850849913
2025-11-26,SKU018,26,20.22677338057299
2025-11-27,SKU018,19,20.309868838841986
2025-11-28,SKU018,26,20.186433922185742
2025-11-29,SKU018,19,30.403357687148585
2025-11-30,SKU018,26,28.01003118711685
2025-12-01,SKU018,29,21.04836279171109
2025-12-02,SKU018,22,21.56102183187669
2025-12-03,SKU018,20,20.763999967529195
2025-12-04,SKU018,22,20.643223490035126
2025-12-05,SKU018,13,20.77749311738546
2025-12-06,SKU018,22,24.335027407160254
2025-12-07,SKU018,30,24.081535300009456
2025-12-08,SKU018,18,21.366606472055697
2025-12-09,SKU018,22,20.427088735475365
2025-12-10,SKU018,27,20.845591317742386
2025-12-11,SKU018,27,20.905756697707865
2025-12-12,SKU018,27,21.65306589279477
2025-12-13,SKU018,23,24.746196458221437
2025-12-14,SKU018,18,25.01923453352872
2025-12-15,SKU018,20,21.29732453003547
2025-12-16,SKU018,30,21.208446157599266
2025-12-17,SKU018,21,21.86798692210305
2025-12-18,SKU018,24,21.507049283398704
2025-12-19,SKU018,19,21.670156366481514
2025-12-20,SKU018,24,25.395173307192977
2025-12-21,SKU018,22,25.098424288798714
2025-12-22,SKU018,26,21.092811002342966
2025-12-23,SKU018,28,21.78312771988674
2025-12-24,SKU018,19,22.06070224239267
2025-12-25,SKU018,21,21.595777410419142
2025-12-26,SKU018,19,21.130891022567443
2025-12-27,SKU018,20,25.436600921439272
2025-12-28,SKU018,28,25.91574891763774
2025-12-29,SKU018,21,22.47090597925169
2025-12-30,SKU018,11,22.528428807686815
2025-12-31,SKU018,26,24.555049344683074
2025-11-02,SKU019,19,17.103250926097406
2025-11-03,SKU019,16,10.925146518637808
2025-11-04,SKU019,22,11.508880017736447
2025-11-05,SKU019,14,11.90577715399184
2025-11-06,SKU019,6,12.201496798365344
2025-11-07,SKU019,10,11.546695372284992
2025-11-08,SKU019,17,18.656857084713273
2025-11-09,SKU019,18,18.251317508247
2025-11-10,SKU019,10,11.875210689101138
2025-11-11,SKU019,15,12.291153996775138
2025-11-12,SKU019,18,11.733068592992817
2025-11-13,SKU019,14,12.786599776757333
2025-11-14,SKU019,14,12.498429392606257
2025-11-15,SKU019,21,20.72082200210883
2025-11-16,SKU019,20,20.312978428465453
2025-11-17,SKU019,14,13.645175059506384
2025-11-18,SKU019,10,13.167174652063734
2025-11-19,SKU019,13,12.861596189508253
2025-11-20,SKU019,16,12.575867506653
2025-11-21,SKU019,18,12.386013980436012
2025-11-22,SKU019,20,19.5855152373765
2025-11-23,SKU019,19,20.301217333134534
2025-11-24,SKU019,17,13.88523946312497
2025-11-25,SKU019,9,14.20770624409126
2025-11-26,SKU019,9,14.185531590476016
2025-11-27,SKU019,12,13.300361226072264
2025-11-28,SKU019,9,13.887097673535532
2025-11-29,SKU019,16,17.752549379773374
2025-11-30,SKU019,16,19.00739421424407
2025-12-01,SKU019,13,13.25037371719271
2025-12-02,SKU019,9,12.982032918740597
2025-12-03,SKU019,21,13.04327611297806
2025-12-04,SKU019,10,13.458886764930314
2025-12-05,SKU019,19,13.327835594296117
2025-12-06,SKU019,12,16.446705679404662
2025-12-07,SKU019,19,17.00972830496823
2025-12-08,SKU019,8,13.47986770381611
2025-12-09,SKU019,10,13.246440395177894
2025-12-10,SKU019,14,13.856648030995816
2025-12-11,SKU019,20,13.097256598144238
2025-12-12,SKU019,17,13.09415740941455
2025-12-13,SKU019,9,16.572338477835515
2025-12-14,SKU019,18,16.365518186939504
2025-12-15,SKU019,16,13.570873267153486
2025-12-16,SKU019,17,13.47596018558368
2025-12-17,SKU019,15,14.061492506984704
2025-12-18,SKU019,14,13.883820657231858
2025-12-19,SKU019,15,13.149142475646464
2025-12-20,SKU019,17,16.055607139721335
2025-12-21,SKU019,13,16.748224438169043
2025-12-22,SKU019,13,13.211193603514856
2025-12-23,SKU019,21,13.882785125118103
2025-12-24,SKU019,12,13.779671584401202
2025-12-25,SKU019,13,13.64332758804524
2025-12-26,SKU019,16,13.237362957128845
2025-12-27,SKU019,11,17.067241541746142
2025-12-28,SKU019,18,16.342235955184144
2025-12-29,SKU019,17,14.408016869362802
2025-12-30,SKU019,9,15.327977157044632
2025-12-31,SKU019,14,14.752830111504238
2025-11-02,SKU020,17,17.084812494224607
2025-11-03,SKU020,8,12.11252743147394
2025-11-04,SKU020,5,11.139650701800594
2025-11-05,SKU020,8,11.472239726204187
2025-11-06,SKU020,15,11.504045771164272
2025-11-07,SKU020,10,11.36748328366967
2025-11-08,SKU020,16,17.071399197334994
2025-11-09,SKU020,16,16.080037030173333
2025-11-10,SKU020,13,11.85847757193554
2025-11-11,SKU020,12,10.852400876652903
2025-11-12,SKU020,15,10.895537536306861
2025-11-13,SKU020,11,11.359901120886589
2025-11-14,SKU020,7,11.690286206405831
2025-11-15,SKU020,18,16.616631354661454
2025-11-16,SKU020,16,16.65274341393758
2025-11-17,SKU020,13,11.401019450349573
2025-11-18,SKU020,12,11.455660088641551
2025-11-19,SKU020,9,11.50228152129778
2025-11-20,SKU020,9,11.596759708289012
2025-11-21,SKU020,8,11.293686268801826
2025-11-22,SKU020,9,17.162781324700248
2025-11-23,SKU020,21,15.87292279262732
2025-11-24,SKU020,12,11.767178552113128
2025-11-25,SKU020,15,11.92101272982041
2025-11-26,SKU020,15,11.656790588126853
2025-11-27,SKU020,14,11.718876737626374
2025-11-28,SKU020,5,11.650464774737259
2025-11-29,SKU020,19,16.558921643830026
2025-11-30,SKU020,17,16.90610264342998
2025-12-01,SKU020,10,11.505718500978555
2025-12-02,SKU020,12,11.535470972012849
2025-12-03,SKU020,17,11.426907509768311
2025-12-04,SKU020,15,11.418360417077754
2025-12-05,SKU020,10,11.052769396709223
2025-12-06,SKU020,12,13.469891394220037
2025-12-07,SKU020,9,13.778435456942496
2025-12-08,SKU020,13,11.476213568270243
2025-12-09,SKU020,12,11.528938388699157
2025-12-10,SKU020,6,11.66649838841642
2025-12-11,SKU020,13,11.814425598220621
2025-12-12,SKU020,11,11.57273332092083
2025-12-13,SKU020,14,14.26437637532688
2025-12-14,SKU020,13,14.323846164237757
2025-12-15,SKU020,10,11.600295137247326
2025-12-16,SKU020,3,11.50719835053581
2025-12-17,SKU020,14,11.688784197039249
2025-12-18,SKU020,6,11.549103444053209
2025-12-19,SKU020,13,11.850165050432558
2025-12-20,SKU020,14,13.013809183344781
2025-12-21,SKU020,14,13.160311152942766
2025-12-22,SKU020,14,11.700593555462143
2025-12-23,SKU020,17,11.734423845502436
2025-12-24,SKU020,12,11.30198115348562
2025-12-25,SKU020,14,11.45794910752232
2025-12-26,SKU020,18,11.384585571116741
2025-12-27,SKU020,13,13.519642866119293
2025-12-28,SKU020,11,15.18758690222341
2025-12-29,SKU020,15,12.399673333966996
2025-12-30,SKU020,11,12.474625189357093
2025-12-31,SKU020,17,12.810767187639367
2025-11-02,SKU021,10,9.592693914841016
2025-11-03,SKU021,2,7.225198054807855
2025-11-04,SKU021,4,6.930762705443364
2025-11-05,SKU021,4,7.113991419105654
2025-11-06,SKU021,10,7.245578286964316
2025-11-07,SKU021,10,7.329197024741474
2025-11-08,SKU021,9,9.509144925270409
2025-11-09,SKU021,7,10.430108225085148
2025-11-10,SKU021,6,7.505320067675911
2025-11-11,SKU021,7,7.3691956507976615
2025-11-12,SKU021,4,7.193951406556456
2025-11-13,SKU021,7,7.351994829988244
2025-11-14,SKU021,8,7.611330674688771
2025-11-15,SKU021,10,8.754746462945477
2025-11-16,SKU021,3,10.048107319051526
2025-11-17,SKU021,7,7.161374284272961
2025-11-18,SKU021,7,7.187706390850549
2025-11-19,SKU021,9,6.883938820528804
2025-11-20,SKU021,6,7.077776178944097
2025-11-21,SKU021,3,7.195740124535872
2025-11-22,SKU021,3,7.552612869750049
2025-11-23,SKU021,8,8.762901909060965
2025-11-24,SKU021,8,6.4317394060629525
2025-11-25,SKU021,9,6.200558104842141
2025-11-26,SKU021,9,7.133154835991097
2025-11-27,SKU021,2,7.067389280642769
2025-11-28,SKU021,4,6.055381793876263
2025-11-29,SKU021,10,8.849278331603344
2025-11-30,SKU021,5,9.307947608541493
2025-12-01,SKU021,5,7.671930315315351
2025-12-02,SKU021,6,6.8570472203540795
2025-12-03,SKU021,10,5.562932322747051
2025-12-04,SKU021,9,6.811351840939328
2025-12-05,SKU021,8,7.12835310304966
2025-12-06,SKU021,6,8.261619352501373
2025-12-07,SKU021,8,7.296525849223301
2025-12-08,SKU021,11,6.810695275883574
2025-12-09,SKU021,5,6.282414953529619
2025-12-10,SKU021,7,7.373905695749517
2025-12-11,SKU021,9,6.932868370795885
2025-12-12,SKU021,5,7.36946356160065
2025-12-13,SKU021,10,7.773538276974639
2025-12-14,SKU021,12,8.176272510874877
2025-12-15,SKU021,5,7.882748505894989
2025-12-16,SKU021,9,7.01172569418189
2025-12-17,SKU021,5,7.257424792593533
2025-12-18,SKU021,5,7.263419908576737
2025-12-19,SKU021,8,6.956451647554733
2025-12-20,SKU021,4,7.958624744831305
2025-12-21,SKU021,11,7.768141930683877
2025-12-22,SKU021,3,7.406566856167015
2025-12-23,SKU021,8,7.132927472154444
2025-12-24,SKU021,10,6.888323364627306
2025-12-25,SKU021,4,7.17375079724908
2025-12-26,SKU021,8,7.345648167487557
2025-12-27,SKU021,6,7.517599816539631
2025-12-28,SKU021,11,8.173427326155272
2025-12-29,SKU021,5,7.592645603152185
2025-12-30,SKU021,8,7.738090087007963
2025-12-31,SKU021,6,7.523230715670633
2025-11-02,SKU022,7,11.393252611321635
2025-11-03,SKU022,7,7.30590282325668
2025-11-04,SKU022,7,7.119630393818008
2025-11-05,SKU022,8,7.27661320753692
2025-11-06,SKU022,5,7.430621624862503
2025-11-07,SKU022,5,7.697371474497293
2025-11-08,SKU022,6,9.846484857359568
2025-11-09,SKU022,6,10.669299106521308
2025-11-10,SKU022,5,7.757217329265906
2025-11-11,SKU022,13,7.537958828122447
2025-11-12,SKU022,7,7.433069331633752
2025-11-13,SKU022,5,7.5300836269842755
2025-11-14,SKU022,17,7.678423026146334
2025-11-15,SKU022,16,10.542911503614457
2025-11-16,SKU022,15,11.817669650552084
2025-11-17,SKU022,5,8.03652376782377
2025-11-18,SKU022,4,7.510823117012134
2025-11-19,SKU022,8,7.293493007013037
2025-11-20,SKU022,8,7.1609903979099325
2025-11-21,SKU022,6,7.6741578717342
2025-11-22,SKU022,13,11.168838465042096
2025-11-23,SKU022,9,10.684905048143456
2025-11-24,SKU022,10,7.15363447371072
2025-11-25,SKU022,7,7.371016974073931
2025-11-26,SKU022,7,7.530634217412881
2025-11-27,SKU022,7,7.069420000408059
2025-11-28,SKU022,7,6.948308403215691
2025-11-29,SKU022,11,11.092203415010992
2025-11-30,SKU022,20,9.992233225349581
2025-12-01,SKU022,7,8.198455760937591
2025-12-02,SKU022,6,8.22519872235757
2025-12-03,SKU022,12,8.083683394676626
2025-12-04,SKU022,16,8.483987915106002
2025-12-05,SKU022,5,8.25132822850236
2025-12-06,SKU022,11,8.788751245632218
2025-12-07,SKU022,13,10.269355818356692
2025-12-08,SKU022,12,7.878941617515043
2025-12-09,SKU022,8,8.486978280632762
2025-12-10,SKU022,7,8.979876506977078
2025-12-11,SKU022,6,8.79695013339144
2025-12-12,SKU022,6,8.507839092433384
2025-12-13,SKU022,15,9.606762965338408
2025-12-14,SKU022,6,11.313868919498725
2025-12-15,SKU022,12,8.276235084531084
2025-12-16,SKU022,11,8.258510939313107
2025-12-17,SKU022,6,8.029198896926443
2025-12-18,SKU022,5,8.53066695647522
2025-12-19,SKU022,12,8.205087429383447
2025-12-20,SKU022,5,10.589906025519653
2025-12-21,SKU022,11,9.860445216495581
2025-12-22,SKU022,7,7.827959440312083
2025-12-23,SKU022,13,7.945218103774026
2025-12-24,SKU022,15,7.904915737290157
2025-12-25,SKU022,11,8.114916977895845
2025-12-26,SKU022,10,8.200291416564149
2025-12-27,SKU022,17,11.764682374754644
2025-12-28,SKU022,11,12.504883091516767
2025-12-29,SKU022,1,10.115860866861025
2025-12-30,SKU022,7,9.8548042878545
2025-12-31,SKU022,9,9.738323039528671
2025-11-02,SKU023,17,15.370978546267516
2025-11-03,SKU023,12,11.223256646665641
2025-11-04,SKU023,13,11.165672117435381
2025-11-05,SKU023,15,10.81006601769783
2025-11-06,SKU023,13,10.987183623457483
2025-11-07,SKU023,6,10.987182267364796
2025-11-08,SKU023,20,15.13302431872959
2025-11-09,SKU023,12,15.11832082389803
2025-11-10,SKU023,13,11.201122698106579
2025-11-11,SKU023,10,11.30590537917922
2025-11-12,SKU023,11,11.497712709962146
2025-11-13,SKU023,13,11.359053018979125
2025-11-14,SKU023,14,10.781914725586297
2025-11-15,SKU023,17,15.977033653221486
2025-11-16,SKU023,10,15.767197197077335
2025-11-17,SKU023,9,11.629146720852226
2025-11-18,SKU023,13,11.581929693528473
2025-11-19,SKU023,9,11.809267723386839
2025-11-20,SKU023,10,11.560774531507434
2025-11-21,SKU023,10,11.651475077207179
2025-11-22,SKU023,17,15.829902409048204
2025-11-23,SKU023,20,15.756194417265695
2025-11-24,SKU023,7,11.670035678802714
2025-11-25,SKU023,22,11.597611659539023
2025-11-26,SKU023,6,11.572378840486548
2025-11-27,SKU023,10,11.740526216902904
2025-11-28,SKU023,18,12.188164946680443
2025-11-29,SKU023,15,14.820419734001337
2025-11-30,SKU023,12,15.020469991839002
2025-12-01,SKU023,11,11.166096174792697
2025-12-02,SKU023,9,11.496519958862004
2025-12-03,SKU023,16,10.99813348553024
2025-12-04,SKU023,15,11.381622269741467
2025-12-05,SKU023,18,11.34224601440745
2025-12-06,SKU023,16,13.865012565248264
2025-12-07,SKU023,12,14.493633602177308
2025-12-08,SKU023,14,12.166022577049848
2025-12-09,SKU023,11,11.782594131632882
2025-12-10,SKU023,20,11.54997160891746
2025-12-11,SKU023,11,11.879977843283525
2025-12-12,SKU023,15,11.673150813273956
2025-12-13,SKU023,18,14.899873725344248
2025-12-14,SKU023,9,14.815444712421181
2025-12-15,SKU023,4,12.712373470517344
2025-12-16,SKU023,19,11.873648258733335
2025-12-17,SKU023,7,11.853692045003662
2025-12-18,SKU023,16,11.899370593777142
2025-12-19,SKU023,11,12.022611799312735
2025-12-20,SKU023,15,15.170771704355577
2025-12-21,SKU023,24,15.065343893158142
2025-12-22,SKU023,14,14.047908918544113
2025-12-23,SKU023,16,15.100154325625045
2025-12-24,SKU023,18,13.968356283888774
2025-12-25,SKU023,12,14.873974911383584
2025-12-26,SKU023,15,14.571339336362868
2025-12-27,SKU023,17,14.932242904083553
2025-12-28,SKU023,7,15.468122306978316
2025-12-29,SKU023,12,13.77868187863141
2025-12-30,SKU023,13,13.433347071005462
2025-12-31,SKU023,14,13.736437872393827
2025-11-02,SKU024,24,14.465621036114449
2025-11-03,SKU024,14,10.39029492469449
2025-11-04,SKU024,11,10.819098482957616
2025-11-05,SKU024,5,10.96807315061165
2025-11-06,SKU024,18,11.010078384597625
2025-11-07,SKU024,9,10.76433729316747
2025-11-08,SKU024,11,15.359337602591992
2025-11-09,SKU024,14,15.272233133248841
2025-11-10,SKU024,7,10.42864359185287
2025-11-11,SKU024,11,10.818694949881472
2025-11-12,SKU024,11,10.220319716983544
2025-11-13,SKU024,12,10.570804378227715
2025-11-14,SKU024,13,10.193301614659855
2025-11-15,SKU024,5,16.076845977284645
2025-11-16,SKU024,23,14.79337101838539
2025-11-17,SKU024,9,10.340332229700362
2025-11-18,SKU024,14,10.82036147308322
2025-11-19,SKU024,9,11.0927363103236
2025-11-20,SKU024,7,11.106532388927626
2025-11-21,SKU024,9,10.136358920772045
2025-11-22,SKU024,19,16.295390519885796
2025-11-23,SKU024,13,15.419966638000295
2025-11-24,SKU024,5,11.395731094794117
2025-11-25,SKU024,7,10.94053654186685
2025-11-26,SKU024,12,9.954795848500913
2025-11-27,SKU024,8,9.983839848544928
2025-11-28,SKU024,10,10.121317591208257
2025-11-29,SKU024,20,17.34771201748006
2025-11-30,SKU024,14,15.671399634853907
2025-12-01,SKU024,13,10.90561211955346
2025-12-02,SKU024,11,11.37326537425517
2025-12-03,SKU024,15,11.181231501244344
2025-12-04,SKU024,11,11.41306801443271
2025-12-05,SKU024,12,11.296245296066989
2025-12-06,SKU024,15,12.803689825633295
2025-12-07,SKU024,16,12.965400590434836
2025-12-08,SKU024,7,11.118655883054295
2025-12-09,SKU024,9,11.569886349443905
2025-12-10,SKU024,5,11.576353641665474
2025-12-11,SKU024,14,11.29857835561753
2025-12-12,SKU024,12,10.826041102183405
2025-12-13,SKU024,15,12.582398623048286
2025-12-14,SKU024,10,12.828299392262688
2025-12-15,SKU024,11,11.295781500276307
2025-12-16,SKU024,10,11.669496036076877
2025-12-17,SKU024,10,11.020713422248749
2025-12-18,SKU024,15,11.344438411042793
2025-12-19,SKU024,14,10.7428294952643
2025-12-20,SKU024,16,13.081116600969185
2025-12-21,SKU024,9,13.002558763086856
2025-12-22,SKU024,10,11.69222275190649
2025-12-23,SKU024,14,11.158345447131614
2025-12-24,SKU024,5,11.392435822865433
2025-12-25,SKU024,13,11.619996451284015
2025-12-26,SKU024,9,11.649668025270264
2025-12-27,SKU024,14,13.141602503999986
2025-12-28,SKU024,6,12.93426565729218
2025-12-29,SKU024,9,12.541546067546879
2025-12-30,SKU024,9,12.411345173375027
2025-12-31,SKU024,9,13.2567349253601
2025-11-02,SKU025,5,3.3522068361662303
2025-11-03,SKU025,3,2.331634657412015
2025-11-04,SKU025,4,2.808353989947949
2025-11-05,SKU025,4,2.8165840087154224
2025-11-06,SKU025,1,2.6431815767459583
2025-11-07,SKU025,2,2.579213210083783
2025-11-08,SKU025,1,3.3337352479340705
2025-11-09,SKU025,3,3.417775266235205
2025-11-10,SKU025,3,2.5566793162142187
2025-11-11,SKU025,0,2.5207160205743726
2025-11-12,SKU025,4,2.4649658310330667
2025-11-13,SKU025,1,2.444049239457792
2025-11-14,SKU025,2,2.51940539619667
2025-11-15,SKU025,5,2.956561660240327
2025-11-16,SKU025,3,2.5921427379339086
2025-11-17,SKU025,2,2.3772530422956506
2025-11-18,SKU025,0,2.3132218206345168
2025-11-19,SKU025,2,2.331732280408089
2025-11-20,SKU025,0,2.51987422875621
2025-11-21,SKU025,1,2.5364776849134056
2025-11-22,SKU025,4,4.787357662318181
2025-11-23,SKU025,3,5.330281555154421
2025-11-24,SKU025,0,2.4498385246058425
2025-11-25,SKU025,2,2.410661136945701
2025-11-26,SKU025,1,2.4562279879478965
2025-11-27,SKU025,1,2.3232918298018497
2025-11-28,SKU025,1,2.4236072013266226
2025-11-29,SKU025,0,3.3597645860532337
2025-11-30,SKU025,4,3.294165597965677
2025-12-01,SKU025,1,2.8062306727056527
2025-12-02,SKU025,3,2.6283948067787657
2025-12-03,SKU025,0,2.330552090551478
2025-12-04,SKU025,3,2.18285859178315
2025-12-05,SKU025,2,2.297947997203755
2025-12-06,SKU025,4,2.8322532887455414
2025-12-07,SKU025,5,2.7917880790549336
2025-12-08,SKU025,0,2.164240008714236
2025-12-09,SKU025,1,2.3816154868262522
2025-12-10,SKU025,3,2.0563644441203515
2025-12-11,SKU025,1,2.432410945459582
2025-12-12,SKU025,2,2.036790355566022
2025-12-13,SKU025,4,2.9446608540922483
2025-12-14,SKU025,2,2.8942034187703247
2025-12-15,SKU025,3,2.3488113578596064
2025-12-16,SKU025,1,2.1204608219082535
2025-12-17,SKU025,2,2.373024426990117
2025-12-18,SKU025,2,2.035690579335339
2025-12-19,SKU025,1,2.111444584767128
2025-12-20,SKU025,3,2.983948184850984
2025-12-21,SKU025,2,2.8603884432620172
2025-12-22,SKU025,3,2.4938028686893405
2025-12-23,SKU025,1,2.095622159933936
2025-12-24,SKU025,1,1.9595545735578768
2025-12-25,SKU025,3,2.002683289394663
2025-12-26,SKU025,1,1.9728390915349692
2025-12-27,SKU025,5,2.926028321966035
2025-12-28,SKU025,2,2.9608169521265717
2025-12-29,SKU025,2,2.300476826853243
2025-12-30,SKU025,4,2.149164153501086
2025-12-31,SKU025,1,2.247448705976859
2025-11-02,SKU026,24,25.169645556674077
2025-11-03,SKU026,14,17.972529550734638
2025-11-04,SKU026,24,18.467716208206905
2025-11-05,SKU026,7,17.946441063086322
2025-11-06,SKU026,22,18.094746669281644
2025-11-07,SKU026,18,18.106365084800885
2025-11-08,SKU026,19,24.729861257769016
2025-11-09,SKU026,23,24.698638528530683
2025-11-10,SKU026,19,17.532088804605813
2025-11-11,SKU026,21,18.08730662897197
2025-11-12,SKU026,9,17.675296058215707
2025-11-13,SKU026,10,17.47538160112589
2025-11-14,SKU026,18,17.50902449814328
2025-11-15,SKU026,25,23.763919963601328
2025-11-16,SKU026,28,24.7353819801926
2025-11-17,SKU026,16,18.040681593728777
2025-11-18,SKU026,14,17.891738069871543
2025-11-19,SKU026,13,17.9526913565715
2025-11-20,SKU026,18,18.15852176203917
2025-11-21,SKU026,22,18.018704543884922
2025-11-22,SKU026,15,23.56329418498269
2025-11-23,SKU026,30,25.262867356728606
2025-11-24,SKU026,16,18.085622240346208
2025-11-25,SKU026,8,17.584061506685668
2025-11-26,SKU026,11,17.851583729793767
2025-11-27,SKU026,19,17.17362394888133
2025-11-28,SKU026,23,17.333032358703505
2025-11-29,SKU026,25,22.581007755570404
2025-11-30,SKU026,24,25.16002601505703
2025-12-01,SKU026,23,18.66076668387488
2025-12-02,SKU026,21,18.67437304524982
2025-12-03,SKU026,23,19.054685068704103
2025-12-04,SKU026,18,18.72870093853625
2025-12-05,SKU026,18,19.496595250137833
2025-12-06,SKU026,21,21.589987477242893
2025-12-07,SKU026,33,21.93452211824519
2025-12-08,SKU026,17,19.12722880668588
2025-12-09,SKU026,18,19.140724691027316
2025-12-10,SKU026,17,19.029276411269397
2025-12-11,SKU026,19,18.416619824008375
2025-12-12,SKU026,11,19.006758794370246
2025-12-13,SKU026,21,22.45681172832498
2025-12-14,SKU026,25,21.544578228178498
2025-12-15,SKU026,16,18.110859760440622
2025-12-16,SKU026,22,18.51119202144783
2025-12-17,SKU026,26,18.111039184949064
2025-12-18,SKU026,23,18.02480591034356
2025-12-19,SKU026,20,18.40800407393786
2025-12-20,SKU026,29,21.28632342379926
2025-12-21,SKU026,20,23.713207230211136
2025-12-22,SKU026,20,18.779598918680275
2025-12-23,SKU026,27,19.03859844222741
2025-12-24,SKU026,14,18.99665148479457
2025-12-25,SKU026,15,18.68429117297767
2025-12-26,SKU026,17,19.46529932105225
2025-12-27,SKU026,16,23.886500920870628
2025-12-28,SKU026,26,23.607763555894323
2025-12-29,SKU026,14,20.48233910038716
2025-12-30,SKU026,21,19.477122994136657
2025-12-31,SKU026,20,18.86842358655754
2025-11-02,SKU027,20,26.491402717439122
2025-11-03,SKU027,25,18.778634408762276
2025-11-04,SKU027,12,18.20566420889523
2025-11-05,SKU027,11,18.51337713686137
2025-11-06,SKU027,29,17.67591497779315
2025-11-07,SKU027,16,17.889770347090433
2025-11-08,SKU027,30,27.14528737674318
2025-11-09,SKU027,24,27.85084642411014
2025-11-10,SKU027,18,17.818880459229327
2025-11-11,SKU027,16,18.05202152525562
2025-11-12,SKU027,19,18.070742619931497
2025-11-13,SKU027,17,18.6528307730835
2025-11-14,SKU027,23,18.324737681866115
2025-11-15,SKU027,26,27.141609742456772
2025-11-16,SKU027,30,25.913489659400415
2025-11-17,SKU027,23,17.67510330260888
2025-11-18,SKU027,31,17.899440899238595
2025-11-19,SKU027,21,19.02578119528579
2025-11-20,SKU027,15,19.569120482065447
2025-11-21,SKU027,21,19.83008581409476
2025-11-22,SKU027,22,26.417825647415285
2025-11-23,SKU027,30,25.96879569921059
2025-11-24,SKU027,20,20.444322399039155
2025-11-25,SKU027,23,20.400328456742717
2025-11-26,SKU027,17,20.59149441791012
2025-11-27,SKU027,21,20.08984776340203
2025-11-28,SKU027,22,20.410162828524076
2025-11-29,SKU027,38,25.899593517779525
2025-11-30,SKU027,21,27.5715497563401
2025-12-01,SKU027,23,20.861164319051717
2025-12-02,SKU027,25,21.282190744741257
2025-12-03,SKU027,14,21.236001809932564
2025-12-04,SKU027,16,20.88071327499892
2025-12-05,SKU027,24,20.602635960466937
2025-12-06,SKU027,25,23.26881126916649
2025-12-07,SKU027,26,24.058425666941297
2025-12-08,SKU027,14,20.75036517338179
2025-12-09,SKU027,21,20.349543871796303
2025-12-10,SKU027,24,20.502287398823963
2025-12-11,SKU027,25,20.989438738320143
2025-12-12,SKU027,27,21.178618410653748
2025-12-13,SKU027,20,23.98260119769491
2025-12-14,SKU027,30,24.692351585183882
2025-12-15,SKU027,23,21.290429708475628
2025-12-16,SKU027,29,21.17452283557292
2025-12-17,SKU027,21,21.174674145992704
2025-12-18,SKU027,30,20.948221419673736
2025-12-19,SKU027,22,21.840995617454823
2025-12-20,SKU027,31,25.59348621826596
2025-12-21,SKU027,26,26.58158541178344
2025-12-22,SKU027,22,20.880550673995543
2025-12-23,SKU027,20,21.017966574164085
2025-12-24,SKU027,27,21.523248162749983
2025-12-25,SKU027,16,21.40701659011883
2025-12-26,SKU027,19,21.039970181535192
2025-12-27,SKU027,21,25.445913825607185
2025-12-28,SKU027,19,26.018374058576615
2025-12-29,SKU027,21,23.778575943619643
2025-12-30,SKU027,23,22.95090655020132
2025-12-31,SKU027,23,23.677921949618497
2025-11-02,SKU028,2,6.181423071185962
2025-11-03,SKU028,0,3.969453185682574
2025-11-04,SKU028,7,3.8914661082978506
2025-11-05,SKU028,4,4.029160787444418
2025-11-06,SKU028,3,4.524783183878252
2025-11-07,SKU028,4,4.176117204674279
2025-11-08,SKU028,7,5.1985614901641375
2025-11-09,SKU028,5,6.283945457965969
2025-11-10,SKU028,7,4.738692342142993
2025-11-11,SKU028,7,4.416555483812814
2025-11-12,SKU028,3,4.151109769421995
2025-11-13,SKU028,10,4.420561468253904
2025-11-14,SKU028,3,4.596029526891296
2025-11-15,SKU028,3,6.009080267083599
2025-11-16,SKU028,7,6.520164342962449
2025-11-17,SKU028,4,4.422504125693032
2025-11-18,SKU028,3,4.391565231137381
2025-11-19,SKU028,9,4.030684255425701
2025-11-20,SKU028,5,4.352768892546403
2025-11-21,SKU028,4,4.564443908626518
2025-11-22,SKU028,8,6.186163729545296
2025-11-23,SKU028,6,6.282064595115064
2025-11-24,SKU028,5,4.614088991544168
2025-11-25,SKU028,6,4.599837367559863
2025-11-26,SKU028,4,4.699865287700024
2025-11-27,SKU028,5,4.766404607171363
2025-11-28,SKU028,4,4.909940791803662
2025-11-29,SKU028,6,6.016511234666094
2025-11-30,SKU028,4,6.256409182340575
2025-12-01,SKU028,7,5.447718418936295
2025-12-02,SKU028,4,5.265498540437007
2025-12-03,SKU028,9,4.577810597281439
2025-12-04,SKU028,4,5.268974410563296
2025-12-05,SKU028,5,5.687368044503767
2025-12-06,SKU028,2,6.24802268179641
2025-12-07,SKU028,9,6.008782833345464
2025-12-08,SKU028,2,5.423467011837032
2025-12-09,SKU028,3,5.1165162264912905
2025-12-10,SKU028,5,4.767667985129808
2025-12-11,SKU028,1,5.157072694292952
2025-12-12,SKU028,5,5.6419377762574205
2025-12-13,SKU028,3,5.43025627540959
2025-12-14,SKU028,6,5.811578669405718
2025-12-15,SKU028,6,5.786152727697302
2025-12-16,SKU028,3,5.104714440793705
2025-12-17,SKU028,4,5.015032545230823
2025-12-18,SKU028,4,5.834430600703567
2025-12-19,SKU028,2,5.154678032266638
2025-12-20,SKU028,1,5.583913927325323
2025-12-21,SKU028,2,5.33983890894668
2025-12-22,SKU028,3,5.219370697566257
2025-12-23,SKU028,6,5.044395289760093
2025-12-24,SKU028,6,4.838315005519704
2025-12-25,SKU028,6,5.094846402257784
2025-12-26,SKU028,5,5.242396976259943
2025-12-27,SKU028,4,5.409247239799044
2025-12-28,SKU028,1,5.594440454318137
2025-12-29,SKU028,4,4.890982829532654
2025-12-30,SKU028,7,4.702092737224786
2025-12-31,SKU028,3,4.55069592363266
2025-11-02,SKU029,20,17.11705772509081
2025-11-03,SKU029,10,12.433995438265562
2025-11-04,SKU029,8,12.17241290543527
2025-11-05,SKU029,10,12.091506800976306
2025-11-06,SKU029,13,12.015728446398699
2025-11-07,SKU029,13,12.113340297780942
2025-11-08,SKU029,16,18.69196480776779
2025-11-09,SKU029,18,18.850136777155644
2025-11-10,SKU029,9,12.710235163766574
2025-11-11,SKU029,9,12.34095907849898
2025-11-12,SKU029,16,12.267078452540554
2025-11-13,SKU029,9,12.488924997100007
2025-11-14,SKU029,14,12.284384548471234
2025-11-15,SKU029,20,19.3240710723017
2025-11-16,SKU029,21,19.081587151983072
2025-11-17,SKU029,17,12.68812397259059
2025-11-18,SKU029,8,13.027347274256831
2025-11-19,SKU029,8,12.277370956148323
2025-11-20,SKU029,14,12.263535086020825
2025-11-21,SKU029,8,12.422308395525663
2025-11-22,SKU029,27,19.16437396651565
2025-11-23,SKU029,15,20.695920988929092
2025-11-24,SKU029,16,12.504556410651558
2025-11-25,SKU029,10,13.071108345226003
2025-11-26,SKU029,15,12.574755169386345
2025-11-27,SKU029,14,12.397177277148847
2025-11-28,SKU029,10,12.747232612291148
2025-11-29,SKU029,13,19.960065120365964
2025-11-30,SKU029,18,17.98653164123164
2025-12-01,SKU029,6,13.165874983472388
2025-12-02,SKU029,10,12.638921317761758
2025-12-03,SKU029,7,11.803860248826854
2025-12-04,SKU029,13,12.204155396018061
2025-12-05,SKU029,19,12.74475553753815
2025-12-06,SKU029,18,15.438686954002574
2025-12-07,SKU029,14,15.896744960290778
2025-12-08,SKU029,17,12.645535728009023
2025-12-09,SKU029,13,12.879490655294823
2025-12-10,SKU029,14,12.933610632254664
2025-12-11,SKU029,18,12.94530675010084
2025-12-12,SKU029,15,13.241328951035568
2025-12-13,SKU029,25,15.410187815375503
2025-12-14,SKU029,13,16.749963810390142
2025-12-15,SKU029,15,13.771830424530242
2025-12-16,SKU029,17,13.785126530153152
2025-12-17,SKU029,13,13.898256463820912
2025-12-18,SKU029,14,14.020180494435548
2025-12-19,SKU029,17,14.00953968059227
2025-12-20,SKU029,12,17.124910843569495
2025-12-21,SKU029,16,16.081301701227407
2025-12-22,SKU029,16,13.829229691678785
2025-12-23,SKU029,9,12.98481084384694
2025-12-24,SKU029,19,14.11693466142476
2025-12-25,SKU029,10,13.389731765845227
2025-12-26,SKU029,12,13.439718500217069
2025-12-27,SKU029,17,15.289352912622139
2025-12-28,SKU029,14,15.771888319658053
2025-12-29,SKU029,14,14.693360217490815
2025-12-30,SKU029,14,14.992235932240584
2025-12-31,SKU029,7,14.39543298690952
2025-11-02,SKU030,6,4.315871167640124
2025-11-03,SKU030,3,3.9010899361666067
2025-11-04,SKU030,8,3.6679566917832984
2025-11-05,SKU030,2,3.3668875782253376
2025-11-06,SKU030,3,3.8344103602333712
2025-11-07,SKU030,2,3.8999207560252747
2025-11-08,SKU030,3,5.08038697596298
2025-11-09,SKU030,4,5.262164358854672
2025-11-10,SKU030,6,3.9625020482888504
2025-11-11,SKU030,1,3.6848280749535007
2025-11-12,SKU030,3,3.7699689622152857
2025-11-13,SKU030,3,3.898038272730841
2025-11-14,SKU030,4,3.8279348145243306
2025-11-15,SKU030,5,4.471667406071435
2025-11-16,SKU030,12,4.323587318721395
2025-11-17,SKU030,3,3.864891697936697
2025-11-18,SKU030,4,3.8331354654047276
2025-11-19,SKU030,5,3.8178954125170335
2025-11-20,SKU030,4,3.9150925006058763
2025-11-21,SKU030,2,3.981901048438152
2025-11-22,SKU030,8,5.223566264331038
2025-11-23,SKU030,7,5.982762363542705
2025-11-24,SKU030,3,3.8383061423137876
2025-11-25,SKU030,0,3.8380411184931664
2025-11-26,SKU030,2,3.483146920476926
2025-11-27,SKU030,3,3.873351823629344
2025-11-28,SKU030,5,4.015094480566273
2025-11-29,SKU030,8,5.2901530465672515
2025-11-30,SKU030,5,5.549101713169765
2025-12-01,SKU030,2,4.354318744546469
2025-12-02,SKU030,2,4.0151160684271
2025-12-03,SKU030,5,3.786648391336655
2025-12-04,SKU030,2,4.368989481344704
2025-12-05,SKU030,1,4.022589323924414
2025-12-06,SKU030,6,4.475483469611423
2025-12-07,SKU030,7,4.1347093303506846
2025-12-08,SKU030,5,4.495465867679145
2025-12-09,SKU030,5,4.322817335308867
2025-12-10,SKU030,6,4.168743123947319
2025-12-11,SKU030,4,4.440875558915175
2025-12-12,SKU030,7,4.728562541960309
2025-12-13,SKU030,5,5.307092817059202
2025-12-14,SKU030,3,5.3721217952715765
2025-12-15,SKU030,4,4.605053159994864
2025-12-16,SKU030,4,4.454653100014431
2025-12-17,SKU030,4,4.073288327002714
2025-12-18,SKU030,3,4.319939112301697
2025-12-19,SKU030,5,4.699331463311181
2025-12-20,SKU030,2,4.509423842639856
2025-12-21,SKU030,4,4.463322758449034
2025-12-22,SKU030,3,4.382701914884775
2025-12-23,SKU030,5,4.272619402829307
2025-12-24,SKU030,4,4.147809653325998
2025-12-25,SKU030,1,4.468238196847994
2025-12-26,SKU030,5,4.464549287126704
2025-12-27,SKU030,6,4.675579058871286
2025-12-28,SKU030,4,4.626859402684342
2025-12-29,SKU030,4,4.451359884141134
2025-12-30,SKU030,3,4.3519373504977255
2025-12-31,SKU030,7,4.295998392605249
2025-11-02,SKU031,20,18.851651117956493
2025-11-03,SKU031,14,14.863990152004046
2025-11-04,SKU031,10,14.611295943998757
2025-11-05,SKU031,16,14.780978138591218
2025-11-06,SKU031,18,14.771577789859682
2025-11-07,SKU031,15,14.786287223459338
2025-11-08,SKU031,21,20.241606974099522
2025-11-09,SKU031,15,20.686047802289533
2025-11-10,SKU031,14,14.744621204256273
2025-11-11,SKU031,18,14.625028589374738
2025-11-12,SKU031,12,14.440485421107876
2025-11-13,SKU031,22,14.579102446329337
2025-11-14,SKU031,16,14.848215588535426
2025-11-15,SKU031,29,20.467458282308545
2025-11-16,SKU031,20,21.050681436095
2025-11-17,SKU031,9,14.90289317060494
2025-11-18,SKU031,17,14.751011805845458
2025-11-19,SKU031,16,14.804963040610966
2025-11-20,SKU031,14,14.984447693525887
2025-11-21,SKU031,20,14.824871758118615
2025-11-22,SKU031,13,22.634430705158792
2025-11-23,SKU031,24,20.84810395329852
2025-11-24,SKU031,14,14.866665613769355
2025-11-25,SKU031,11,14.522391412453883
2025-11-26,SKU031,14,14.413571195881858
2025-11-27,SKU031,8,14.912684132382362
2025-11-28,SKU031,16,14.766625739192843
2025-11-29,SKU031,19,20.070216141824197
2025-11-30,SKU031,22,20.035640467242814
2025-12-01,SKU031,11,15.09185139230887
2025-12-02,SKU031,15,15.043164840712345
2025-12-03,SKU031,14,14.91143337397742
2025-12-04,SKU031,16,14.984810450331462
2025-12-05,SKU031,15,15.176500400891861
2025-12-06,SKU031,14,17.28026669803824
2025-12-07,SKU031,11,17.63971178955703
2025-12-08,SKU031,10,15.0686105524659
2025-12-09,SKU031,17,14.044065666153587
2025-12-10,SKU031,13,14.746434379157899
2025-12-11,SKU031,16,14.452631506501342
2025-12-12,SKU031,11,14.735615668102216
2025-12-13,SKU031,13,17.3450060099007
2025-12-14,SKU031,24,16.84369321156166
2025-12-15,SKU031,20,14.918268551757585
2025-12-16,SKU031,18,14.322266562974738
2025-12-17,SKU031,20,14.446752717492894
2025-12-18,SKU031,18,14.786551065904042
2025-12-19,SKU031,16,14.98968202678182
2025-12-20,SKU031,23,16.864016857656225
2025-12-21,SKU031,17,15.683050275907378
2025-12-22,SKU031,14,15.228223234709327
2025-12-23,SKU031,8,14.385545665326399
2025-12-24,SKU031,14,14.263505321869077
2025-12-25,SKU031,13,14.402183608333203
2025-12-26,SKU031,14,14.049055424659256
2025-12-27,SKU031,20,17.265942810545432
2025-12-28,SKU031,14,17.37774531126639
2025-12-29,SKU031,23,16.22915401922289
2025-12-30,SKU031,12,16.619573182111544
2025-12-31,SKU031,15,16.900842977774847
2025-11-02,SKU032,7,12.95962577390464
2025-11-03,SKU032,7,7.228385779168881
2025-11-04,SKU032,8,7.122258125941432
2025-11-05,SKU032,7,7.006148981901654
2025-11-06,SKU032,8,7.330432667191704
2025-11-07,SKU032,6,7.282537987665154
2025-11-08,SKU032,12,10.210629843001378
2025-11-09,SKU032,13,10.161164023095761
2025-11-10,SKU032,8,7.423473922188667
2025-11-11,SKU032,5,7.359969823162488
2025-11-12,SKU032,7,7.438519984935724
2025-11-13,SKU032,6,7.435271824069071
2025-11-14,SKU032,8,7.322000392502669
2025-11-15,SKU032,11,10.105840982211307
2025-11-16,SKU032,9,10.003124361128727
2025-11-17,SKU032,11,7.638578483017182
2025-11-18,SKU032,11,7.335263179248695
2025-11-19,SKU032,5,7.937561946196793
2025-11-20,SKU032,8,7.392012604432798
2025-11-21,SKU032,10,7.9266454511391125
2025-11-22,SKU032,14,10.945910285959894
2025-11-23,SKU032,11,10.726408339953007
2025-11-24,SKU032,5,7.567512233188008
2025-11-25,SKU032,2,7.783686902150379
2025-11-26,SKU032,4,7.584658222096874
2025-11-27,SKU032,10,7.5896575547559415
2025-11-28,SKU032,8,7.420171722076899
2025-11-29,SKU032,12,10.246163665720726
2025-11-30,SKU032,9,9.178922384328306
2025-12-01,SKU032,7,8.41062757203593
2025-12-02,SKU032,6,8.260941853881137
2025-12-03,SKU032,12,7.4650525399676635
2025-12-04,SKU032,7,8.282315663513678
2025-12-05,SKU032,9,7.9273589773601945
2025-12-06,SKU032,7,8.910547631080442
2025-12-07,SKU032,12,8.360648171394619
2025-12-08,SKU032,8,8.31076116638624
2025-12-09,SKU032,6,8.517309629305853
2025-12-10,SKU032,5,8.095046921975712
2025-12-11,SKU032,13,8.358366329053323
2025-12-12,SKU032,7,8.560807724734705
2025-12-13,SKU032,9,8.983387774694284
2025-12-14,SKU032,8,9.037761685696976
2025-12-15,SKU032,9,8.530617209365156
2025-12-16,SKU032,9,8.30903059643441
2025-12-17,SKU032,8,8.504916461385372
2025-12-18,SKU032,8,8.593740131745374
2025-12-19,SKU032,6,8.142703090289185
2025-12-20,SKU032,14,8.742980064065176
2025-12-21,SKU032,14,8.823932884517646
2025-12-22,SKU032,3,8.024073371037192
2025-12-23,SKU032,5,8.154476860337686
2025-12-24,SKU032,6,8.171717762250204
2025-12-25,SKU032,8,8.753600371663923
2025-12-26,SKU032,6,8.519494569773563
2025-12-27,SKU032,12,9.937153391404957
2025-12-28,SKU032,11,9.56035291096916
2025-12-29,SKU032,7,8.974749990035015
2025-12-30,SKU032,7,7.753668371473307
2025-12-31,SKU032,12,7.8341019922012745
2025-11-02,SKU033,15,16.662812243034967
2025-11-03,SKU033,21,12.5185063025275
2025-11-04,SKU033,15,12.224756501846596
2025-11-05,SKU033,12,12.150256851838373
2025-11-06,SKU033,10,12.516134068194344
2025-11-07,SKU033,14,12.244135327802383
2025-11-08,SKU033,27,17.777931060661146
2025-11-09,SKU033,20,16.257937875321023
2025-11-10,SKU033,15,15.057909482672196
2025-11-11,SKU033,19,14.531110201253114
2025-11-12,SKU033,14,14.31875050499149
2025-11-13,SKU033,16,14.977006366847423
2025-11-14,SKU033,14,14.129128663801852
2025-11-15,SKU033,23,19.01602442871822
2025-11-16,SKU033,15,18.787907636230415
2025-11-17,SKU033,12,14.526186852868584
2025-11-18,SKU033,11,14.296698780394724
2025-11-19,SKU033,19,13.447056993275442
2025-11-20,SKU033,16,14.09279612742991
2025-11-21,SKU033,12,14.242478811519566
2025-11-22,SKU033,24,19.329437400176783
2025-11-23,SKU033,26,20.70865423528432
2025-11-24,SKU033,12,14.497716268724023
2025-11-25,SKU033,11,14.407594295934205
2025-11-26,SKU033,19,14.129770023741871
2025-11-27,SKU033,13,14.241555852061584
2025-11-28,SKU033,10,14.74269314105596
2025-11-29,SKU033,29,17.740059388790957
2025-11-30,SKU033,27,21.59904699188672
2025-12-01,SKU033,20,14.607168858290215
2025-12-02,SKU033,18,15.71707724720435
2025-12-03,SKU033,15,15.355252937574267
2025-12-04,SKU033,12,15.380026321973121
2025-12-05,SKU033,21,15.678833369520044
2025-12-06,SKU033,10,18.505194991079986
2025-12-07,SKU033,21,19.106572797330184
2025-12-08,SKU033,16,16.071225248946625
2025-12-09,SKU033,18,15.261572912255147
2025-12-10,SKU033,10,15.582547681064717
2025-12-11,SKU033,21,14.875490751600404
2025-12-12,SKU033,14,15.594541043528034
2025-12-13,SKU033,15,16.91056640107166
2025-12-14,SKU033,15,16.077359058216633
2025-12-15,SKU033,15,15.502642364067244
2025-12-16,SKU033,18,14.826094512704463
2025-12-17,SKU033,12,14.884202181513231
2025-12-18,SKU033,17,14.9991722744752
2025-12-19,SKU033,10,15.577121499090616
2025-12-20,SKU033,19,17.065604028281506
2025-12-21,SKU033,25,16.398187043859867
2025-12-22,SKU033,14,15.861971347202005
2025-12-23,SKU033,12,14.679176637962435
2025-12-24,SKU033,6,14.262252899071774
2025-12-25,SKU033,15,14.53437971770706
2025-12-26,SKU033,15,14.995821583451143
2025-12-27,SKU033,17,17.30411056911179
2025-12-28,SKU033,17,16.75599135061582
2025-12-29,SKU033,20,15.911860874257142
2025-12-30,SKU033,16,15.838572949937806
2025-12-31,SKU033,6,15.8310380247534
2025-11-02,SKU034,22,23.777394654008898
2025-11-03,SKU034,13,14.921901093159493
2025-11-04,SKU034,18,14.834266015746548
2025-11-05,SKU034,17,15.055221101584873
2025-11-06,SKU034,15,14.835118355344372
2025-11-07,SKU034,15,15.048731010637605
2025-11-08,SKU034,25,22.343343317431618
2025-11-09,SKU034,26,20.81139606013039
2025-11-10,SKU034,19,14.604408283242563
2025-11-11,SKU034,9,14.785734491551294
2025-11-12,SKU034,21,15.27157913871108
2025-11-13,SKU034,14,14.665772809146382
2025-11-14,SKU034,15,15.075238518379237
2025-11-15,SKU034,17,23.005642097417876
2025-11-16,SKU034,23,22.233838183072987
2025-11-17,SKU034,19,15.545671373816038
2025-11-18,SKU034,15,15.379227296967679
2025-11-19,SKU034,7,15.752521926800226
2025-11-20,SKU034,16,15.006226483715157
2025-11-21,SKU034,24,15.301412907658719
2025-11-22,SKU034,24,23.852453693869997
2025-11-23,SKU034,28,23.43093981784956
2025-11-24,SKU034,18,16.567410525266734
2025-11-25,SKU034,18,17.451852468614916
2025-11-26,SKU034,14,17.89566764469234
2025-11-27,SKU034,15,17.127824824044936
2025-11-28,SKU034,12,16.78424176390707
2025-11-29,SKU034,26,24.355852372510498
2025-11-30,SKU034,27,24.282522379883446
2025-12-01,SKU034,17,17.19592010994873
2025-12-02,SKU034,20,16.648407620821814
2025-12-03,SKU034,21,16.936349152437423
2025-12-04,SKU034,20,16.755955134078203
2025-12-05,SKU034,24,16.971214929069422
2025-12-06,SKU034,19,22.52961547285263
2025-12-07,SKU034,26,21.3918463910012
2025-12-08,SKU034,13,18.096452692021497
2025-12-09,SKU034,15,17.828720211349125
2025-12-10,SKU034,16,16.592114190568985
2025-12-11,SKU034,19,17.821759371226914
2025-12-12,SKU034,21,17.140512475401348
2025-12-13,SKU034,18,22.509912877941826
2025-12-14,SKU034,16,22.06601031404708
2025-12-15,SKU034,13,17.837695241033515
2025-12-16,SKU034,11,16.985593932702823
2025-12-17,SKU034,19,16.60982462214308
2025-12-18,SKU034,13,16.896258813471032
2025-12-19,SKU034,26,18.299836310170587
2025-12-20,SKU034,16,22.46255153272677
2025-12-21,SKU034,21,21.592215275803518
2025-12-22,SKU034,15,18.055001036557123
2025-12-23,SKU034,12,17.202569204106602
2025-12-24,SKU034,21,17.4579770193755
2025-12-25,SKU034,16,17.368160043720508
2025-12-26,SKU034,18,17.34771430750879
2025-12-27,SKU034,18,21.47649082845178
2025-12-28,SKU034,24,21.777102342269956
2025-12-29,SKU034,16,18.305846454780415
2025-12-30,SKU034,10,18.297373838924337
2025-12-31,SKU034,16,17.2057596637782
2025-11-02,SKU035,15,22.559884012004478
2025-11-03,SKU035,15,17.56616867180821
2025-11-04,SKU035,11,17.061145709665023
2025-11-05,SKU035,11,16.232334540415685
2025-11-06,SKU035,17,15.9234519790257
2025-11-07,SKU035,19,16.29655337497021
2025-11-08,SKU035,18,22.445517412156214
2025-11-09,SKU035,22,22.63623419584925
2025-11-10,SKU035,18,17.06206252419771
2025-11-11,SKU035,15,17.74431901075438
2025-11-12,SKU035,15,16.33627897702287
2025-11-13,SKU035,18,16.734646867190612
2025-11-14,SKU035,20,16.613223558062156
2025-11-15,SKU035,17,22.770274709571872
2025-11-16,SKU035,21,22.447840540327988
2025-11-17,SKU035,16,16.911117540401932
2025-11-18,SKU035,20,15.839072166007073
2025-11-19,SKU035,13,16.776242993547406
2025-11-20,SKU035,10,16.25405423959736
2025-11-21,SKU035,21,15.032373273210915
2025-11-22,SKU035,29,23.845478084319026
2025-11-23,SKU035,24,22.82325066584999
2025-11-24,SKU035,9,17.109349824807182
2025-11-25,SKU035,18,16.440660610446297
2025-11-26,SKU035,22,15.933360468567251
2025-11-27,SKU035,14,16.692984776032258
2025-11-28,SKU035,22,17.561855742986435
2025-11-29,SKU035,25,23.900011905062765
2025-11-30,SKU035,21,23.005173364560505
2025-12-01,SKU035,18,17.910960449778486
2025-12-02,SKU035,15,17.33583272068235
2025-12-03,SKU035,13,16.590677154212525
2025-12-04,SKU035,20,17.75976775181723
2025-12-05,SKU035,18,17.80715615169146
2025-12-06,SKU035,21,22.81378740386349
2025-12-07,SKU035,23,22.966896855197774
2025-12-08,SKU035,23,17.02294822211865
2025-12-09,SKU035,11,17.114064934104682
2025-12-10,SKU035,18,16.81361633897843
2025-12-11,SKU035,18,17.129955219749213
2025-12-12,SKU035,19,17.041355680827767
2025-12-13,SKU035,22,22.61573350574841
2025-12-14,SKU035,17,21.805007383184325
2025-12-15,SKU035,18,17.02294270583832
2025-12-16,SKU035,16,17.335756284322844
2025-12-17,SKU035,24,16.872428828375952
2025-12-18,SKU035,19,17.142142682735308
2025-12-19,SKU035,12,17.436237295446645
2025-12-20,SKU035,19,22.65899984178143
2025-12-21,SKU035,19,20.68416898703987
2025-12-22,SKU035,22,17.95988987038589
2025-12-23,SKU035,15,17.347025007064673
2025-12-24,SKU035,26,17.96348183887987
2025-12-25,SKU035,23,18.175582192059757
2025-12-26,SKU035,20,18.332118226702573
2025-12-27,SKU035,16,20.56148321380982
2025-12-28,SKU035,26,19.935166001259894
2025-12-29,SKU035,10,18.49299279415309
2025-12-30,SKU035,16,17.65475570390506
2025-12-31,SKU035,14,17.71680036635559
2025-11-02,SKU036,4,4.903847770162031
2025-11-03,SKU036,3,4.134621987446406
2025-11-04,SKU036,4,3.895709474543217
2025-11-05,SKU036,4,4.270770492278113
2025-11-06,SKU036,3,3.932116308021593
2025-11-07,SKU036,3,4.105830097470402
2025-11-08,SKU036,7,4.939611034934987
2025-11-09,SKU036,3,4.932755577612423
2025-11-10,SKU036,6,4.120410335495731
2025-11-11,SKU036,4,3.923394764080929
2025-11-12,SKU036,5,3.6450753793316206
2025-11-13,SKU036,5,3.8950423589348646
2025-11-14,SKU036,7,3.8063985254657062
2025-11-15,SKU036,2,6.422893087165363
2025-11-16,SKU036,1,6.9563380159856
2025-11-17,SKU036,2,3.7732908968697827
2025-11-18,SKU036,2,3.690983922000045
2025-11-19,SKU036,5,3.6446311189949263
2025-11-20,SKU036,4,3.8278057955333407
2025-11-21,SKU036,8,3.9228214917754793
2025-11-22,SKU036,7,6.1159199903273
2025-11-23,SKU036,7,5.6778921216968365
2025-11-24,SKU036,5,3.8090824607239404
2025-11-25,SKU036,2,3.6774425043033068
2025-11-26,SKU036,7,3.7313773331443594
2025-11-27,SKU036,3,4.167380700096846
2025-11-28,SKU036,3,4.304358411145865
2025-11-29,SKU036,6,6.748259655498246
2025-11-30,SKU036,5,6.0310289733008675
2025-12-01,SKU036,0,4.565114121508007
2025-12-02,SKU036,7,4.033707285695446
2025-12-03,SKU036,3,3.9374874535770608
2025-12-04,SKU036,2,4.207990721524696
2025-12-05,SKU036,3,4.269279202598792
2025-12-06,SKU036,7,4.2516022603436046
2025-12-07,SKU036,5,4.3469647625063725
2025-12-08,SKU036,5,4.629122214619496
2025-12-09,SKU036,4,4.3163600551219075
2025-12-10,SKU036,5,4.348579531445686
2025-12-11,SKU036,2,4.514699942786051
2025-12-12,SKU036,3,4.763645506492317
2025-12-13,SKU036,8,4.776484557321818
2025-12-14,SKU036,4,4.583352037927531
2025-12-15,SKU036,5,4.344862529948943
2025-12-16,SKU036,5,4.061396101169859
2025-12-17,SKU036,6,4.3024615083633435
2025-12-18,SKU036,7,4.5492063046152165
2025-12-19,SKU036,5,4.805885123288827
2025-12-20,SKU036,4,5.259281353514284
2025-12-21,SKU036,4,4.7610391904314255
2025-12-22,SKU036,3,4.343038733488509
2025-12-23,SKU036,3,4.215462487203767
2025-12-24,SKU036,6,4.339785721230641
2025-12-25,SKU036,2,4.338639624670658
2025-12-26,SKU036,6,4.484718096755498
2025-12-27,SKU036,4,4.648873758135874
2025-12-28,SKU036,6,4.840661241614994
2025-12-29,SKU036,4,4.488920709131071
2025-12-30,SKU036,2,4.529663586899
2025-12-31,SKU036,3,4.2165546484338385
2025-11-02,SKU037,22,28.450618618569546
2025-11-03,SKU037,25,19.27395397612439
2025-11-04,SKU037,19,19.007609632732056
2025-11-05,SKU037,25,18.83558854490666
2025-11-06,SKU037,19,19.378939665112238
2025-11-07,SKU037,26,19.793486249874444
2025-11-08,SKU037,30,28.62271264950397
2025-11-09,SKU037,27,28.225947055684706
2025-11-10,SKU037,22,19.183604981979606
2025-11-11,SKU037,23,19.470215829608495
2025-11-12,SKU037,20,19.931548315184973
2025-11-13,SKU037,22,19.726730569428018
2025-11-14,SKU037,21,20.262064919105303
2025-11-15,SKU037,22,27.017525513434435
2025-11-16,SKU037,20,26.4413492606881
2025-11-17,SKU037,25,20.017458125506334
2025-11-18,SKU037,14,21.006765822167754
2025-11-19,SKU037,27,19.85714142705426
2025-11-20,SKU037,23,20.76017598782819
2025-11-21,SKU037,23,20.879898132634402
2025-11-22,SKU037,27,26.032622273746252
2025-11-23,SKU037,27,26.841822706520652
2025-11-24,SKU037,19,21.23884411325208
2025-11-25,SKU037,16,20.727876371966612
2025-11-26,SKU037,20,20.48824189210518
2025-11-27,SKU037,15,20.34840823013399
2025-11-28,SKU037,19,19.737439909024435
2025-11-29,SKU037,23,28.512655020547303
2025-11-30,SKU037,32,30.123269423437847
2025-12-01,SKU037,26,20.27258989446125
2025-12-02,SKU037,23,20.606825993977445
2025-12-03,SKU037,17,20.91647450736405
2025-12-04,SKU037,12,20.67253036360259
2025-12-05,SKU037,25,20.449014177719707
2025-12-06,SKU037,30,23.853794643898524
2025-12-07,SKU037,22,23.74093271736237
2025-12-08,SKU037,16,20.66496107212965
2025-12-09,SKU037,22,20.33769503388041
2025-12-10,SKU037,19,20.560335158768435
2025-12-11,SKU037,16,20.553659108622448
2025-12-12,SKU037,18,20.388337300089766
2025-12-13,SKU037,20,24.100183156712205
2025-12-14,SKU037,22,24.521392429666015
2025-12-15,SKU037,19,20.506918795380813
2025-12-16,SKU037,14,20.496755516991904
2025-12-17,SKU037,25,20.271161647562682
2025-12-18,SKU037,19,20.87591636835953
2025-12-19,SKU037,17,20.272555964805992
2025-12-20,SKU037,19,24.262148461441107
2025-12-21,SKU037,26,24.04179701927943
2025-12-22,SKU037,28,21.013875649785845
2025-12-23,SKU037,20,21.75083426736602
2025-12-24,SKU037,22,19.82512047971017
2025-12-25,SKU037,23,19.644522380154555
2025-12-26,SKU037,23,20.81057344166984
2025-12-27,SKU037,20,25.189276433338463
2025-12-28,SKU037,25,24.637862990951888
2025-12-29,SKU037,19,22.311130799964168
2025-12-30,SKU037,23,21.654247462024127
2025-12-31,SKU037,17,21.049282481820157
2025-11-02,SKU038,4,7.2742912598257785
2025-11-03,SKU038,8,6.116611113717454
2025-11-04,SKU038,5,6.660549196985712
2025-11-05,SKU038,5,5.933732067933429
2025-11-06,SKU038,10,6.113562618564819
2025-11-07,SKU038,5,6.034791316885273
2025-11-08,SKU038,9,8.02980706347004
2025-11-09,SKU038,8,8.486092798697063
2025-11-10,SKU038,5,5.983285470173285
2025-11-11,SKU038,6,5.928998749588029
2025-11-12,SKU038,9,5.981735553154092
2025-11-13,SKU038,4,6.078091720551251
2025-11-14,SKU038,7,6.204918813834504
2025-11-15,SKU038,7,8.163041290115542
2025-11-16,SKU038,10,7.681707338165565
2025-11-17,SKU038,7,5.8397880778875795
2025-11-18,SKU038,8,6.5802867880678875
2025-11-19,SKU038,5,6.485623552559554
2025-11-20,SKU038,8,6.544595938573424
2025-11-21,SKU038,14,6.045688697747648
2025-11-22,SKU038,13,8.859409924837184
2025-11-23,SKU038,6,9.608514134026695
2025-11-24,SKU038,6,6.463923649780681
2025-11-25,SKU038,8,6.340955018974907
2025-11-26,SKU038,8,6.341226980613692
2025-11-27,SKU038,8,6.797574796765689
2025-11-28,SKU038,6,6.618814711809884
2025-11-29,SKU038,9,8.739432252129916
2025-11-30,SKU038,16,9.383958569682862
2025-12-01,SKU038,5,7.934286727766745
2025-12-02,SKU038,5,7.349061712792739
2025-12-03,SKU038,5,6.972024113135271
2025-12-04,SKU038,6,7.634804729091124
2025-12-05,SKU038,5,7.860526227057574
2025-12-06,SKU038,7,7.861742628995492
2025-12-07,SKU038,6,8.075310390898311
2025-12-08,SKU038,9,7.919556174531147
2025-12-09,SKU038,11,7.316668672702219
2025-12-10,SKU038,5,7.431197356956833
2025-12-11,SKU038,3,8.024836479685568
2025-12-12,SKU038,8,7.339137142979979
2025-12-13,SKU038,8,8.06808793791288
2025-12-14,SKU038,5,7.947147210082301
2025-12-15,SKU038,5,7.775650682899969
2025-12-16,SKU038,6,7.604418363370495
2025-12-17,SKU038,5,7.327740297290172
2025-12-18,SKU038,11,7.575150014454961
2025-12-19,SKU038,12,7.441161740592459
2025-12-20,SKU038,5,8.125598908919626
2025-12-21,SKU038,5,7.093132785915414
2025-12-22,SKU038,6,6.545962476219513
2025-12-23,SKU038,10,7.110046765383963
2025-12-24,SKU038,11,6.756574108064438
2025-12-25,SKU038,4,7.342383808169519
2025-12-26,SKU038,7,7.124586872444651
2025-12-27,SKU038,8,7.632467955592755
2025-12-28,SKU038,10,8.227415910483332
2025-12-29,SKU038,7,7.466076567330954
2025-12-30,SKU038,13,8.341674537956564
2025-12-31,SKU038,11,7.166247113658333
2025-11-02,SKU039,3,4.087896864683424
2025-11-03,SKU039,4,2.5442213278453663
2025-11-04,SKU039,4,2.5080596233613774
2025-11-05,SKU039,3,2.5154155932880506
2025-11-06,SKU039,3,2.482234384495526
2025-11-07,SKU039,1,2.6455799079681293
2025-11-08,SKU039,1,3.4120748074427674
2025-11-09,SKU039,2,3.514165778315184
2025-11-10,SKU039,3,2.4580563409831586
2025-11-11,SKU039,6,2.4875320597686192
2025-11-12,SKU039,2,2.1337077154700785
2025-11-13,SKU039,5,2.4661112120821693
2025-11-14,SKU039,5,2.283993202219811
2025-11-15,SKU039,3,4.4892428339652
2025-11-16,SKU039,0,3.406283440196073
2025-11-17,SKU039,5,2.26734103736861
2025-11-18,SKU039,1,2.1309852483826033
2025-11-19,SKU039,3,2.1070950455506527
2025-11-20,SKU039,3,2.247273794760163
2025-11-21,SKU039,0,2.5795948444458023
2025-11-22,SKU039,2,5.053422648010983
2025-11-23,SKU039,4,5.85298462515943
2025-11-24,SKU039,0,2.212776571858407
2025-11-25,SKU039,0,2.1559137692702652
2025-11-26,SKU039,2,2.4216445684571593
2025-11-27,SKU039,3,2.4226809134402263
2025-11-28,SKU039,2,2.577675091428487
2025-11-29,SKU039,3,3.7691055655187897
2025-11-30,SKU039,3,3.254492194186603
2025-12-01,SKU039,7,2.681048806638295
2025-12-02,SKU039,4,2.314237916125887
2025-12-03,SKU039,4,2.525910447382701
2025-12-04,SKU039,2,2.5063385919864065
2025-12-05,SKU039,2,2.706527672005937
2025-12-06,SKU039,2,2.874136495256296
2025-12-07,SKU039,2,2.8583408574806963
2025-12-08,SKU039,0,2.657372899580503
2025-12-09,SKU039,3,2.485358158754794
2025-12-10,SKU039,3,2.363015727902351
2025-12-11,SKU039,3,2.4124873629453423
2025-12-12,SKU039,1,2.755128097851533
2025-12-13,SKU039,4,2.5896319877468232
2025-12-14,SKU039,1,2.64334924643556
2025-12-15,SKU039,1,2.46666053265898
2025-12-16,SKU039,4,2.5356116071832138
2025-12-17,SKU039,0,2.4863430325752516
2025-12-18,SKU039,0,2.618258112091139
2025-12-19,SKU039,2,2.685605648084697
2025-12-20,SKU039,2,2.785665760206772
2025-12-21,SKU039,3,2.981895712414058
2025-12-22,SKU039,3,2.653191986841197
2025-12-23,SKU039,7,2.566360842830785
2025-12-24,SKU039,1,2.3805554991400477
2025-12-25,SKU039,6,2.449216013694235
2025-12-26,SKU039,2,2.234568362149764
2025-12-27,SKU039,1,2.6689110990909244
2025-12-28,SKU039,1,2.661821215501286
2025-12-29,SKU039,3,2.5508653442233036
2025-12-30,SKU039,6,2.271363179925869
2025-12-31,SKU039,3,2.5975944877358494
2025-11-02,SKU040,16,15.529767170942234
2025-11-03,SKU040,12,11.320416514586796
2025-11-04,SKU040,10,11.72241405230098
2025-11-05,SKU040,11,11.59969454264758
2025-11-06,SKU040,13,11.789254005553769
2025-11-07,SKU040,16,11.467474144865704
2025-11-08,SKU040,13,16.444010407042263
2025-11-09,SKU040,14,16.353904569320154
2025-11-10,SKU040,14,11.634058913766783
2025-11-11,SKU040,7,11.563496438795374
2025-11-12,SKU040,12,11.49286929806309
2025-11-13,SKU040,12,11.542832289127853
2025-11-14,SKU040,17,11.730227990716452
2025-11-15,SKU040,21,16.808041094175703
2025-11-16,SKU040,15,19.636523934698438
2025-11-17,SKU040,10,12.30367991788706
2025-11-18,SKU040,7,12.411483649677631
2025-11-19,SKU040,15,12.152293391340336
2025-11-20,SKU040,16,12.239917704628711
2025-11-21,SKU040,5,11.803765226184655
2025-11-22,SKU040,14,16.413491437139843
2025-11-23,SKU040,19,16.49325663240175
2025-11-24,SKU040,8,12.270198687096848
2025-11-25,SKU040,11,12.506903074148614
2025-11-26,SKU040,5,11.943575101073383
2025-11-27,SKU040,12,11.931649925135018
2025-11-28,SKU040,11,12.052481731250975
2025-11-29,SKU040,14,15.856499078058645
2025-11-30,SKU040,15,15.26138353790156
2025-12-01,SKU040,14,11.276337068013689
2025-12-02,SKU040,19,11.55739270266994
2025-12-03,SKU040,8,10.954879594296925
2025-12-04,SKU040,20,11.531073277806083
2025-12-05,SKU040,11,11.587574817612106
2025-12-06,SKU040,17,13.666872162288673
2025-12-07,SKU040,14,13.641295742737187
2025-12-08,SKU040,9,11.694074079787582
2025-12-09,SKU040,13,11.662561920544103
2025-12-10,SKU040,13,11.545631797290802
2025-12-11,SKU040,15,11.763157351653872
2025-12-12,SKU040,15,11.695587901116905
2025-12-13,SKU040,16,14.914382819136016
2025-12-14,SKU040,20,15.658083011019302
2025-12-15,SKU040,12,12.37342006052432
2025-12-16,SKU040,21,12.011792948978755
2025-12-17,SKU040,7,12.397985615337857
2025-12-18,SKU040,10,11.897363681951363
2025-12-19,SKU040,14,12.296078159515993
2025-12-20,SKU040,14,15.34019266517954
2025-12-21,SKU040,15,15.964353590221403
2025-12-22,SKU040,17,13.044182698385573
2025-12-23,SKU040,15,13.592105045891742
2025-12-24,SKU040,18,12.773501512048686
2025-12-25,SKU040,5,13.191692806941765
2025-12-26,SKU040,7,13.271912275656318
2025-12-27,SKU040,8,15.309077168034637
2025-12-28,SKU040,6,15.421384337976834
2025-12-29,SKU040,10,13.256135547811375
2025-12-30,SKU040,9,13.01937331743489
2025-12-31,SKU040,13,14.232045163212216
2025-11-02,SKU041,11,13.031134380076312
2025-11-03,SKU041,6,7.576869651073414
2025-11-04,SKU041,9,7.196048718717734
2025-11-05,SKU041,8,7.030413865813728
2025-11-06,SKU041,16,7.7431236143597015
2025-11-07,SKU041,4,8.318993522119943
2025-11-08,SKU041,19,11.940617341587558
2025-11-09,SKU041,17,11.809222532095118
2025-11-10,SKU041,8,8.5391996667161
2025-11-11,SKU041,5,8.639218968132424
2025-11-12,SKU041,12,8.526601727680914
2025-11-13,SKU041,6,8.472721739002566
2025-11-14,SKU041,13,8.398188715517824
2025-11-15,SKU041,10,14.068530678005116
2025-11-16,SKU041,11,13.162538561201366
2025-11-17,SKU041,8,7.642532184931939
2025-11-18,SKU041,2,8.21705862145446
2025-11-19,SKU041,12,8.3770839190246
2025-11-20,SKU041,6,8.228257579430817
2025-11-21,SKU041,5,7.88615847234865
2025-11-22,SKU041,6,12.161333998065157
2025-11-23,SKU041,13,12.74920799643444
2025-11-24,SKU041,8,7.925300888251147
2025-11-25,SKU041,17,8.888702689903372
2025-11-26,SKU041,9,8.399603416537257
2025-11-27,SKU041,7,8.166658757269627
2025-11-28,SKU041,13,8.442283837059112
2025-11-29,SKU041,13,13.28722837737469
2025-11-30,SKU041,16,14.228353014930649
2025-12-01,SKU041,11,9.098839278866294
2025-12-02,SKU041,9,9.119965376241266
2025-12-03,SKU041,14,9.612555490882585
2025-12-04,SKU041,8,9.478919732184655
2025-12-05,SKU041,13,9.13211698586614
2025-12-06,SKU041,12,10.298220625240122
2025-12-07,SKU041,11,11.13786294632404
2025-12-08,SKU041,7,11.507719468564737
2025-12-09,SKU041,7,9.981659032889961
2025-12-10,SKU041,10,8.799853861435901
2025-12-11,SKU041,7,8.858222573232576
2025-12-12,SKU041,9,9.631515590526595
2025-12-13,SKU041,11,10.848864339699286
2025-12-14,SKU041,15,11.441696126457265
2025-12-15,SKU041,14,9.717814583808261
2025-12-16,SKU041,7,9.786944559283562
2025-12-17,SKU041,7,9.76197561144838
2025-12-18,SKU041,7,10.304109164258769
2025-12-19,SKU041,11,9.627194490508318
2025-12-20,SKU041,11,11.758258131880304
2025-12-21,SKU041,14,11.865300448357196
2025-12-22,SKU041,5,10.819712462146
2025-12-23,SKU041,17,10.780439923676342
2025-12-24,SKU041,9,11.269307808319914
2025-12-25,SKU041,12,11.904321345268857
2025-12-26,SKU041,10,10.482009834760529
2025-12-27,SKU041,14,12.226477771955825
2025-12-28,SKU041,3,11.776242731689898
2025-12-29,SKU041,9,10.399360969201124
2025-12-30,SKU041,11,10.247042373358687
2025-12-31,SKU041,5,9.902693186761713
2025-11-02,SKU042,24,24.430776506923618
2025-11-03,SKU042,21,17.679360550352467
2025-11-04,SKU042,15,18.199605088116652
2025-11-05,SKU042,19,17.039687156593494
2025-11-06,SKU042,23,17.232539833689014
2025-11-07,SKU042,14,17.973376408650264
2025-11-08,SKU042,31,25.794558079676047
2025-11-09,SKU042,18,25.181383431884566
2025-11-10,SKU042,17,17.625980127014085
2025-11-11,SKU042,14,17.676988864853087
2025-11-12,SKU042,12,17.031162925622088
2025-11-13,SKU042,16,16.91456951397829
2025-11-14,SKU042,15,17.211515423293363
2025-11-15,SKU042,24,26.764942229300345
2025-11-16,SKU042,34,24.011370023802282
2025-11-17,SKU042,18,17.521621794475557
2025-11-18,SKU042,14,17.090941212524292
2025-11-19,SKU042,15,17.334988380981986
2025-11-20,SKU042,14,17.036630103128285
2025-11-21,SKU042,16,17.5298522307995
2025-11-22,SKU042,27,27.186259199158837
2025-11-23,SKU042,20,24.575641727969426
2025-11-24,SKU042,14,18.074789752598694
2025-11-25,SKU042,22,17.843753320043216
2025-11-26,SKU042,19,18.154128159257915
2025-11-27,SKU042,18,17.717834341708723
2025-11-28,SKU042,22,17.57437591287536
2025-11-29,SKU042,28,24.031936889118693
2025-11-30,SKU042,19,24.27156994498981
2025-12-01,SKU042,21,19.036519648218245
2025-12-02,SKU042,19,19.480638506831177
2025-12-03,SKU042,25,19.637967891627348
2025-12-04,SKU042,18,19.1404668058189
2025-12-05,SKU042,29,19.567233010027024
2025-12-06,SKU042,27,23.739649951880793
2025-12-07,SKU042,17,24.080103618209012
2025-12-08,SKU042,18,18.743565504764142
2025-12-09,SKU042,22,18.728208965989495
2025-12-10,SKU042,16,18.76806589664029
2025-12-11,SKU042,18,18.587312124923134
2025-12-12,SKU042,14,18.842312854093286
2025-12-13,SKU042,21,21.989165099628373
2025-12-14,SKU042,16,22.00807061515517
2025-12-15,SKU042,21,18.881728280832075
2025-12-16,SKU042,25,18.87854560946928
2025-12-17,SKU042,18,18.322473815061187
2025-12-18,SKU042,21,18.634395684442264
2025-12-19,SKU042,23,17.213850650119994
2025-12-20,SKU042,31,21.261023849910192
2025-12-21,SKU042,34,23.768595449186027
2025-12-22,SKU042,17,21.040585409707518
2025-12-23,SKU042,20,20.62212919439375
2025-12-24,SKU042,24,20.383773501144148
2025-12-25,SKU042,21,20.342127746256125
2025-12-26,SKU042,26,20.76242686378268
2025-12-27,SKU042,17,23.867870613368233
2025-12-28,SKU042,23,25.020813101612113
2025-12-29,SKU042,21,22.453796712076755
2025-12-30,SKU042,19,21.685776611438232
2025-12-31,SKU042,17,20.608523568283832
2025-11-02,SKU043,28,23.100086633626915
2025-11-03,SKU043,20,17.08843225947427
2025-11-04,SKU043,20,17.48103916844855
2025-11-05,SKU043,19,17.09049574979935
2025-11-06,SKU043,18,17.32915021248688
2025-11-07,SKU043,21,17.58002084555306
2025-11-08,SKU043,31,24.262228740174702
2025-11-09,SKU043,19,26.003277965742686
2025-11-10,SKU043,17,17.888720571065303
2025-11-11,SKU043,20,17.78064771581744
2025-11-12,SKU043,23,18.06234916531516
2025-11-13,SKU043,13,17.80138252876235
2025-11-14,SKU043,16,17.924176332498092
2025-11-15,SKU043,25,26.473140446618185
2025-11-16,SKU043,31,25.304053904994145
2025-11-17,SKU043,12,17.756184435096785
2025-11-18,SKU043,18,17.94087783362119
2025-11-19,SKU043,29,18.19605829474932
2025-11-20,SKU043,19,17.391877875009463
2025-11-21,SKU043,20,18.05212612581489
2025-11-22,SKU043,22,26.179976310923642
2025-11-23,SKU043,24,25.883031448971597
2025-11-24,SKU043,11,19.07380209150191
2025-11-25,SKU043,15,17.709996583792382
2025-11-26,SKU043,12,18.433803999977847
2025-11-27,SKU043,12,18.35827059509291
2025-11-28,SKU043,20,18.250511134965063
2025-11-29,SKU043,23,23.628340659651204
2025-11-30,SKU043,20,25.71707955119146
2025-12-01,SKU043,22,18.892983701193575
2025-12-02,SKU043,17,18.587470005172978
2025-12-03,SKU043,19,18.187302424131076
2025-12-04,SKU043,19,19.019413349849493
2025-12-05,SKU043,16,18.904350906778653
2025-12-06,SKU043,17,21.587636796707447
2025-12-07,SKU043,17,21.13306117549623
2025-12-08,SKU043,17,18.59492997609316
2025-12-09,SKU043,23,18.16843745529894
2025-12-10,SKU043,16,18.09988048180982
2025-12-11,SKU043,25,18.421003796808648
2025-12-12,SKU043,21,18.15067185636276
2025-12-13,SKU043,20,21.808126933476583
2025-12-14,SKU043,20,20.478543463134642
2025-12-15,SKU043,13,18.479417335716388
2025-12-16,SKU043,21,18.083458804971006
2025-12-17,SKU043,14,17.788897820447087
2025-12-18,SKU043,20,17.54358657774194
2025-12-19,SKU043,22,17.831731745182754
2025-12-20,SKU043,26,21.47921075990884
2025-12-21,SKU043,16,21.178589876542652
2025-12-22,SKU043,12,17.902519790046746
2025-12-23,SKU043,13,17.45482750121881
2025-12-24,SKU043,14,18.221573768292235
2025-12-25,SKU043,24,18.12392365302393
2025-12-26,SKU043,16,17.95798252484155
2025-12-27,SKU043,30,21.769702292622988
2025-12-28,SKU043,17,21.04734179917215
2025-12-29,SKU043,22,20.63537591387023
2025-12-30,SKU043,23,19.961531982824532
2025-12-31,SKU043,30,20.09637436846082
2025-11-02,SKU044,12,11.370663142702927
2025-11-03,SKU044,6,7.1355258228141825
2025-11-04,SKU044,6,6.853407735424201
2025-11-05,SKU044,11,6.959058401171342
2025-11-06,SKU044,12,7.08646241695892
2025-11-07,SKU044,4,7.520910524357975
2025-11-08,SKU044,6,10.60632416367242
2025-11-09,SKU044,13,9.794198884960434
2025-11-10,SKU044,6,7.360844264064031
2025-11-11,SKU044,6,7.352504495706415
2025-11-12,SKU044,3,7.367936384266826
2025-11-13,SKU044,9,7.43382173991662
2025-11-14,SKU044,7,7.584463648924898
2025-11-15,SKU044,8,9.272763204924233
2025-11-16,SKU044,14,8.946736547821908
2025-11-17,SKU044,8,7.3249012736233485
2025-11-18,SKU044,2,7.296895473254571
2025-11-19,SKU044,4,7.046176917429263
2025-11-20,SKU044,5,7.290006173914249
2025-11-21,SKU044,7,6.975288196214419
2025-11-22,SKU044,4,9.466790879006826
2025-11-23,SKU044,16,8.896555875889016
2025-11-24,SKU044,7,7.19320000403083
2025-11-25,SKU044,11,7.237235447485516
2025-11-26,SKU044,4,6.9030264134307115
2025-11-27,SKU044,7,6.972673703914379
2025-11-28,SKU044,7,6.9761329075408876
2025-11-29,SKU044,14,10.952742867236008
2025-11-30,SKU044,7,12.290916106841546
2025-12-01,SKU044,5,7.7080986887422975
2025-12-02,SKU044,8,8.166399368885155
2025-12-03,SKU044,14,7.494044534309893
2025-12-04,SKU044,7,7.6387936338612175
2025-12-05,SKU044,7,7.882467532930036
2025-12-06,SKU044,7,8.578636118136213
2025-12-07,SKU044,4,7.564857119135901
2025-12-08,SKU044,4,7.777335833277432
2025-12-09,SKU044,10,7.669844363856374
2025-12-10,SKU044,7,7.349324593960926
2025-12-11,SKU044,9,8.095818808689602
2025-12-12,SKU044,5,8.482377536899774
2025-12-13,SKU044,10,7.711902692609557
2025-12-14,SKU044,12,7.875297206165553
2025-12-15,SKU044,9,7.960640970137088
2025-12-16,SKU044,11,8.465502684064706
2025-12-17,SKU044,10,7.530978042817767
2025-12-18,SKU044,6,8.092105105551214
2025-12-19,SKU044,7,7.867583670904707
2025-12-20,SKU044,10,8.982808299479833
2025-12-21,SKU044,8,9.259350590097489
2025-12-22,SKU044,6,8.546284059198218
2025-12-23,SKU044,8,8.932985833913861
2025-12-24,SKU044,8,8.087574026170534
2025-12-25,SKU044,10,8.524025977120282
2025-12-26,SKU044,10,8.310981308392243
2025-12-27,SKU044,8,9.1504037811329
2025-12-28,SKU044,11,9.412536523794998
2025-12-29,SKU044,9,8.66906412544079
2025-12-30,SKU044,5,7.8370996378966025
2025-12-31,SKU044,5,8.063473790457941
2025-11-02,SKU045,31,23.208422243817495
2025-11-03,SKU045,11,18.644760267100146
2025-11-04,SKU045,19,17.9497279022303
2025-11-05,SKU045,22,16.921276173601374
2025-11-06,SKU045,18,17.342074385697906
2025-11-07,SKU045,23,17.79803479904543
2025-11-08,SKU045,33,25.00682400973858
2025-11-09,SKU045,28,26.376978594903868
2025-11-10,SKU045,24,17.535635659982162
2025-11-11,SKU045,15,17.49814752245613
2025-11-12,SKU045,18,18.09282306650819
2025-11-13,SKU045,19,18.365452518368127
2025-11-14,SKU045,25,18.08965898110526
2025-11-15,SKU045,22,27.869527247625467
2025-11-16,SKU045,27,27.290428965442814
2025-11-17,SKU045,15,19.499057986206175
2025-11-18,SKU045,22,19.012068439639688
2025-11-19,SKU045,15,19.84574826869095
2025-11-20,SKU045,17,18.553158732184546
2025-11-21,SKU045,29,18.34065969662095
2025-11-22,SKU045,33,25.508805291148303
2025-11-23,SKU045,24,26.315392136400074
2025-11-24,SKU045,18,20.691005056119344
2025-11-25,SKU045,26,19.773256272982177
2025-11-26,SKU045,15,21.473321889153144
2025-11-27,SKU045,17,20.02810472928816
2025-11-28,SKU045,24,20.6084859330948
2025-11-29,SKU045,30,27.454594739448588
2025-11-30,SKU045,34,27.820465987227266
2025-12-01,SKU045,18,20.568006082917254
2025-12-02,SKU045,23,20.58718121158864
2025-12-03,SKU045,26,21.52432490533706
2025-12-04,SKU045,24,20.91317750364596
2025-12-05,SKU045,19,21.24972771266974
2025-12-06,SKU045,27,22.541918429339617
2025-12-07,SKU045,29,24.330845723460993
2025-12-08,SKU045,20,20.812660066734733
2025-12-09,SKU045,26,21.108762712427747
2025-12-10,SKU045,20,21.43068429621026
2025-12-11,SKU045,16,20.698332129642267
2025-12-12,SKU045,17,20.978512091553657
2025-12-13,SKU045,26,24.178943399861247
2025-12-14,SKU045,27,23.899318106742502
2025-12-15,SKU045,20,20.967810079364014
2025-12-16,SKU045,19,21.155554695326668
2025-12-17,SKU045,13,20.625064121373317
2025-12-18,SKU045,10,20.651158730020185
2025-12-19,SKU045,18,20.255891529396703
2025-12-20,SKU045,21,24.024486468538253
2025-12-21,SKU045,22,23.255853308310478
2025-12-22,SKU045,22,20.60680808822543
2025-12-23,SKU045,15,20.936528847542082
2025-12-24,SKU045,15,20.78393449626698
2025-12-25,SKU045,28,20.53199083885069
2025-12-26,SKU045,24,20.923384335772013
2025-12-27,SKU045,23,24.146590069850973
2025-12-28,SKU045,30,24.35278525898197
2025-12-29,SKU045,19,22.456930000735838
2025-12-30,SKU045,20,22.910971898803158
2025-12-31,SKU045,20,22.022091984531617
2025-11-02,SKU046,14,11.114754241422384
2025-11-03,SKU046,4,7.230717072704563
2025-11-04,SKU046,6,7.277942264166986
2025-11-05,SKU046,7,7.588583823707333
2025-11-06,SKU046,13,7.28158499173963
2025-11-07,SKU046,2,7.315782807097598
2025-11-08,SKU046,8,10.666239626745865
2025-11-09,SKU046,9,9.338140664223108
2025-11-10,SKU046,6,7.418063406259515
2025-11-11,SKU046,7,7.207016927884671
2025-11-12,SKU046,5,7.365140366090384
2025-11-13,SKU046,10,7.395563092830433
2025-11-14,SKU046,9,7.474943713590787
2025-11-15,SKU046,13,8.85699822629599
2025-11-16,SKU046,6,10.784087703180601
2025-11-17,SKU046,13,7.107862455642109
2025-11-18,SKU046,5,7.105843427287759
2025-11-19,SKU046,10,7.046307284773285
2025-11-20,SKU046,6,7.16479095348238
2025-11-21,SKU046,7,6.886094928423525
2025-11-22,SKU046,7,10.977228061322876
2025-11-23,SKU046,5,10.64463007502763
2025-11-24,SKU046,6,6.88491402287571
2025-11-25,SKU046,8,6.932717503185492
2025-11-26,SKU046,6,6.719498611261924
2025-11-27,SKU046,5,6.987488780485714
2025-11-28,SKU046,6,7.146552010444903
2025-11-29,SKU046,12,8.332489314208571
2025-11-30,SKU046,9,11.147656923081422
2025-12-01,SKU046,7,8.479191161863893
2025-12-02,SKU046,7,8.38085149156675
2025-12-03,SKU046,6,7.70230084689799
2025-12-04,SKU046,8,7.898338812820166
2025-12-05,SKU046,6,8.246443669901728
2025-12-06,SKU046,8,8.277130199930129
2025-12-07,SKU046,14,8.157083214417113
2025-12-08,SKU046,7,8.141512621906589
2025-12-09,SKU046,10,7.9638789633715135
2025-12-10,SKU046,9,7.742638584556729
2025-12-11,SKU046,13,8.071454100074178
2025-12-12,SKU046,10,8.632512396612366
2025-12-13,SKU046,8,8.534707213271925
2025-12-14,SKU046,9,9.454730530861857
2025-12-15,SKU046,8,8.057643115821776
2025-12-16,SKU046,8,8.126227358524861
2025-12-17,SKU046,9,7.60836129251172
2025-12-18,SKU046,1,8.711819234953621
2025-12-19,SKU046,11,7.885346946635548
2025-12-20,SKU046,12,8.301059685717412
2025-12-21,SKU046,8,8.337265478787373
2025-12-22,SKU046,9,8.540118449078532
2025-12-23,SKU046,12,8.740403642964605
2025-12-24,SKU046,5,8.222083422784635
2025-12-25,SKU046,5,9.024803991535808
2025-12-26,SKU046,9,8.54480223313469
2025-12-27,SKU046,9,9.980634379777069
2025-12-28,SKU046,9,9.191795462870575
2025-12-29,SKU046,9,8.343757536150072
2025-12-30,SKU046,3,8.388906615976122
2025-12-31,SKU046,5,7.823305615315461
2025-11-02,SKU047,16,16.261119266242048
2025-11-03,SKU047,13,11.29583439200941
2025-11-04,SKU047,12,10.884666525391928
2025-11-05,SKU047,16,10.910068162032077
2025-11-06,SKU047,10,11.027823415992868
2025-11-07,SKU047,10,11.25236139813991
2025-11-08,SKU047,17,16.332314768590436
2025-11-09,SKU047,24,16.251927694088625
2025-11-10,SKU047,10,11.902454768762093
2025-11-11,SKU047,19,11.463982678034986
2025-11-12,SKU047,9,11.485729019655166
2025-11-13,SKU047,11,11.678921191026213
2025-11-14,SKU047,7,11.58567137700375
2025-11-15,SKU047,25,16.10973764969171
2025-11-16,SKU047,20,16.34618744737146
2025-11-17,SKU047,9,12.522374732843975
2025-11-18,SKU047,13,11.96362657443423
2025-11-19,SKU047,8,12.080801789765701
2025-11-20,SKU047,12,11.914379351172062
2025-11-21,SKU047,12,12.281044105703701
2025-11-22,SKU047,21,15.499922496290553
2025-11-23,SKU047,6,16.564431960769074
2025-11-24,SKU047,14,12.505403210875489
2025-11-25,SKU047,10,12.160618527072593
2025-11-26,SKU047,8,12.673763940114663
2025-11-27,SKU047,12,12.010943227988774
2025-11-28,SKU047,13,12.400422797928462
2025-11-29,SKU047,10,16.098988481833388
2025-11-30,SKU047,23,17.75270469340788
2025-12-01,SKU047,11,13.089717165529358
2025-12-02,SKU047,11,11.595183024464195
2025-12-03,SKU047,12,11.464645885910448
2025-12-04,SKU047,20,11.757585955552933
2025-12-05,SKU047,15,12.00928445665747
2025-12-06,SKU047,19,14.952712246436178
2025-12-07,SKU047,20,15.285837341616554
2025-12-08,SKU047,13,12.958194028004197
2025-12-09,SKU047,12,13.651448799337892
2025-12-10,SKU047,14,13.057111771979962
2025-12-11,SKU047,8,13.5289916838432
2025-12-12,SKU047,15,11.828329594621966
2025-12-13,SKU047,14,14.836612345395524
2025-12-14,SKU047,10,15.225252569650982
2025-12-15,SKU047,18,12.998474787629329
2025-12-16,SKU047,16,12.294844759638874
2025-12-17,SKU047,10,11.917240577980499
2025-12-18,SKU047,12,12.263400442881895
2025-12-19,SKU047,12,11.974270370227064
2025-12-20,SKU047,14,14.52513922798557
2025-12-21,SKU047,18,14.78680468664335
2025-12-22,SKU047,9,13.06349836983965
2025-12-23,SKU047,12,12.596301620524043
2025-12-24,SKU047,15,13.041553638096024
2025-12-25,SKU047,9,13.099411492014575
2025-12-26,SKU047,16,13.280338366520187
2025-12-27,SKU047,15,14.940954251997441
2025-12-28,SKU047,12,15.09620073162758
2025-12-29,SKU047,20,12.881483028267033
2025-12-30,SKU047,15,13.063826794525426
2025-12-31,SKU047,6,13.13100063363677
2025-11-02,SKU048,19,10.131453180294264
2025-11-03,SKU048,10,7.384499201700969
2025-11-04,SKU048,10,6.96210229552135
2025-11-05,SKU048,12,7.1440044563365745
2025-11-06,SKU048,7,7.463981574124246
2025-11-07,SKU048,5,6.771556332600335
2025-11-08,SKU048,12,12.782502201117795
2025-11-09,SKU048,7,11.285638512492014
2025-11-10,SKU048,6,7.04890430959568
2025-11-11,SKU048,7,7.1380264366606445
2025-11-12,SKU048,7,7.130282384956605
2025-11-13,SKU048,7,7.49701277480584
2025-11-14,SKU048,2,7.467631031590639
2025-11-15,SKU048,9,10.155320451658842
2025-11-16,SKU048,9,9.119778265082426
2025-11-17,SKU048,7,7.272846020419383
2025-11-18,SKU048,12,7.25145745022289
2025-11-19,SKU048,5,6.998490156239542
2025-11-20,SKU048,8,7.362969521325371
2025-11-21,SKU048,8,7.443513438291697
2025-11-22,SKU048,11,7.936582820018832
2025-11-23,SKU048,12,8.57582828348865
2025-11-24,SKU048,6,6.815318579062787
2025-11-25,SKU048,2,7.031946956434609
2025-11-26,SKU048,2,7.132304094416304
2025-11-27,SKU048,2,7.141576008910509
2025-11-28,SKU048,5,6.834227869516508
2025-11-29,SKU048,9,9.352880080553412
2025-11-30,SKU048,10,9.981561519826284
2025-12-01,SKU048,7,8.46416341945028
2025-12-02,SKU048,15,7.858962000693541
2025-12-03,SKU048,6,8.022795815506823
2025-12-04,SKU048,4,7.819445513545144
2025-12-05,SKU048,11,7.449548430472569
2025-12-06,SKU048,6,7.776945326250232
2025-12-07,SKU048,8,7.749979820044619
2025-12-08,SKU048,7,7.951797232507586
2025-12-09,SKU048,9,7.914497614504978
2025-12-10,SKU048,10,8.014965666833593
2025-12-11,SKU048,9,8.056475535689342
2025-12-12,SKU048,3,7.925787626874529
2025-12-13,SKU048,12,7.614338951954961
2025-12-14,SKU048,5,7.96531520245085
2025-12-15,SKU048,11,7.9965120555680675
2025-12-16,SKU048,7,7.982230294957009
2025-12-17,SKU048,6,7.412198256509164
2025-12-18,SKU048,7,8.116241425367528
2025-12-19,SKU048,7,7.748154939619455
2025-12-20,SKU048,9,8.138182244048508
2025-12-21,SKU048,11,7.745573890049244
2025-12-22,SKU048,6,8.131238756106045
2025-12-23,SKU048,5,8.063495135343729
2025-12-24,SKU048,10,7.7241648946807935
2025-12-25,SKU048,4,7.66116140184043
2025-12-26,SKU048,5,7.520945439415966
2025-12-27,SKU048,6,8.379459049372805
2025-12-28,SKU048,4,8.70523729475922
2025-12-29,SKU048,7,8.126303063357478
2025-12-30,SKU048,7,7.399423887044915
2025-12-31,SKU048,7,7.26277413597228
2025-11-02,SKU049,33,28.58642449572072
2025-11-03,SKU049,22,19.91238828055046
2025-11-04,SKU049,22,18.799399099136284
2025-11-05,SKU049,17,18.757486240380125
2025-11-06,SKU049,14,19.213783059770808
2025-11-07,SKU049,19,18.50808424041502
2025-11-08,SKU049,22,28.09310685403058
2025-11-09,SKU049,36,30.141774394564305
2025-11-10,SKU049,19,19.889312829499588
2025-11-11,SKU049,21,19.741127888392626
2025-11-12,SKU049,25,19.87607571256614
2025-11-13,SKU049,21,19.991989868782444
2025-11-14,SKU049,20,19.476146281697435
2025-11-15,SKU049,30,26.74289920886979
2025-11-16,SKU049,24,29.56537916319626
2025-11-17,SKU049,22,20.087860258335876
2025-11-18,SKU049,19,20.210393627163175
2025-11-19,SKU049,9,19.44707494028571
2025-11-20,SKU049,20,18.685003536138876
2025-11-21,SKU049,22,19.16137889778836
2025-11-22,SKU049,23,25.872571208578734
2025-11-23,SKU049,24,27.26404130787499
2025-11-24,SKU049,17,20.443955660558103
2025-11-25,SKU049,18,19.859046581538934
2025-11-26,SKU049,22,20.58747959724909
2025-11-27,SKU049,18,19.54389348832798
2025-11-28,SKU049,21,19.728645789270864
2025-11-29,SKU049,22,25.767046217532535
2025-11-30,SKU049,41,26.318250267256694
2025-12-01,SKU049,32,20.989072683945253
2025-12-02,SKU049,24,21.415865824139402
2025-12-03,SKU049,15,22.518396984846255
2025-12-04,SKU049,25,20.881736973341006
2025-12-05,SKU049,20,20.972171155952083
2025-12-06,SKU049,29,25.253040764497637
2025-12-07,SKU049,22,24.944403138511657
2025-12-08,SKU049,27,22.278421478243068
2025-12-09,SKU049,24,21.423673065813347
2025-12-10,SKU049,20,21.49669403102935
2025-12-11,SKU049,26,20.85596862873308
2025-12-12,SKU049,25,21.238852310885203
2025-12-13,SKU049,23,24.8740872446554
2025-12-14,SKU049,26,24.262445006629658
2025-12-15,SKU049,16,21.44538459231735
2025-12-16,SKU049,19,21.102877093614307
2025-12-17,SKU049,21,20.52448771893236
2025-12-18,SKU049,28,21.140918742215582
2025-12-19,SKU049,16,21.01802945220423
2025-12-20,SKU049,25,25.066705555374792
2025-12-21,SKU049,22,24.859191292817655
2025-12-22,SKU049,21,21.025484685124194
2025-12-23,SKU049,15,21.231071874123245
2025-12-24,SKU049,27,20.522899767060377
2025-12-25,SKU049,24,21.849655230842828
2025-12-26,SKU049,27,21.186398191611502
2025-12-27,SKU049,32,24.989970307411962
2025-12-28,SKU049,20,25.289102122231053
2025-12-29,SKU049,15,21.778823085210785
2025-12-30,SKU049,16,22.86252406243199
2025-12-31,SKU049,16,23.186644130853814
2025-11-02,SKU050,8,6.711635263637013
2025-11-03,SKU050,4,4.580272459279555
2025-11-04,SKU050,6,4.542343803770616
2025-11-05,SKU050,5,4.381407239084078
2025-11-06,SKU050,9,4.668735914554274
2025-11-07,SKU050,5,4.757039831301596
2025-11-08,SKU050,4,6.333624342347402
2025-11-09,SKU050,13,6.731587460721921
2025-11-10,SKU050,9,5.007294668662664
2025-11-11,SKU050,3,4.693752638430809
2025-11-12,SKU050,5,4.7657771719398285
2025-11-13,SKU050,5,5.189685588765692
2025-11-14,SKU050,4,5.422593454840967
2025-11-15,SKU050,8,6.197779069943708
2025-11-16,SKU050,6,6.600240101850991
2025-11-17,SKU050,8,4.990696273900191
2025-11-18,SKU050,4,4.859079982489755
2025-11-19,SKU050,7,4.56164913608022
2025-11-20,SKU050,2,4.975862841302574
2025-11-21,SKU050,4,4.919934158848836
2025-11-22,SKU050,11,6.222954188318012
2025-11-23,SKU050,5,7.336494414016099
2025-11-24,SKU050,3,5.351665406042312
2025-11-25,SKU050,2,5.322802426505525
2025-11-26,SKU050,5,4.35482044179175
2025-11-27,SKU050,5,5.032197041026416
2025-11-28,SKU050,4,5.393427144131537
2025-11-29,SKU050,6,6.252920792530704
2025-11-30,SKU050,5,6.327418617490688
2025-12-01,SKU050,5,5.974910149442829
2025-12-02,SKU050,6,5.046909056259846
2025-12-03,SKU050,8,4.510436484792618
2025-12-04,SKU050,6,5.898962547949541
2025-12-05,SKU050,3,5.969548252471157
2025-12-06,SKU050,6,6.000200349121784
2025-12-07,SKU050,6,6.34740840769443
2025-12-08,SKU050,9,5.686983208884877
2025-12-09,SKU050,5,6.009666344728538
2025-12-10,SKU050,3,4.727125631273483
2025-12-11,SKU050,1,5.528971900882118
2025-12-12,SKU050,7,5.525162363756684
2025-12-13,SKU050,3,5.793409214409057
2025-12-14,SKU050,6,6.155545758002607
2025-12-15,SKU050,4,5.581125763663266
2025-12-16,SKU050,4,5.180799684549246
2025-12-17,SKU050,1,4.8243445792443875
2025-12-18,SKU050,3,5.807184369875032
2025-12-19,SKU050,5,5.347395176265003
2025-12-20,SKU050,9,5.9783117931395156
2025-12-21,SKU050,8,5.989396939116317
2025-12-22,SKU050,5,5.354699566239333
2025-12-23,SKU050,7,5.532795346491672
2025-12-24,SKU050,4,5.394081017624862
2025-12-25,SKU050,8,5.543193884696419
2025-12-26,SKU050,7,6.031654562255133
2025-12-27,SKU050,7,6.72944078961611
2025-12-28,SKU050,11,7.6740168947063045
2025-12-29,SKU050,10,5.797724312513443
2025-12-30,SKU050,8,6.046788636495806
2025-12-31,SKU050,9,6.100922530542674
