date,sku_id,product_name,category,vendor,warehouse_location,sales_channel,units_sold,stock_level,reorder_point,supplier_lead_time_days,unit_cost,unit_price,revenue,on_promotion,discount_pct,temperature_c,customer_rating
2025-05-08,SKU103,Yoga Mat,Fitness,Vendor C,East,Retail Store,58.0,43.0,42,8,28.05,51.04,2960.32,False,0.0,30.1,4.7
2025-07-29,SKU111,Water Bottle,Fitness,Vendor A,North,Retail Store,33.0,350.0,79,12,24.6,52.01,1716.33,False,0.0,19.9,4.8
2025-04-17,SKU102,Running Shoes,Footwear,Vendor B,West,Online,46.0,259.0,51,14,48.81,90.37,4157.02,False,0.0,21.3,4.6
2025-09-25,SKU112,Hoodie,Apparel,Vendor B,South,Online,52.0,316.0,73,11,65.48,148.54,7724.08,False,0.0,19.9,4.7
2025-01-23,SKU107,Baseball Cap,Accessories,Vendor A,South,Wholesale,32.0,122.0,74,13,46.67,72.31,2313.92,False,0.0,21.5,5.0
2025-11-21,SKU108,Sports Socks,Apparel,Vendor B,East,Retail Store,88.0,323.0,64,3,56.21,111.36,9799.68,False,0.0,27.2,4.0
2025-01-08,SKU102,Running Shoes,Footwear,Vendor B,West,Online,42.0,99.0,51,14,48.81,90.37,3795.54,False,0.0,24.6,4.2
2025-09-18,SKU107,Baseball Cap,Accessories,Vendor A,South,Online,58.0,266.0,74,13,46.67,72.31,4193.98,False,0.0,40.5,4.3
2025-08-12,SKU106,Denim Jeans,Apparel,Vendor C,South,Online,44.0,154.0,87,9,71.61,120.54,5303.76,False,0.0,25.5,4.1
2025-05-07,SKU108,Sports Socks,Apparel,Vendor B,East,Online,88.0,172.0,64,3,56.21,111.36,9799.68,True,22.0,12.7,3.9
2025-04-18,SKU109,Gym Bag,Fitness,Vendor C,West,Online,11.0,198.0,45,12,73.66,161.49,1776.39,False,0.0,23.1,4.0
2025-11-19,SKU110,Smart Watch,Electronics,Vendor D,North,Online,83.0,281.0,88,6,77.96,163.29,13553.07,False,0.0,25.7,4.2
2025-04-12,SKU108,Sports Socks,Apparel,Vendor B,East,Online,83.0,212.0,64,3,56.21,111.36,9242.88,False,0.0,27.1,4.6
2025-11-25,SKU107,Baseball Cap,Accessories,Vendor A,South,Online,96.0,184.0,74,13,46.67,72.31,6941.76,False,0.0,34.1,4.3
2025-03-07,SKU101,Cotton T-Shirt,Apparel,Vendor A,North,Retail Store,35.0,140.0,74,6,33.5,57.73,2020.55,True,16.0,8.4,5.0
2025-12-02,SKU109,Gym Bag,Fitness,Vendor C,West,Retail Store,16.0,232.0,45,12,73.66,161.49,2583.84,False,0.0,25.7,
2025-09-01,SKU103,Yoga Mat,Fitness,Vendor C,East,Retail Store,78.0,60.0,42,8,28.05,51.04,3981.12,True,32.0,38.0,3.8
2025-06-06,SKU102,Running Shoes,Footwear,Vendor B,West,Online,,196.0,51,14,48.81,90.37,4879.98,False,0.0,33.5,4.7
2025-10-03,SKU102,Running Shoes,Footwear,Vendor B,West,Wholesale,69.0,112.0,51,14,48.81,90.37,6235.53,False,0.0,18.3,3.9
2025-03-16,SKU101,Cotton T-Shirt,Apparel,Vendor A,North,Wholesale,31.0,323.0,74,6,33.5,57.73,1789.63,False,0.0,29.4,4.4
2025-05-14,SKU103,Yoga Mat,Fitness,Vendor C,East,Online,46.0,202.0,42,8,28.05,51.04,2347.84,False,0.0,25.1,3.4
2025-03-07,SKU107,Baseball Cap,Accessories,Vendor A,South,Online,54.0,257.0,74,13,46.67,72.31,3904.74,False,0.0,30.0,3.7
2025-01-30,SKU102,Running Shoes,Footwear,Vendor B,West,Retail Store,32.0,291.0,51,14,48.81,90.37,2891.84,True,19.0,19.9,5.0
2025-08-22,SKU105,Sunglasses,Accessories,Vendor A,North,Online,26.0,288.0,59,3,85.64,143.16,3722.16,False,0.0,28.6,4.8
2025-11-16,SKU105,Sunglasses,Accessories,Vendor A,North,Online,47.0,107.0,59,3,85.64,143.16,6728.52,False,0.0,36.4,4.8
2025-04-21,SKU106,Denim Jeans,Apparel,Vendor C,South,Online,84.0,257.0,87,9,71.61,120.54,10125.36,False,0.0,9.0,4.0
2025-04-17,SKU112,Hoodie,Apparel,Vendor B,South,Online,43.0,120.0,73,11,65.48,148.54,6387.22,False,0.0,21.3,4.6
2025-09-29,SKU104,Protein Powder,Health,Vendor B,East,Retail Store,26.0,165.0,70,9,49.68,111.64,2902.64,False,0.0,25.5,4.4
2025-09-16,SKU112,Hoodie,Apparel,Vendor B,South,Online,44.0,167.0,73,11,65.48,148.54,6535.76,False,0.0,23.0,4.3
2025-08-08,SKU108,Sports Socks,Apparel,Vendor B,East,Online,65.0,156.0,64,3,56.21,111.36,7238.4,False,0.0,29.5,3.9
2025-09-01,SKU101,Cotton T-Shirt,Apparel,Vendor A,North,Retail Store,18.0,125.0,74,6,33.5,57.73,1039.14,False,0.0,39.8,4.5
2025-02-26,SKU107,Baseball Cap,Accessories,Vendor A,South,Online,86.0,94.0,74,13,46.67,72.31,6218.66,True,14.0,19.0,3.9
2025-05-31,SKU109,Gym Bag,Fitness,Vendor C,West,Online,19.0,119.0,45,12,73.66,161.49,3068.31,False,0.0,23.7,3.5
2025-10-09,SKU111,Water Bottle,Fitness,Vendor A,North,Retail Store,26.0,212.0,79,12,24.6,52.01,1352.26,False,0.0,22.2,4.7
2025-03-19,SKU101,Cotton T-Shirt,Apparel,Vendor A,North,Retail Store,21.0,268.0,74,6,33.5,57.73,1212.33,False,0.0,27.4,3.9
2025-04-11,SKU109,Gym Bag,Fitness,Vendor C,West,Online,8.0,97.0,45,12,73.66,161.49,1291.92,False,0.0,10.1,3.5
2025-03-16,SKU104,Protein Powder,Health,Vendor B,East,Online,25.0,256.0,70,9,49.68,111.64,2791.0,False,0.0,22.4,4.1
2025-10-04,SKU102,Running Shoes,Footwear,Vendor B,West,Retail Store,98.0,285.0,51,14,48.81,90.37,8856.26,False,0.0,19.5,3.8
2025-07-05,SKU109,Gym Bag,Fitness,Vendor C,West,Online,13.0,125.0,45,12,73.66,161.49,2099.37,False,0.0,25.1,4.4
2025-02-12,SKU107,Baseball Cap,Accessories,Vendor A,South,Online,52.0,243.0,74,13,46.67,72.31,3760.12,False,0.0,34.6,4.4
2025-02-16,SKU103,Yoga Mat,Fitness,Vendor C,East,Online,28.0,95.0,42,8,28.05,51.04,1429.12,False,0.0,21.9,3.5
2025-06-25,SKU101,Cotton T-Shirt,Apparel,Vendor A,North,Online,18.0,79.0,74,6,33.5,57.73,1039.14,False,0.0,16.8,4.9
2025-04-17,SKU105,Sunglasses,Accessories,Vendor A,North,Retail Store,25.0,130.0,59,3,85.64,143.16,3579.0,False,0.0,28.4,4.5
2025-08-05,SKU112,Hoodie,Apparel,Vendor B,South,Online,38.0,112.0,73,11,65.48,148.54,5644.52,False,0.0,14.4,5.0
2025-06-23,SKU106,Denim Jeans,Apparel,Vendor C,South,Online,77.0,117.0,87,9,71.61,120.54,9281.58,False,0.0,20.9,4.3
2025-08-26,SKU101,Cotton T-Shirt,Apparel,Vendor A,North,Online,16.0,143.0,74,6,33.5,57.73,923.68,False,0.0,14.5,4.1
2025-02-08,SKU111,Water Bottle,Fitness,Vendor A,North,Retail Store,28.0,132.0,79,12,24.6,52.01,1456.28,False,0.0,13.6,3.9
2025-09-10,SKU101,Cotton T-Shirt,Apparel,Vendor A,North,Retail Store,13.0,166.0,74,6,33.5,57.73,750.49,False,0.0,34.4,4.8
2025-11-15,SKU103,Yoga Mat,Fitness,Vendor C,East,Retail Store,75.0,164.0,42,8,28.05,51.04,3828.0,False,0.0,15.9,3.7
2025-04-10,SKU111,Water Bottle,Fitness,Vendor A,North,Online,26.0,147.0,79,12,24.6,52.01,1352.26,False,0.0,28.4,3.9
2025-06-07,SKU102,Running Shoes,Footwear,Vendor B,West,Online,71.0,125.0,51,14,48.81,90.37,6416.27,False,0.0,33.2,3.4
2025-08-03,SKU106,Denim Jeans,Apparel,Vendor C,South,Retail Store,87.0,176.0,87,9,71.61,120.54,10486.98,False,0.0,23.3,4.0
2025-06-15,SKU111,Water Bottle,Fitness,Vendor A,North,Online,36.0,250.0,79,12,24.6,52.01,1872.36,False,0.0,27.4,3.9
2025-11-07,SKU112,Hoodie,Apparel,Vendor B,South,Online,73.0,182.0,73,11,65.48,148.54,10843.42,False,0.0,32.7,5.0
2025-04-30,SKU102,Running Shoes,Footwear,Vendor B,West,Online,57.0,82.0,51,14,48.81,90.37,5151.09,False,0.0,34.0,4.6
2025-08-17,SKU104,Protein Powder,Health,Vendor B,East,Retail Store,29.0,147.0,70,9,49.68,111.64,3237.56,False,0.0,30.5,3.1
2025-02-15,SKU110,Smart Watch,Electronics,Vendor D,North,Online,46.0,255.0,88,6,77.96,163.29,7511.34,False,0.0,25.6,4.4
2025-02-20,SKU112,Hoodie,Apparel,Vendor B,South,Online,42.0,151.0,73,11,65.48,148.54,6238.68,False,0.0,24.8,4.7
2025-12-10,SKU101,Cotton T-Shirt,Apparel,Vendor A,North,Retail Store,33.0,123.0,74,6,33.5,57.73,1905.09,False,0.0,13.4,4.6
2025-08-02,SKU108,Sports Socks,Apparel,Vendor B,East,Online,68.0,128.0,64,3,56.21,111.36,7572.48,False,0.0,10.5,4.5
2025-09-26,SKU101,Cotton T-Shirt,Apparel,Vendor A,North,Retail Store,21.0,219.0,74,6,33.5,57.73,1212.33,False,0.0,13.3,4.1
2025-11-03,SKU101,Cotton T-Shirt,Apparel,Vendor A,North,Online,26.0,189.0,74,6,33.5,57.73,1500.98,False,0.0,22.4,3.3
2025-04-19,SKU108,Sports Socks,Apparel,Vendor B,East,Retail Store,75.0,146.0,64,3,56.21,111.36,8352.0,False,0.0,32.7,4.1
2025-04-04,SKU103,Yoga Mat,Fitness,Vendor C,East,Retail Store,45.0,181.0,42,8,28.05,51.04,2296.8,False,0.0,14.7,4.1
2025-10-03,SKU108,Sports Socks,Apparel,Vendor B,East,Online,52.0,253.0,64,3,56.21,111.36,5790.72,False,0.0,20.0,4.3
2025-05-10,SKU101,Cotton T-Shirt,Apparel,Vendor A,North,Retail Store,29.0,130.0,74,6,33.5,57.73,1674.17,False,0.0,39.1,3.6
2025-02-12,SKU108,Sports Socks,Apparel,Vendor B,East,Retail Store,40.0,154.0,64,3,56.21,111.36,4454.4,False,0.0,28.0,3.8
2025-08-09,SKU110,Smart Watch,Electronics,Vendor D,North,Wholesale,62.0,138.0,88,6,77.96,163.29,10123.98,False,0.0,24.6,3.7
2025-05-18,SKU104,Protein Powder,Health,Vendor B,East,Online,28.0,196.0,70,9,49.68,111.64,3125.92,False,0.0,26.7,3.4
2025-01-28,SKU103,Yoga Mat,Fitness,Vendor C,East,Retail Store,24.0,160.0,42,8,28.05,51.04,1224.96,False,0.0,23.9,4.6
2025-09-30,SKU107,Baseball Cap,Accessories,Vendor A,South,Online,76.0,103.0,74,13,46.67,72.31,5495.56,True,37.0,27.3,4.0
2025-01-13,SKU107,Baseball Cap,Accessories,Vendor A,South,Wholesale,51.0,303.0,74,13,46.67,72.31,3687.81,False,0.0,22.5,4.2
2025-08-24,SKU109,Gym Bag,Fitness,Vendor C,West,Online,16.0,84.0,45,12,73.66,161.49,2583.84,False,0.0,15.8,4.5
2025-11-03,SKU104,Protein Powder,Health,Vendor B,East,Wholesale,38.0,246.0,70,9,49.68,111.64,4242.32,False,0.0,28.6,4.0
2025-04-07,SKU109,Gym Bag,Fitness,Vendor C,West,Wholesale,12.0,142.0,45,12,73.66,161.49,1937.88,False,0.0,31.5,4.1
2025-02-23,SKU104,Protein Powder,Health,Vendor B,East,Retail Store,22.0,117.0,70,9,49.68,111.64,2456.08,False,0.0,29.6,4.8
2025-03-23,SKU101,Cotton T-Shirt,Apparel,Vendor A,North,Retail Store,29.0,176.0,74,6,33.5,57.73,1674.17,False,0.0,23.9,4.2
2025-08-24,SKU108,Sports Socks,Apparel,Vendor B,East,Retail Store,70.0,101.0,64,3,56.21,111.36,7795.2,False,0.0,16.8,3.8
2025-05-09,SKU108,Sports Socks,Apparel,Vendor B,East,Wholesale,47.0,76.0,64,3,56.21,111.36,5233.92,False,0.0,29.9,4.7
2025-06-11,SKU109,Gym Bag,Fitness,Vendor C,West,Retail Store,11.0,193.0,45,12,73.66,161.49,1776.39,False,0.0,16.5,3.8
2025-04-03,SKU108,Sports Socks,Apparel,Vendor B,East,Online,67.0,99.0,64,3,56.21,111.36,7461.12,True,12.0,22.1,4.8
2025-11-07,SKU102,Running Shoes,Footwear,Vendor B,West,Online,100.0,158.0,51,14,48.81,90.37,9037.0,False,0.0,23.8,3.9
2025-12-15,SKU111,Water Bottle,Fitness,Vendor A,North,Online,33.0,277.0,79,12,24.6,52.01,1716.33,False,0.0,26.7,4.2
2025-02-09,SKU103,Yoga Mat,Fitness,Vendor C,East,Retail Store,43.0,175.0,42,8,28.05,51.04,2194.72,False,0.0,18.4,4.3
2025-07-30,SKU103,Yoga Mat,Fitness,Vendor C,East,Online,68.0,77.0,42,8,28.05,51.04,3470.72,False,0.0,13.0,4.3
2025-03-04,SKU108,Sports Socks,Apparel,Vendor B,East,Retail Store,45.0,217.0,64,3,56.21,111.36,5011.2,False,0.0,26.1,4.6
2025-08-27,SKU109,Gym Bag,Fitness,Vendor C,West,Online,9.0,51.0,45,12,73.66,161.49,1453.41,False,0.0,18.7,3.8
2025-04-27,SKU110,Smart Watch,Electronics,Vendor D,North,Online,60.0,255.0,88,6,77.96,163.29,9797.4,False,0.0,17.8,4.6
2025-03-17,SKU105,Sunglasses,Accessories,Vendor A,North,Online,23.0,133.0,59,3,85.64,143.16,3292.68,False,0.0,22.9,3.7
2025-06-17,SKU112,Hoodie,Apparel,Vendor B,South,Online,65.0,166.0,73,11,65.48,148.54,9655.1,False,0.0,28.6,4.7
2025-09-23,SKU103,Yoga Mat,Fitness,Vendor C,East,Retail Store,62.0,249.0,42,8,28.05,51.04,3164.48,True,33.0,27.7,5.0
2025-11-17,SKU106,Denim Jeans,Apparel,Vendor C,South,Online,190.0,218.0,87,9,71.61,120.54,22902.6,True,35.0,17.1,4.5
2025-04-29,SKU110,Smart Watch,Electronics,Vendor D,North,Retail Store,64.0,129.0,88,6,77.96,163.29,10450.56,False,0.0,21.5,4.0
2025-11-27,SKU110,Smart Watch,Electronics,Vendor D,North,Online,97.0,129.0,88,6,77.96,163.29,15839.13,False,0.0,25.1,4.6
2025-12-23,SKU101,Cotton T-Shirt,Apparel,Vendor A,North,Retail Store,25.0,331.0,74,6,33.5,57.73,1443.25,False,0.0,8.9,3.9
2025-04-01,SKU109,Gym Bag,Fitness,Vendor C,West,Retail Store,16.0,227.0,45,12,73.66,161.49,2583.84,False,0.0,24.0,4.1
2025-11-08,SKU104,Protein Powder,Health,Vendor B,East,Online,42.0,91.0,70,9,49.68,111.64,4688.88,False,0.0,29.0,3.9
2025-09-01,SKU112,Hoodie,Apparel,Vendor B,South,Retail Store,64.0,242.0,73,11,65.48,148.54,9506.56,False,0.0,21.6,4.9
2025-10-07,SKU107,Baseball Cap,Accessories,Vendor A,South,Online,44.0,103.0,74,13,46.67,72.31,3181.64,False,0.0,29.0,4.9
2025-09-16,SKU110,Smart Watch,Electronics,Vendor D,North,Retail Store,27.0,201.0,88,6,77.96,163.29,4408.83,False,0.0,25.3,3.9
2025-12-24,SKU101,Cotton T-Shirt,Apparel,Vendor A,North,Retail Store,31.0,300.0,74,6,33.5,57.73,1789.63,False,0.0,37.1,3.8
2025-04-18,SKU102,Running Shoes,Footwear,Vendor B,West,Online,75.0,184.0,51,14,48.81,90.37,6777.75,False,0.0,33.0,4.4
2025-01-06,SKU101,Cotton T-Shirt,Apparel,Vendor A,North,Retail Store,5.0,285.0,74,6,33.5,57.73,288.65,False,0.0,30.7,4.4
2025-10-05,SKU104,Protein Powder,Health,Vendor B,East,Online,23.0,231.0,70,9,49.68,111.64,2567.72,False,0.0,23.1,4.5
2025-05-12,SKU107,Baseball Cap,Accessories,Vendor A,South,Retail Store,67.0,163.0,74,13,46.67,72.31,4844.77,False,0.0,18.5,4.2
2025-08-04,SKU110,Smart Watch,Electronics,Vendor D,North,Online,47.0,267.0,88,6,77.96,163.29,7674.63,False,0.0,25.2,3.6
2025-11-15,SKU112,Hoodie,Apparel,Vendor B,South,Online,92.0,161.0,73,11,65.48,148.54,13665.68,False,0.0,31.3,3.9
2025-03-20,SKU111,Water Bottle,Fitness,Vendor A,North,Retail Store,19.0,211.0,79,12,24.6,52.01,988.19,False,0.0,0.9,4.4
2025-08-01,SKU109,Gym Bag,Fitness,Vendor C,West,Retail Store,15.0,183.0,45,12,73.66,161.49,2422.35,False,0.0,21.0,4.9
2025-12-09,SKU101,Cotton T-Shirt,Apparel,Vendor A,North,Retail Store,25.0,156.0,74,6,33.5,57.73,1443.25,False,0.0,29.5,4.2
2025-02-06,SKU109,Gym Bag,Fitness,Vendor C,West,Online,7.0,134.0,45,12,73.66,161.49,1130.43,False,0.0,27.3,4.5
2025-07-18,SKU112,Hoodie,Apparel,Vendor B,South,Retail Store,43.0,78.0,73,11,65.48,148.54,6387.22,False,0.0,18.5,3.7
2025-09-25,SKU109,Gym Bag,Fitness,Vendor C,West,Online,14.0,50.0,45,12,73.66,161.49,2260.86,False,0.0,26.3,4.3
2025-03-11,SKU108,Sports Socks,Apparel,Vendor B,East,Online,50.0,89.0,64,3,56.21,111.36,5568.0,False,0.0,27.0,3.7
2025-01-24,SKU106,Denim Jeans,Apparel,Vendor C,South,Online,46.0,185.0,87,9,71.61,120.54,5544.84,False,0.0,26.9,3.9
2025-02-14,SKU102,Running Shoes,Footwear,Vendor B,West,Online,64.0,208.0,51,14,48.81,90.37,5783.68,False,0.0,6.4,3.5
2025-08-12,SKU110,Smart Watch,Electronics,Vendor D,North,Online,65.0,262.0,88,6,77.96,163.29,10613.85,False,0.0,14.8,4.3
2025-01-08,SKU103,Yoga Mat,Fitness,Vendor C,East,Online,24.0,195.0,42,8,28.05,51.04,1224.96,False,0.0,18.0,4.4
2025-09-09,SKU105,Sunglasses,Accessories,Vendor A,North,Retail Store,21.0,284.0,59,3,85.64,143.16,3006.36,False,0.0,32.1,3.8
2025-03-29,SKU107,Baseball Cap,Accessories,Vendor A,South,Online,58.0,125.0,74,13,46.67,72.31,4193.98,False,0.0,31.4,4.5
2025-04-13,SKU105,Sunglasses,Accessories,Vendor A,North,Wholesale,29.0,87.0,59,3,85.64,143.16,4151.64,False,0.0,19.5,4.0
2025-08-25,SKU110,Smart Watch,Electronics,Vendor D,North,Retail Store,115.0,236.0,88,6,77.96,163.29,18778.35,True,20.0,45.7,4.1
2025-06-17,SKU106,Denim Jeans,Apparel,Vendor C,South,Online,56.0,88.0,87,9,71.61,120.54,6750.24,False,0.0,25.6,4.8
2025-03-08,SKU103,Yoga Mat,Fitness,Vendor C,East,Retail Store,55.0,144.0,42,8,28.05,51.04,2807.2,False,0.0,28.5,4.7
2025-07-31,SKU109,Gym Bag,Fitness,Vendor C,West,Online,10.0,198.0,45,12,73.66,161.49,1614.9,False,0.0,16.1,4.6
2025-01-27,SKU110,Smart Watch,Electronics,Vendor D,North,Retail Store,58.0,212.0,88,6,77.96,163.29,9470.82,False,0.0,20.6,3.7
2025-05-04,SKU106,Denim Jeans,Apparel,Vendor C,South,Online,80.0,169.0,87,9,71.61,120.54,9643.2,False,0.0,30.0,4.0
2025-02-06,SKU112,Hoodie,Apparel,Vendor B,South,Retail Store,45.0,151.0,73,11,65.48,148.54,6684.3,False,0.0,25.1,4.7
2025-07-31,SKU102,Running Shoes,Footwear,Vendor B,West,Online,55.0,244.0,51,14,48.81,90.37,4970.35,False,0.0,11.1,4.1
2025-01-09,SKU104,Protein Powder,Health,Vendor B,East,Online,15.0,156.0,70,9,49.68,111.64,1674.6,False,0.0,24.7,4.0
2025-09-16,SKU101,Cotton T-Shirt,Apparel,Vendor A,North,Online,23.0,203.0,74,6,33.5,57.73,1327.79,False,0.0,14.2,4.1
2025-09-16,SKU111,Water Bottle,Fitness,Vendor A,North,Online,25.0,184.0,79,12,24.6,52.01,1300.25,False,0.0,25.8,3.9
2025-11-27,SKU101,Cotton T-Shirt,Apparel,Vendor A,North,Online,29.0,117.0,74,6,33.5,57.73,1674.17,False,0.0,27.0,4.3
2025-11-24,SKU107,Baseball Cap,Accessories,Vendor A,South,Online,74.0,93.0,74,13,46.67,72.31,5350.94,False,0.0,18.9,4.1
2025-08-13,SKU109,Gym Bag,Fitness,Vendor C,West,Online,13.0,231.0,45,12,73.66,161.49,2099.37,False,0.0,22.9,4.1
2025-11-23,SKU101,Cotton T-Shirt,Apparel,Vendor A,North,Online,39.0,245.0,74,6,33.5,57.73,2251.47,False,0.0,27.0,4.4
2025-09-21,SKU109,Gym Bag,Fitness,Vendor C,West,Online,20.0,97.0,45,12,73.66,161.49,3229.8,False,0.0,25.7,4.3
2025-02-18,SKU102,Running Shoes,Footwear,Vendor B,West,Online,54.0,141.0,51,14,48.81,90.37,4879.98,True,30.0,10.2,5.0
2025-08-13,SKU110,Smart Watch,Electronics,Vendor D,North,Retail Store,72.0,190.0,88,6,77.96,163.29,11756.88,False,0.0,19.1,4.2
2025-03-07,SKU108,Sports Socks,Apparel,Vendor B,East,Retail Store,66.0,166.0,64,3,56.21,111.36,7349.76,False,0.0,42.0,4.7
2025-04-24,SKU108,Sports Socks,Apparel,Vendor B,East,Retail Store,39.0,166.0,64,3,56.21,111.36,4343.04,False,0.0,39.7,3.7
2025-04-14,SKU110,Smart Watch,Electronics,Vendor D,North,Wholesale,82.0,307.0,88,6,77.96,163.29,13389.78,False,0.0,38.0,4.7
2025-08-29,SKU109,Gym Bag,Fitness,Vendor C,West,Online,12.0,184.0,45,12,73.66,161.49,1937.88,False,0.0,27.8,4.0
2025-01-07,SKU103,Yoga Mat,Fitness,Vendor C,East,Online,35.0,219.0,42,8,28.05,51.04,1786.4,False,0.0,33.4,4.4
2025-01-31,SKU103,Yoga Mat,Fitness,Vendor C,East,Online,51.0,200.0,42,8,28.05,51.04,2603.04,False,0.0,32.9,4.7
2025-08-01,SKU111,Water Bottle,Fitness,Vendor A,North,Online,27.0,267.0,79,12,24.6,52.01,1404.27,False,0.0,12.8,4.2
2025-08-26,SKU103,Yoga Mat,Fitness,Vendor C,East,Retail Store,47.0,47.0,42,8,28.05,51.04,2398.88,False,0.0,26.2,4.0
2025-11-30,SKU104,Protein Powder,Health,Vendor B,East,Online,44.0,113.0,70,9,49.68,111.64,4912.16,False,0.0,19.3,3.8
2025-07-10,SKU103,Yoga Mat,Fitness,Vendor C,East,Retail Store,70.0,86.0,42,8,28.05,51.04,3572.8,True,21.0,38.0,4.4
2025-12-30,SKU104,Protein Powder,Health,Vendor B,East,Wholesale,34.0,73.0,70,9,49.68,111.64,3795.76,False,0.0,17.9,4.0
2025-07-11,SKU106,Denim Jeans,Apparel,Vendor C,South,Online,64.0,252.0,87,9,71.61,120.54,7714.56,False,0.0,21.1,4.5
2025-10-25,SKU102,Running Shoes,Footwear,Vendor B,West,Wholesale,68.0,124.0,51,14,48.81,90.37,6145.16,False,0.0,11.2,3.8
2025-09-04,SKU107,Baseball Cap,Accessories,Vendor A,South,Online,51.0,223.0,74,13,46.67,72.31,3687.81,False,0.0,32.2,4.1
2025-04-23,SKU109,Gym Bag,Fitness,Vendor C,West,Retail Store,14.0,129.0,45,12,73.66,161.49,2260.86,True,27.0,14.9,4.6
2025-01-29,SKU110,Smart Watch,Electronics,Vendor D,North,Online,53.0,115.0,88,6,77.96,163.29,8654.37,False,0.0,33.7,4.2
2025-12-14,SKU109,Gym Bag,Fitness,Vendor C,West,Online,24.0,202.0,45,12,73.66,161.49,3875.76,False,0.0,23.0,4.0
2025-11-23,SKU111,Water Bottle,Fitness,Vendor A,North,Online,56.0,141.0,79,12,24.6,52.01,2912.56,False,0.0,18.8,3.9
2025-04-28,SKU111,Water Bottle,Fitness,Vendor A,North,Online,24.0,144.0,79,12,24.6,52.01,1248.24,False,0.0,29.3,3.6
2025-12-04,SKU108,Sports Socks,Apparel,Vendor B,East,Online,71.0,108.0,64,3,56.21,111.36,7906.56,False,0.0,13.5,4.3
2025-07-16,SKU104,Protein Powder,Health,Vendor B,East,Online,27.0,227.0,70,9,49.68,111.64,3014.28,False,0.0,22.3,4.6
2025-10-02,SKU109,Gym Bag,Fitness,Vendor C,West,Retail Store,14.0,182.0,45,12,73.66,161.49,2260.86,False,0.0,22.2,3.4
2025-02-03,SKU112,Hoodie,Apparel,Vendor B,South,Wholesale,38.0,123.0,73,11,65.48,148.54,5644.52,False,0.0,29.7,3.9
2025-03-20,SKU101,Cotton T-Shirt,Apparel,Vendor A,North,Wholesale,16.0,252.0,74,6,33.5,57.73,923.68,True,21.0,30.7,3.9
2025-08-14,SKU103,Yoga Mat,Fitness,Vendor C,East,Online,46.0,258.0,42,8,28.05,51.04,2347.84,False,0.0,25.8,5.0
2025-11-14,SKU112,Hoodie,Apparel,Vendor B,South,Online,65.0,253.0,73,11,65.48,148.54,9655.1,False,0.0,31.2,4.5
2025-04-17,SKU104,Protein Powder,Health,Vendor B,East,Retail Store,22.0,246.0,70,9,49.68,111.64,2456.08,False,0.0,16.0,3.5
2025-02-23,SKU108,Sports Socks,Apparel,Vendor B,East,Online,43.0,103.0,64,3,56.21,111.36,4788.48,False,0.0,17.4,4.5
2025-04-01,SKU112,Hoodie,Apparel,Vendor B,South,Retail Store,39.0,193.0,73,11,65.48,148.54,5793.06,False,0.0,12.8,4.3
2025-02-20,SKU109,Gym Bag,Fitness,Vendor C,West,Online,16.0,181.0,45,12,73.66,161.49,2583.84,True,11.0,23.7,3.4
2025-02-11,SKU104,Protein Powder,Health,Vendor B,East,Retail Store,17.0,175.0,70,9,49.68,111.64,1897.88,True,12.0,34.7,3.9
2025-08-23,SKU111,Water Bottle,Fitness,Vendor A,North,Wholesale,35.0,221.0,79,12,24.6,52.01,1820.35,False,0.0,43.8,4.4
2025-03-16,SKU110,Smart Watch,Electronics,Vendor D,North,Online,75.0,112.0,88,6,77.96,163.29,12246.75,False,0.0,30.0,4.5
2025-07-26,SKU108,Sports Socks,Apparel,Vendor B,East,Retail Store,76.0,208.0,64,3,56.21,111.36,8463.36,False,0.0,39.3,4.9
2025-11-14,SKU108,Sports Socks,Apparel,Vendor B,East,Online,89.0,195.0,64,3,56.21,111.36,9911.04,False,0.0,34.0,4.4
2025-05-28,SKU111,Water Bottle,Fitness,Vendor A,North,Online,26.0,129.0,79,12,24.6,52.01,1352.26,False,0.0,32.4,4.3
2025-08-24,SKU101,Cotton T-Shirt,Apparel,Vendor A,North,Online,25.0,183.0,74,6,33.5,57.73,1443.25,False,0.0,7.6,5.0
2025-05-01,SKU110,Smart Watch,Electronics,Vendor D,North,Online,70.0,204.0,88,6,77.96,163.29,11430.3,False,0.0,21.1,4.3
2025-09-11,SKU110,Smart Watch,Electronics,Vendor D,North,Retail Store,83.0,344.0,88,6,77.96,163.29,13553.07,True,29.0,27.4,4.2
2025-11-08,SKU101,Cotton T-Shirt,Apparel,Vendor A,North,Online,45.0,293.0,74,6,33.5,57.73,2597.85,False,0.0,26.6,3.7
2025-06-17,SKU101,Cotton T-Shirt,Apparel,Vendor A,North,Online,19.0,75.0,74,6,33.5,57.73,1096.87,False,0.0,6.0,4.5
2025-05-09,SKU104,Protein Powder,Health,Vendor B,East,Online,32.0,169.0,70,9,49.68,111.64,3572.48,True,33.0,43.2,4.0
2025-06-21,SKU109,Gym Bag,Fitness,Vendor C,West,Online,20.0,69.0,45,12,73.66,161.49,3229.8,True,13.0,30.4,4.2
2025-09-13,SKU109,Gym Bag,Fitness,Vendor C,West,Online,20.0,219.0,45,12,73.66,161.49,3229.8,True,28.0,22.9,4.5
2025-03-09,SKU105,Sunglasses,Accessories,Vendor A,North,Online,25.0,81.0,59,3,85.64,143.16,3579.0,False,0.0,26.5,4.6
2025-11-27,SKU102,Running Shoes,Footwear,Vendor B,West,Online,95.0,253.0,51,14,48.81,90.37,8585.15,False,0.0,28.1,3.8
2025-12-22,SKU109,Gym Bag,Fitness,Vendor C,West,Online,20.0,51.0,45,12,73.66,161.49,3229.8,False,0.0,28.1,4.5
2025-04-08,SKU101,Cotton T-Shirt,Apparel,Vendor A,North,Retail Store,14.0,165.0,74,6,33.5,57.73,808.22,False,0.0,19.1,4.2
2025-01-15,SKU101,Cotton T-Shirt,Apparel,Vendor A,North,Online,14.0,146.0,74,6,33.5,57.73,808.22,False,0.0,22.4,4.8
2025-07-15,SKU106,Denim Jeans,Apparel,Vendor C,South,Retail Store,120.0,121.0,87,9,71.61,120.54,14464.8,True,12.0,32.6,4.7
2025-12-27,SKU107,Baseball Cap,Accessories,Vendor A,South,Online,122.0,128.0,74,13,46.67,72.31,8821.82,False,0.0,35.6,4.2
2025-04-13,SKU110,Smart Watch,Electronics,Vendor D,North,Online,100.0,151.0,88,6,77.96,163.29,16329.0,False,0.0,18.4,4.4
2025-10-15,SKU106,Denim Jeans,Apparel,Vendor C,South,Online,72.0,295.0,87,9,71.61,120.54,8678.88,False,0.0,23.9,4.6
2025-04-29,SKU109,Gym Bag,Fitness,Vendor C,West,Online,12.0,46.0,45,12,73.66,161.49,1937.88,False,0.0,39.0,4.5
2025-10-13,SKU106,Denim Jeans,Apparel,Vendor C,South,Online,53.0,203.0,87,9,71.61,120.54,6388.62,False,0.0,23.7,3.3
2025-09-30,SKU108,Sports Socks,Apparel,Vendor B,East,Online,59.0,199.0,64,3,56.21,111.36,6570.24,False,0.0,24.8,4.6
2025-05-15,SKU109,Gym Bag,Fitness,Vendor C,West,Online,10.0,74.0,45,12,73.66,161.49,1614.9,False,0.0,18.7,3.9
2025-09-09,SKU103,Yoga Mat,Fitness,Vendor C,East,Online,48.0,73.0,42,8,28.05,51.04,2449.92,False,0.0,23.9,4.3
2025-05-13,SKU111,Water Bottle,Fitness,Vendor A,North,Retail Store,21.0,81.0,79,12,24.6,52.01,1092.21,False,0.0,23.2,5.0
2025-01-02,SKU106,Denim Jeans,Apparel,Vendor C,South,Online,41.0,260.0,87,9,71.61,120.54,4942.14,False,0.0,23.6,4.1
2025-03-04,SKU105,Sunglasses,Accessories,Vendor A,North,Retail Store,25.0,206.0,59,3,85.64,143.16,3579.0,False,0.0,24.9,4.0
2025-04-28,SKU101,Cotton T-Shirt,Apparel,Vendor A,North,Online,22.0,133.0,74,6,33.5,57.73,1270.06,False,0.0,23.8,4.6
2025-05-16,SKU103,Yoga Mat,Fitness,Vendor C,East,Online,39.0,112.0,42,8,28.05,51.04,1990.56,False,0.0,29.2,4.5
2025-09-14,SKU109,Gym Bag,Fitness,Vendor C,West,Online,28.0,191.0,45,12,73.66,161.49,4521.72,True,37.0,27.4,4.5
2025-12-13,SKU103,Yoga Mat,Fitness,Vendor C,East,Retail Store,113.0,140.0,42,8,28.05,51.04,5767.52,False,0.0,24.7,3.2
2025-08-31,SKU111,Water Bottle,Fitness,Vendor A,North,Retail Store,36.0,241.0,79,12,24.6,52.01,1872.36,False,0.0,27.4,3.9
2025-09-06,SKU104,Protein Powder,Health,Vendor B,East,Retail Store,26.0,207.0,70,9,49.68,111.64,2902.64,False,0.0,34.6,4.3
2025-11-13,SKU106,Denim Jeans,Apparel,Vendor C,South,Wholesale,101.0,175.0,87,9,71.61,120.54,12174.54,False,0.0,30.3,4.4
2025-06-24,SKU109,Gym Bag,Fitness,Vendor C,West,Online,12.0,267.0,45,12,73.66,161.49,1937.88,False,0.0,26.7,4.4
2025-05-10,SKU111,Water Bottle,Fitness,Vendor A,North,Online,26.0,164.0,79,12,24.6,52.01,1352.26,False,0.0,24.4,4.4
2025-06-09,SKU105,Sunglasses,Accessories,Vendor A,North,Retail Store,23.0,164.0,59,3,85.64,143.16,3292.68,False,0.0,25.4,3.4
2025-11-10,SKU111,Water Bottle,Fitness,Vendor A,North,Online,36.0,202.0,79,12,24.6,52.01,1872.36,False,0.0,33.3,4.6
2025-08-16,SKU107,Baseball Cap,Accessories,Vendor A,South,Online,81.0,189.0,74,13,46.67,72.31,5857.11,False,0.0,24.2,4.1
2025-12-28,SKU102,Running Shoes,Footwear,Vendor B,West,Online,90.0,263.0,51,14,48.81,90.37,8133.3,False,0.0,16.3,4.3
2025-05-23,SKU105,Sunglasses,Accessories,Vendor A,North,Online,17.0,155.0,59,3,85.64,143.16,2433.72,False,0.0,22.0,4.6
2025-03-14,SKU106,Denim Jeans,Apparel,Vendor C,South,Online,51.0,198.0,87,9,71.61,120.54,6147.54,False,0.0,24.7,4.0
2025-03-01,SKU105,Sunglasses,Accessories,Vendor A,North,Online,33.0,284.0,59,3,85.64,143.16,4724.28,False,0.0,18.5,4.0
2025-08-18,SKU102,Running Shoes,Footwear,Vendor B,West,Wholesale,59.0,269.0,51,14,48.81,90.37,5331.83,False,0.0,34.6,4.0
2025-12-20,SKU101,Cotton T-Shirt,Apparel,Vendor A,North,Online,36.0,163.0,74,6,33.5,57.73,2078.28,False,0.0,41.8,4.1
2025-10-04,SKU101,Cotton T-Shirt,Apparel,Vendor A,North,Wholesale,52.0,315.0,74,6,33.5,57.73,3001.96,True,17.0,46.8,3.6
2025-01-25,SKU108,Sports Socks,Apparel,Vendor B,East,Retail Store,53.0,191.0,64,3,56.21,111.36,5902.08,False,0.0,16.5,5.0
2025-01-25,SKU104,Protein Powder,Health,Vendor B,East,Retail Store,33.0,292.0,70,9,49.68,111.64,3684.12,True,12.0,19.9,5.0
2025-01-13,SKU101,Cotton T-Shirt,Apparel,Vendor A,North,Online,17.0,172.0,74,6,33.5,57.73,981.41,False,0.0,24.0,4.4
2025-07-09,SKU101,Cotton T-Shirt,Apparel,Vendor A,North,Retail Store,21.0,245.0,74,6,33.5,57.73,1212.33,False,0.0,18.2,3.6
2025-05-18,SKU112,Hoodie,Apparel,Vendor B,South,Retail Store,62.0,116.0,73,11,65.48,148.54,9209.48,False,0.0,31.4,4.7
2025-03-20,SKU104,Protein Powder,Health,Vendor B,East,Online,16.0,175.0,70,9,49.68,111.64,1786.24,False,0.0,4.2,3.6
2025-03-11,SKU101,Cotton T-Shirt,Apparel,Vendor A,North,Retail Store,38.0,180.0,74,6,33.5,57.73,2193.74,True,16.0,32.8,4.3
2025-03-26,SKU106,Denim Jeans,Apparel,Vendor C,South,Wholesale,68.0,104.0,87,9,71.61,120.54,8196.72,False,0.0,23.3,3.9
2025-11-15,SKU108,Sports Socks,Apparel,Vendor B,East,Online,99.0,96.0,64,3,56.21,111.36,11024.64,False,0.0,30.5,4.1
2025-08-23,SKU110,Smart Watch,Electronics,Vendor D,North,Retail Store,76.0,236.0,88,6,77.96,163.29,12410.04,False,0.0,25.7,4.1
2025-09-04,SKU102,Running Shoes,Footwear,Vendor B,West,Online,67.0,161.0,51,14,48.81,90.37,6054.79,False,0.0,22.2,4.5
2025-04-10,SKU103,Yoga Mat,Fitness,Vendor C,East,Online,48.0,121.0,42,8,28.05,51.04,2449.92,False,0.0,25.1,4.7
2025-06-02,SKU112,Hoodie,Apparel,Vendor B,South,Online,47.0,149.0,73,11,65.48,148.54,6981.38,False,0.0,19.7,4.2
2025-02-09,SKU109,Gym Bag,Fitness,Vendor C,West,Online,11.0,99.0,45,12,73.66,161.49,1776.39,False,0.0,28.5,3.9
2025-04-24,SKU106,Denim Jeans,Apparel,Vendor C,South,Online,50.0,272.0,87,9,71.61,120.54,6027.0,False,0.0,26.9,4.7
2025-06-03,SKU103,Yoga Mat,Fitness,Vendor C,East,Wholesale,86.0,81.0,42,8,28.05,51.04,4389.44,True,39.0,29.4,4.4
2025-11-30,SKU112,Hoodie,Apparel,Vendor B,South,Online,100.0,127.0,73,11,65.48,148.54,14854.0,False,0.0,20.4,4.5
2025-10-25,SKU103,Yoga Mat,Fitness,Vendor C,East,Online,65.0,140.0,42,8,28.05,51.04,3317.6,False,0.0,25.0,4.0
2025-03-26,SKU109,Gym Bag,Fitness,Vendor C,West,Retail Store,16.0,62.0,45,12,73.66,161.49,2583.84,False,0.0,33.6,4.4
2025-11-02,SKU102,Running Shoes,Footwear,Vendor B,West,Online,129.0,206.0,51,14,48.81,90.37,11657.73,False,0.0,20.8,4.0
2025-01-06,SKU102,Running Shoes,Footwear,Vendor B,West,Online,38.0,187.0,51,14,48.81,90.37,3434.06,False,0.0,29.8,2.8
2025-07-19,SKU102,Running Shoes,Footwear,Vendor B,West,Online,88.0,59.0,51,14,48.81,90.37,7952.56,False,0.0,26.1,3.7
2025-06-22,SKU104,Protein Powder,Health,Vendor B,East,Wholesale,41.0,81.0,70,9,49.68,111.64,4577.24,True,18.0,15.7,4.4
2025-01-29,SKU101,Cotton T-Shirt,Apparel,Vendor A,North,Online,12.0,118.0,74,6,33.5,57.73,692.76,False,0.0,10.5,3.4
2025-04-08,SKU112,Hoodie,Apparel,Vendor B,South,Online,47.0,232.0,73,11,65.48,148.54,6981.38,False,0.0,29.2,5.0
2025-08-19,SKU103,Yoga Mat,Fitness,Vendor C,East,Retail Store,41.0,193.0,42,8,28.05,51.04,2092.64,False,0.0,32.3,4.5
2025-07-06,SKU104,Protein Powder,Health,Vendor B,East,Online,25.0,209.0,70,9,49.68,111.64,2791.0,False,0.0,13.4,4.3
2025-01-10,SKU109,Gym Bag,Fitness,Vendor C,West,Online,6.0,118.0,45,12,73.66,161.49,968.94,False,0.0,5.8,5.0
2025-12-22,SKU103,Yoga Mat,Fitness,Vendor C,East,Online,81.0,176.0,42,8,28.05,51.04,4134.24,False,0.0,17.2,5.0
2025-12-30,SKU110,Smart Watch,Electronics,Vendor D,North,Online,89.0,231.0,88,6,77.96,163.29,14532.81,False,0.0,22.3,3.9
2025-08-21,SKU108,Sports Socks,Apparel,Vendor B,East,Online,63.0,84.0,64,3,56.21,111.36,7015.68,False,0.0,26.8,3.7
2025-08-09,SKU103,Yoga Mat,Fitness,Vendor C,East,Wholesale,72.0,129.0,42,8,28.05,51.04,3674.88,False,0.0,23.0,3.2
2025-11-16,SKU111,Water Bottle,Fitness,Vendor A,North,Online,51.0,87.0,79,12,24.6,52.01,2652.51,False,0.0,21.1,3.7
2025-07-12,SKU112,Hoodie,Apparel,Vendor B,South,Online,78.0,204.0,73,11,65.48,148.54,11586.12,True,34.0,15.1,4.2
2025-03-20,SKU109,Gym Bag,Fitness,Vendor C,West,Online,12.0,147.0,45,12,73.66,161.49,1937.88,False,0.0,27.1,3.5
2025-11-02,SKU108,Sports Socks,Apparel,Vendor B,East,Retail Store,117.0,204.0,64,3,56.21,111.36,13029.12,False,0.0,40.0,3.8
2025-08-25,SKU107,Baseball Cap,Accessories,Vendor A,South,Retail Store,59.0,213.0,74,13,46.67,72.31,4266.29,False,0.0,29.5,4.7
2025-01-15,SKU112,Hoodie,Apparel,Vendor B,South,Online,26.0,143.0,73,11,65.48,148.54,3862.04,False,0.0,20.4,4.9
2025-09-20,SKU106,Denim Jeans,Apparel,Vendor C,South,Online,85.0,347.0,87,9,71.61,120.54,10245.9,False,0.0,10.3,4.3
2025-12-23,SKU102,Running Shoes,Footwear,Vendor B,West,Online,100.0,134.0,51,14,48.81,90.37,9037.0,False,0.0,30.3,3.9
2025-02-28,SKU112,Hoodie,Apparel,Vendor B,South,Online,53.0,209.0,73,11,65.48,148.54,7872.62,False,0.0,30.9,3.3
2025-05-29,SKU112,Hoodie,Apparel,Vendor B,South,Retail Store,41.0,153.0,73,11,65.48,148.54,6090.14,False,0.0,17.7,3.9
2025-03-22,SKU101,Cotton T-Shirt,Apparel,Vendor A,North,Online,22.0,205.0,74,6,33.5,57.73,1270.06,False,0.0,22.2,4.5
2025-04-14,SKU105,Sunglasses,Accessories,Vendor A,North,Retail Store,19.0,68.0,59,3,85.64,143.16,2720.04,False,0.0,32.6,4.7
2025-09-04,SKU104,Protein Powder,Health,Vendor B,East,Wholesale,20.0,254.0,70,9,49.68,111.64,2232.8,False,0.0,24.3,3.6
2025-05-10,SKU108,Sports Socks,Apparel,Vendor B,East,Online,83.0,174.0,64,3,56.21,111.36,9242.88,False,0.0,19.3,5.0
2025-05-07,SKU103,Yoga Mat,Fitness,Vendor C,East,Retail Store,46.0,101.0,42,8,28.05,51.04,2347.84,False,0.0,35.7,4.2
2025-06-12,SKU111,Water Bottle,Fitness,Vendor A,North,Retail Store,30.0,91.0,79,12,24.6,52.01,1560.3,False,0.0,27.1,4.4
2025-03-27,SKU110,Smart Watch,Electronics,Vendor D,North,Retail Store,79.0,321.0,88,6,77.96,163.29,12899.91,False,0.0,17.2,4.0
2025-10-31,SKU111,Water Bottle,Fitness,Vendor A,North,Retail Store,24.0,183.0,79,12,24.6,52.01,1248.24,False,0.0,16.4,4.3
2025-02-03,SKU111,Water Bottle,Fitness,Vendor A,North,Online,18.0,225.0,79,12,24.6,52.01,936.18,False,0.0,19.2,4.3
2025-01-22,SKU101,Cotton T-Shirt,Apparel,Vendor A,North,Online,30.0,237.0,74,6,33.5,57.73,1731.9,True,30.0,30.5,4.8
2025-07-20,SKU101,Cotton T-Shirt,Apparel,Vendor A,North,Online,27.0,275.0,74,6,33.5,57.73,1558.71,False,0.0,38.4,4.5
2025-01-18,SKU105,Sunglasses,Accessories,Vendor A,North,Online,22.0,121.0,59,3,85.64,143.16,3149.52,False,0.0,21.7,3.6
2025-04-09,SKU102,Running Shoes,Footwear,Vendor B,West,Online,61.0,203.0,51,14,48.81,90.37,5512.57,False,0.0,32.9,4.9
2025-07-30,SKU107,Baseball Cap,Accessories,Vendor A,South,Online,46.0,194.0,74,13,46.67,72.31,3326.26,False,0.0,27.9,3.5
2025-09-29,SKU110,Smart Watch,Electronics,Vendor D,North,Retail Store,50.0,206.0,88,6,77.96,163.29,8164.5,False,0.0,31.2,4.1
2025-03-21,SKU105,Sunglasses,Accessories,Vendor A,North,Online,15.0,295.0,59,3,85.64,143.16,2147.4,False,0.0,9.4,4.1
2025-06-01,SKU107,Baseball Cap,Accessories,Vendor A,South,Online,76.0,167.0,74,13,46.67,72.31,5495.56,False,0.0,31.0,4.0
2025-06-29,SKU103,Yoga Mat,Fitness,Vendor C,East,Retail Store,72.0,83.0,42,8,28.05,51.04,3674.88,False,0.0,33.6,3.4
2025-02-24,SKU112,Hoodie,Apparel,Vendor B,South,Retail Store,44.0,129.0,73,11,65.48,148.54,6535.76,True,39.0,17.2,4.3
2025-07-25,SKU106,Denim Jeans,Apparel,Vendor C,South,Online,66.0,223.0,87,9,71.61,120.54,7955.64,False,0.0,23.5,3.8
2025-01-25,SKU102,Running Shoes,Footwear,Vendor B,West,Retail Store,43.0,130.0,51,14,48.81,90.37,3885.91,False,0.0,29.5,4.8
2025-03-11,SKU105,Sunglasses,Accessories,Vendor A,North,Online,21.0,302.0,59,3,85.64,143.16,3006.36,False,0.0,18.4,4.2
2025-07-04,SKU112,Hoodie,Apparel,Vendor B,South,Retail Store,42.0,104.0,73,11,65.48,148.54,6238.68,False,0.0,18.3,4.3
2025-07-19,SKU112,Hoodie,Apparel,Vendor B,South,Retail Store,57.0,261.0,73,11,65.48,148.54,8466.78,False,0.0,31.3,3.4
2025-12-16,SKU111,Water Bottle,Fitness,Vendor A,North,Online,33.0,244.0,79,12,24.6,52.01,1716.33,False,0.0,30.8,4.3
2025-09-22,SKU112,Hoodie,Apparel,Vendor B,South,Online,35.0,219.0,73,11,65.48,148.54,5198.9,False,0.0,17.8,3.2
2025-10-18,SKU106,Denim Jeans,Apparel,Vendor C,South,Retail Store,90.0,245.0,87,9,71.61,120.54,10848.6,False,0.0,28.9,4.5
2025-07-19,SKU104,Protein Powder,Health,Vendor B,East,Online,28.0,157.0,70,9,49.68,111.64,3125.92,False,0.0,19.7,3.7
2025-10-11,SKU108,Sports Socks,Apparel,Vendor B,East,Online,78.0,205.0,64,3,56.21,111.36,8686.08,False,0.0,39.5,4.3
2025-04-25,SKU107,Baseball Cap,Accessories,Vendor A,South,Online,34.0,95.0,74,13,46.67,72.31,2458.54,False,0.0,19.9,3.6
2025-04-09,SKU101,Cotton T-Shirt,Apparel,Vendor A,North,Retail Store,17.0,148.0,74,6,33.5,57.73,981.41,False,0.0,30.5,4.3
2025-03-29,SKU108,Sports Socks,Apparel,Vendor B,East,Online,95.0,172.0,64,3,56.21,111.36,10579.2,False,0.0,21.7,4.1
2025-05-20,SKU108,Sports Socks,Apparel,Vendor B,East,Retail Store,38.0,88.0,64,3,56.21,111.36,4231.68,False,0.0,23.8,5.0
2025-04-14,SKU103,Yoga Mat,Fitness,Vendor C,East,Online,40.0,47.0,42,8,28.05,51.04,2041.6,False,0.0,38.9,4.4
2025-05-30,SKU106,Denim Jeans,Apparel,Vendor C,South,Online,54.0,211.0,87,9,71.61,120.54,6509.16,False,0.0,21.5,4.1
2025-06-16,SKU108,Sports Socks,Apparel,Vendor B,East,Retail Store,51.0,197.0,64,3,56.21,111.36,5679.36,False,0.0,36.0,3.8
2025-01-18,SKU103,Yoga Mat,Fitness,Vendor C,East,Online,48.0,237.0,42,8,28.05,51.04,2449.92,False,0.0,29.2,3.8
2025-01-26,SKU103,Yoga Mat,Fitness,Vendor C,East,Online,47.0,214.0,42,8,28.05,51.04,2398.88,False,0.0,25.7,4.3
2025-06-02,SKU109,Gym Bag,Fitness,Vendor C,West,Retail Store,12.0,90.0,45,12,73.66,161.49,1937.88,True,39.0,24.1,3.2
2025-11-12,SKU102,Running Shoes,Footwear,Vendor B,West,Retail Store,67.0,101.0,51,14,48.81,90.37,6054.79,False,0.0,23.9,5.0
2025-11-07,SKU107,Baseball Cap,Accessories,Vendor A,South,Wholesale,75.0,178.0,74,13,46.67,72.31,5423.25,False,0.0,25.9,3.5
2025-09-21,SKU102,Running Shoes,Footwear,Vendor B,West,Online,,267.0,51,14,48.81,90.37,6416.27,False,0.0,21.0,3.8
2025-09-30,SKU110,Smart Watch,Electronics,Vendor D,North,Online,59.0,147.0,88,6,77.96,163.29,9634.11,False,0.0,25.7,3.5
2025-07-03,SKU105,Sunglasses,Accessories,Vendor A,North,Retail Store,25.0,164.0,59,3,85.64,143.16,3579.0,True,11.0,41.5,3.7
2025-06-01,SKU101,Cotton T-Shirt,Apparel,Vendor A,North,Online,21.0,241.0,74,6,33.5,57.73,1212.33,False,0.0,33.2,4.7
2025-05-13,SKU110,Smart Watch,Electronics,Vendor D,North,Retail Store,47.0,192.0,88,6,77.96,163.29,7674.63,False,0.0,26.5,4.3
2025-11-20,SKU111,Water Bottle,Fitness,Vendor A,North,Retail Store,32.0,86.0,79,12,24.6,52.01,1664.32,False,0.0,20.1,3.6
2025-06-20,SKU108,Sports Socks,Apparel,Vendor B,East,Retail Store,66.0,204.0,64,3,56.21,111.36,7349.76,False,0.0,26.7,4.8
2025-10-22,SKU102,Running Shoes,Footwear,Vendor B,West,Online,45.0,158.0,51,14,48.81,90.37,4066.65,False,0.0,16.6,3.8
2025-08-18,SKU107,Baseball Cap,Accessories,Vendor A,South,Online,58.0,185.0,74,13,46.67,72.31,4193.98,False,0.0,17.5,4.2
2025-01-12,SKU112,Hoodie,Apparel,Vendor B,South,Online,39.0,263.0,73,11,65.48,148.54,5793.06,False,0.0,20.0,4.4
2025-07-25,SKU112,Hoodie,Apparel,Vendor B,South,Retail Store,49.0,119.0,73,11,65.48,148.54,7278.46,False,0.0,33.3,4.3
2025-08-04,SKU109,Gym Bag,Fitness,Vendor C,West,Retail Store,13.0,137.0,45,12,73.66,161.49,2099.37,False,0.0,30.7,4.5
2025-07-04,SKU107,Baseball Cap,Accessories,Vendor A,South,Online,44.0,189.0,74,13,46.67,72.31,3181.64,False,0.0,17.4,4.1
2025-11-06,SKU103,Yoga Mat,Fitness,Vendor C,East,Retail Store,60.0,166.0,42,8,28.05,51.04,3062.4,False,0.0,26.8,4.6
2025-10-21,SKU111,Water Bottle,Fitness,Vendor A,North,Retail Store,29.0,266.0,79,12,24.6,52.01,1508.29,False,0.0,34.6,4.1
2025-06-24,SKU101,Cotton T-Shirt,Apparel,Vendor A,North,Online,16.0,97.0,74,6,33.5,57.73,923.68,False,0.0,33.9,4.3
2025-01-27,SKU101,Cotton T-Shirt,Apparel,Vendor A,North,Online,16.0,144.0,74,6,33.5,57.73,923.68,False,0.0,16.8,4.7
2025-07-28,SKU108,Sports Socks,Apparel,Vendor B,East,Online,44.0,82.0,64,3,56.21,111.36,4899.84,False,0.0,30.6,3.3
2025-11-13,SKU110,Smart Watch,Electronics,Vendor D,North,Retail Store,,264.0,88,6,77.96,163.29,14042.94,False,0.0,36.6,4.3
2025-04-21,SKU111,Water Bottle,Fitness,Vendor A,North,Retail Store,16.0,163.0,79,12,24.6,52.01,832.16,False,0.0,32.6,4.5
2025-08-13,SKU112,Hoodie,Apparel,Vendor B,South,Online,34.0,140.0,73,11,65.48,148.54,5050.36,False,0.0,24.0,3.7
2025-01-26,SKU106,Denim Jeans,Apparel,Vendor C,South,Retail Store,69.0,210.0,87,9,71.61,120.54,8317.26,False,0.0,40.3,4.9
2025-05-17,SKU101,Cotton T-Shirt,Apparel,Vendor A,North,Wholesale,24.0,219.0,74,6,33.5,57.73,1385.52,False,0.0,25.6,4.6
2025-01-20,SKU110,Smart Watch,Electronics,Vendor D,North,Online,42.0,245.0,88,6,77.96,163.29,6858.18,False,0.0,29.7,3.4
2025-04-07,SKU110,Smart Watch,Electronics,Vendor D,North,Online,91.0,296.0,88,6,77.96,163.29,14859.39,True,36.0,25.7,4.2
2025-06-05,SKU105,Sunglasses,Accessories,Vendor A,North,Online,27.0,269.0,59,3,85.64,143.16,3865.32,False,0.0,30.1,4.7
2025-06-25,SKU104,Protein Powder,Health,Vendor B,East,Retail Store,20.0,272.0,70,9,49.68,111.64,2232.8,True,21.0,25.1,4.2
2025-12-09,SKU111,Water Bottle,Fitness,Vendor A,North,Online,34.0,118.0,79,12,24.6,52.01,1768.34,False,0.0,20.2,3.8
2025-06-11,SKU107,Baseball Cap,Accessories,Vendor A,South,Retail Store,61.0,227.0,74,13,46.67,72.31,4410.91,False,0.0,11.9,3.8
2025-05-21,SKU104,Protein Powder,Health,Vendor B,East,Retail Store,18.0,146.0,70,9,49.68,111.64,2009.52,False,0.0,43.2,4.4
2025-06-03,SKU109,Gym Bag,Fitness,Vendor C,West,Retail Store,8.0,82.0,45,12,73.66,161.49,1291.92,False,0.0,24.9,4.0
2025-07-05,SKU112,Hoodie,Apparel,Vendor B,South,Retail Store,53.0,325.0,73,11,65.48,148.54,7872.62,False,0.0,19.6,4.2
2025-11-16,SKU106,Denim Jeans,Apparel,Vendor C,South,Wholesale,217.0,219.0,87,9,71.61,120.54,26157.18,True,35.0,14.6,4.5
2025-09-17,SKU105,Sunglasses,Accessories,Vendor A,North,Retail Store,22.0,85.0,59,3,85.64,143.16,3149.52,False,0.0,12.8,3.8
2025-10-02,SKU105,Sunglasses,Accessories,Vendor A,North,Online,20.0,165.0,59,3,85.64,143.16,2863.2,False,0.0,32.6,3.6
2025-07-30,SKU104,Protein Powder,Health,Vendor B,East,Online,28.0,177.0,70,9,49.68,111.64,3125.92,False,0.0,37.4,3.8
2025-01-19,SKU111,Water Bottle,Fitness,Vendor A,North,Online,19.0,245.0,79,12,24.6,52.01,988.19,False,0.0,20.8,3.9
2025-07-25,SKU110,Smart Watch,Electronics,Vendor D,North,Wholesale,68.0,349.0,88,6,77.96,163.29,11103.72,False,0.0,33.8,4.7
2025-10-10,SKU111,Water Bottle,Fitness,Vendor A,North,Wholesale,25.0,187.0,79,12,24.6,52.01,1300.25,False,0.0,29.4,4.6
2025-02-17,SKU107,Baseball Cap,Accessories,Vendor A,South,Online,51.0,292.0,74,13,46.67,72.31,3687.81,False,0.0,36.1,4.7
2025-04-02,SKU105,Sunglasses,Accessories,Vendor A,North,Wholesale,19.0,186.0,59,3,85.64,143.16,2720.04,False,0.0,23.7,3.8
2025-12-26,SKU107,Baseball Cap,Accessories,Vendor A,South,Online,74.0,250.0,74,13,46.67,72.31,5350.94,False,0.0,28.6,3.3
2025-04-21,SKU108,Sports Socks,Apparel,Vendor B,East,Retail Store,97.0,119.0,64,3,56.21,111.36,10801.92,True,17.0,20.0,4.0
2025-07-12,SKU109,Gym Bag,Fitness,Vendor C,West,Wholesale,30.0,196.0,45,12,73.66,161.49,4844.7,True,37.0,30.2,4.4
2025-12-22,SKU107,Baseball Cap,Accessories,Vendor A,South,Retail Store,70.0,194.0,74,13,46.67,72.31,5061.7,False,0.0,27.7,3.7
2025-02-16,SKU105,Sunglasses,Accessories,Vendor A,North,Online,26.0,125.0,59,3,85.64,143.16,3722.16,False,0.0,31.5,4.2
2025-03-05,SKU104,Protein Powder,Health,Vendor B,East,Online,21.0,220.0,70,9,49.68,111.64,2344.44,False,0.0,26.3,4.0
2025-11-27,SKU108,Sports Socks,Apparel,Vendor B,East,Wholesale,131.0,64.0,64,3,56.21,111.36,14588.16,True,22.0,38.3,3.9
2025-10-04,SKU104,Protein Powder,Health,Vendor B,East,Retail Store,32.0,254.0,70,9,49.68,111.64,3572.48,False,0.0,23.2,4.6
2025-08-29,SKU101,Cotton T-Shirt,Apparel,Vendor A,North,Online,15.0,80.0,74,6,33.5,57.73,865.95,False,0.0,35.5,3.5
2025-06-16,SKU103,Yoga Mat,Fitness,Vendor C,East,Online,32.0,262.0,42,8,28.05,51.04,1633.28,False,0.0,32.3,4.1
2025-08-01,SKU110,Smart Watch,Electronics,Vendor D,North,Online,79.0,193.0,88,6,77.96,163.29,12899.91,False,0.0,34.1,3.9
2025-07-02,SKU107,Baseball Cap,Accessories,Vendor A,South,Online,50.0,281.0,74,13,46.67,72.31,3615.5,False,0.0,21.6,4.0
2025-12-31,SKU106,Denim Jeans,Apparel,Vendor C,South,Retail Store,106.0,202.0,87,9,71.61,120.54,12777.24,False,0.0,11.6,4.3
2025-11-15,SKU106,Denim Jeans,Apparel,Vendor C,South,Online,235.0,157.0,87,9,71.61,120.54,28326.9,True,20.0,23.0,4.6
2025-09-07,SKU105,Sunglasses,Accessories,Vendor A,North,Retail Store,48.0,324.0,59,3,85.64,143.16,6871.68,True,13.0,12.7,4.1
2025-07-20,SKU107,Baseball Cap,Accessories,Vendor A,South,Online,75.0,94.0,74,13,46.67,72.31,5423.25,False,0.0,25.2,4.5
2025-02-19,SKU108,Sports Socks,Apparel,Vendor B,East,Online,34.0,289.0,64,3,56.21,111.36,3786.24,False,0.0,14.4,4.3
2025-07-09,SKU105,Sunglasses,Accessories,Vendor A,North,Online,27.0,234.0,59,3,85.64,143.16,3865.32,False,0.0,24.6,4.1
2025-06-27,SKU101,Cotton T-Shirt,Apparel,Vendor A,North,Retail Store,14.0,239.0,74,6,33.5,57.73,808.22,False,0.0,24.3,4.3
2025-02-24,SKU107,Baseball Cap,Accessories,Vendor A,South,Retail Store,47.0,87.0,74,13,46.67,72.31,3398.57,False,0.0,17.6,4.2
2025-02-06,SKU105,Sunglasses,Accessories,Vendor A,North,Retail Store,17.0,145.0,59,3,85.64,143.16,2433.72,False,0.0,20.4,4.6
2025-01-28,SKU101,Cotton T-Shirt,Apparel,Vendor A,North,Online,14.0,130.0,74,6,33.5,57.73,808.22,False,0.0,29.0,5.0
2025-11-03,SKU106,Denim Jeans,Apparel,Vendor C,South,Online,104.0,221.0,87,9,71.61,120.54,12536.16,False,0.0,29.4,3.5
2025-10-14,SKU109,Gym Bag,Fitness,Vendor C,West,Online,7.0,291.0,45,12,73.66,161.49,1130.43,False,0.0,21.0,4.9
2025-12-31,SKU107,Baseball Cap,Accessories,Vendor A,South,Online,91.0,102.0,74,13,46.67,72.31,6580.21,False,0.0,22.3,4.2
2025-03-11,SKU106,Denim Jeans,Apparel,Vendor C,South,Online,69.0,109.0,87,9,71.61,120.54,8317.26,False,0.0,19.0,4.4
2025-08-05,SKU101,Cotton T-Shirt,Apparel,Vendor A,North,Retail Store,21.0,86.0,74,6,33.5,57.73,1212.33,False,0.0,9.1,5.0
2025-01-30,SKU111,Water Bottle,Fitness,Vendor A,North,Retail Store,10.0,312.0,79,12,24.6,52.01,520.1,False,0.0,21.7,4.1
2025-09-12,SKU112,Hoodie,Apparel,Vendor B,South,Online,46.0,100.0,73,11,65.48,148.54,6832.84,False,0.0,21.2,4.3
2025-06-16,SKU106,Denim Jeans,Apparel,Vendor C,South,Online,69.0,144.0,87,9,71.61,120.54,8317.26,False,0.0,35.9,3.6
2025-10-16,SKU112,Hoodie,Apparel,Vendor B,South,Online,49.0,233.0,73,11,65.48,148.54,7278.46,False,0.0,27.1,3.5
2025-08-30,SKU111,Water Bottle,Fitness,Vendor A,North,Online,34.0,277.0,79,12,24.6,52.01,1768.34,False,0.0,23.7,4.2
2025-10-27,SKU108,Sports Socks,Apparel,Vendor B,East,Retail Store,43.0,158.0,64,3,56.21,111.36,4788.48,False,0.0,35.3,4.5
2025-10-31,SKU108,Sports Socks,Apparel,Vendor B,East,Online,81.0,145.0,64,3,56.21,111.36,9020.16,False,0.0,32.7,3.7
2025-03-12,SKU101,Cotton T-Shirt,Apparel,Vendor A,North,Online,15.0,165.0,74,6,33.5,57.73,865.95,False,0.0,30.1,4.1
2025-02-11,SKU112,Hoodie,Apparel,Vendor B,South,Retail Store,18.0,217.0,73,11,65.48,148.54,2673.72,False,0.0,21.2,3.5
2025-05-24,SKU102,Running Shoes,Footwear,Vendor B,West,Wholesale,83.0,189.0,51,14,48.81,90.37,7500.71,False,0.0,30.5,4.8
2025-01-22,SKU109,Gym Bag,Fitness,Vendor C,West,Online,9.0,262.0,45,12,73.66,161.49,1453.41,False,0.0,19.3,4.4
2025-11-01,SKU112,Hoodie,Apparel,Vendor B,South,Online,98.0,244.0,73,11,65.48,148.54,14556.92,False,0.0,27.2,4.2
2025-07-18,SKU106,Denim Jeans,Apparel,Vendor C,South,Online,59.0,129.0,87,9,71.61,120.54,7111.86,False,0.0,23.8,3.5
2025-01-18,SKU101,Cotton T-Shirt,Apparel,Vendor A,North,Online,30.0,101.0,74,6,33.5,57.73,1731.9,True,33.0,2.1,4.4
2025-04-08,SKU102,Running Shoes,Footwear,Vendor B,West,Online,62.0,264.0,51,14,48.81,90.37,5602.94,False,0.0,29.3,5.0
2025-10-01,SKU103,Yoga Mat,Fitness,Vendor C,East,Online,48.0,244.0,42,8,28.05,51.04,2449.92,False,0.0,22.0,3.6
2025-02-28,SKU101,Cotton T-Shirt,Apparel,Vendor A,North,Retail Store,13.0,155.0,74,6,33.5,57.73,750.49,False,0.0,19.2,3.9
2025-01-01,SKU112,Hoodie,Apparel,Vendor B,South,Retail Store,43.0,181.0,73,11,65.48,148.54,6387.22,True,29.0,26.0,3.9
2025-01-25,SKU109,Gym Bag,Fitness,Vendor C,West,Online,16.0,222.0,45,12,73.66,161.49,2583.84,True,29.0,28.6,4.1
2025-11-23,SKU104,Protein Powder,Health,Vendor B,East,Online,47.0,152.0,70,9,49.68,111.64,5247.08,False,0.0,8.5,3.5
2025-10-20,SKU102,Running Shoes,Footwear,Vendor B,West,Wholesale,54.0,104.0,51,14,48.81,90.37,4879.98,False,0.0,26.5,4.2
2025-08-07,SKU109,Gym Bag,Fitness,Vendor C,West,Retail Store,16.0,89.0,45,12,73.66,161.49,2583.84,True,31.0,21.4,5.0
2025-02-15,SKU111,Water Bottle,Fitness,Vendor A,North,Online,24.0,251.0,79,12,24.6,52.01,1248.24,False,0.0,36.9,4.1
2025-01-26,SKU102,Running Shoes,Footwear,Vendor B,West,Online,59.0,71.0,51,14,48.81,90.37,5331.83,False,0.0,29.2,3.8
2025-09-25,SKU106,Denim Jeans,Apparel,Vendor C,South,Online,59.0,197.0,87,9,71.61,120.54,7111.86,False,0.0,33.3,4.4
2025-12-31,SKU102,Running Shoes,Footwear,Vendor B,West,Retail Store,98.0,262.0,51,14,48.81,90.37,8856.26,False,0.0,33.9,3.9
2025-02-01,SKU105,Sunglasses,Accessories,Vendor A,North,Online,23.0,82.0,59,3,85.64,143.16,3292.68,False,0.0,27.9,4.6
2025-12-08,SKU106,Denim Jeans,Apparel,Vendor C,South,Online,61.0,246.0,87,9,71.61,120.54,7352.94,False,0.0,30.0,4.5
2025-03-25,SKU112,Hoodie,Apparel,Vendor B,South,Online,41.0,123.0,73,11,65.48,148.54,6090.14,False,0.0,31.1,4.1
2025-07-10,SKU109,Gym Bag,Fitness,Vendor C,West,Online,,68.0,45,12,73.66,161.49,1291.92,False,0.0,24.8,4.4
2025-05-18,SKU107,Baseball Cap,Accessories,Vendor A,South,Online,68.0,219.0,74,13,46.67,72.31,4917.08,False,0.0,33.7,3.5
2025-07-30,SKU106,Denim Jeans,Apparel,Vendor C,South,Online,51.0,229.0,87,9,71.61,120.54,6147.54,False,0.0,22.1,3.4
2025-04-04,SKU102,Running Shoes,Footwear,Vendor B,West,Online,57.0,295.0,51,14,48.81,90.37,5151.09,False,0.0,10.9,4.3
2025-10-05,SKU105,Sunglasses,Accessories,Vendor A,North,Online,33.0,84.0,59,3,85.64,143.16,4724.28,False,0.0,31.4,4.2
2025-01-02,SKU111,Water Bottle,Fitness,Vendor A,North,Online,26.0,124.0,79,12,24.6,52.01,1352.26,False,0.0,38.2,4.5
2025-08-23,SKU103,Yoga Mat,Fitness,Vendor C,East,Wholesale,53.0,186.0,42,8,28.05,51.04,2705.12,False,0.0,18.3,5.0
2025-09-03,SKU108,Sports Socks,Apparel,Vendor B,East,Online,47.0,261.0,64,3,56.21,111.36,5233.92,False,0.0,24.7,4.2
2025-09-15,SKU111,Water Bottle,Fitness,Vendor A,North,Online,24.0,209.0,79,12,24.6,52.01,1248.24,False,0.0,34.2,4.1
2025-01-30,SKU109,Gym Bag,Fitness,Vendor C,West,Online,3.0,194.0,45,12,73.66,161.49,484.47,False,0.0,25.1,4.1
2025-07-14,SKU110,Smart Watch,Electronics,Vendor D,North,Retail Store,59.0,258.0,88,6,77.96,163.29,9634.11,False,0.0,22.0,3.6
2025-06-28,SKU108,Sports Socks,Apparel,Vendor B,East,Online,71.0,167.0,64,3,56.21,111.36,7906.56,False,0.0,35.1,4.4
2025-04-29,SKU112,Hoodie,Apparel,Vendor B,South,Online,53.0,86.0,73,11,65.48,148.54,7872.62,False,0.0,20.5,4.5
2025-06-27,SKU107,Baseball Cap,Accessories,Vendor A,South,Retail Store,50.0,204.0,74,13,46.67,72.31,3615.5,False,0.0,29.8,4.6
2025-10-23,SKU103,Yoga Mat,Fitness,Vendor C,East,Online,54.0,234.0,42,8,28.05,51.04,2756.16,False,0.0,22.5,4.2
2025-09-15,SKU109,Gym Bag,Fitness,Vendor C,West,Wholesale,12.0,179.0,45,12,73.66,161.49,1937.88,False,0.0,24.1,4.8
2025-03-25,SKU102,Running Shoes,Footwear,Vendor B,West,Retail Store,62.0,250.0,51,14,48.81,90.37,5602.94,False,0.0,25.3,4.2
2025-06-25,SKU107,Baseball Cap,Accessories,Vendor A,South,Online,27.0,114.0,74,13,46.67,72.31,1952.37,False,0.0,18.5,4.3
2025-05-30,SKU109,Gym Bag,Fitness,Vendor C,West,Online,9.0,138.0,45,12,73.66,161.49,1453.41,False,0.0,24.3,4.3
2025-09-14,SKU111,Water Bottle,Fitness,Vendor A,North,Retail Store,36.0,233.0,79,12,24.6,52.01,1872.36,False,0.0,36.0,4.3
2025-02-04,SKU110,Smart Watch,Electronics,Vendor D,North,Online,9.0,284.0,88,6,77.96,163.29,1469.61,False,0.0,25.6,4.4
2025-07-11,SKU110,Smart Watch,Electronics,Vendor D,North,Retail Store,44.0,225.0,88,6,77.96,163.29,7184.76,False,0.0,40.4,4.3
2025-01-15,SKU111,Water Bottle,Fitness,Vendor A,North,Online,9.0,119.0,79,12,24.6,52.01,468.09,False,0.0,29.0,4.0
2025-12-30,SKU109,Gym Bag,Fitness,Vendor C,West,Retail Store,19.0,310.0,45,12,73.66,161.49,3068.31,False,0.0,47.8,3.8
2025-07-24,SKU111,Water Bottle,Fitness,Vendor A,North,Wholesale,23.0,227.0,79,12,24.6,52.01,1196.23,False,0.0,16.3,4.3
2025-08-20,SKU108,Sports Socks,Apparel,Vendor B,East,Retail Store,56.0,147.0,64,3,56.21,111.36,6236.16,False,0.0,25.3,4.0
2025-11-22,SKU103,Yoga Mat,Fitness,Vendor C,East,Retail Store,105.0,88.0,42,8,28.05,51.04,5359.2,False,0.0,29.4,5.0
2025-10-21,SKU106,Denim Jeans,Apparel,Vendor C,South,Online,69.0,280.0,87,9,71.61,120.54,8317.26,False,0.0,37.3,4.7
2025-08-22,SKU111,Water Bottle,Fitness,Vendor A,North,Retail Store,30.0,256.0,79,12,24.6,52.01,1560.3,False,0.0,25.8,3.0
2025-05-14,SKU108,Sports Socks,Apparel,Vendor B,East,Retail Store,48.0,222.0,64,3,56.21,111.36,5345.28,False,0.0,21.8,4.8
2025-02-11,SKU109,Gym Bag,Fitness,Vendor C,West,Online,8.0,87.0,45,12,73.66,161.49,1291.92,False,0.0,22.0,4.6
2025-10-21,SKU112,Hoodie,Apparel,Vendor B,South,Retail Store,47.0,85.0,73,11,65.48,148.54,6981.38,False,0.0,34.9,3.7
2025-01-31,SKU102,Running Shoes,Footwear,Vendor B,West,Wholesale,36.0,255.0,51,14,48.81,90.37,3253.32,False,0.0,25.1,3.8
2025-01-11,SKU106,Denim Jeans,Apparel,Vendor C,South,Retail Store,37.0,140.0,87,9,71.61,120.54,4459.98,False,0.0,21.0,4.2
2025-05-23,SKU112,Hoodie,Apparel,Vendor B,South,Wholesale,50.0,339.0,73,11,65.48,148.54,7427.0,False,0.0,35.0,5.0
2025-11-19,SKU107,Baseball Cap,Accessories,Vendor A,South,Retail Store,85.0,103.0,74,13,46.67,72.31,6146.35,False,0.0,26.1,3.9
2025-04-27,SKU112,Hoodie,Apparel,Vendor B,South,Online,63.0,192.0,73,11,65.48,148.54,9358.02,False,0.0,23.3,4.5
2025-09-14,SKU101,Cotton T-Shirt,Apparel,Vendor A,North,Online,27.0,79.0,74,6,33.5,57.73,1558.71,False,0.0,28.1,4.2
2025-07-09,SKU107,Baseball Cap,Accessories,Vendor A,South,Online,42.0,181.0,74,13,46.67,72.31,3037.02,False,0.0,13.6,4.8
2025-03-18,SKU103,Yoga Mat,Fitness,Vendor C,East,Online,48.0,192.0,42,8,28.05,51.04,2449.92,False,0.0,30.6,3.6
2025-03-09,SKU102,Running Shoes,Footwear,Vendor B,West,Retail Store,164.0,180.0,51,14,48.81,90.37,14820.68,True,12.0,34.7,4.4
2025-06-10,SKU112,Hoodie,Apparel,Vendor B,South,Online,54.0,237.0,73,11,65.48,148.54,8021.16,False,0.0,25.8,5.0
2025-05-24,SKU106,Denim Jeans,Apparel,Vendor C,South,Online,104.0,133.0,87,9,71.61,120.54,12536.16,False,0.0,22.3,4.0
2025-04-27,SKU102,Running Shoes,Footwear,Vendor B,West,Online,63.0,237.0,51,14,48.81,90.37,5693.31,False,0.0,26.2,4.0
2025-07-24,SKU107,Baseball Cap,Accessories,Vendor A,South,Online,49.0,126.0,74,13,46.67,72.31,3543.19,False,0.0,20.6,3.9
2025-11-20,SKU103,Yoga Mat,Fitness,Vendor C,East,Retail Store,,109.0,42,8,28.05,51.04,5614.4,True,13.0,26.6,3.7
2025-10-19,SKU106,Denim Jeans,Apparel,Vendor C,South,Retail Store,89.0,156.0,87,9,71.61,120.54,10728.06,False,0.0,29.5,3.2
2025-11-11,SKU105,Sunglasses,Accessories,Vendor A,North,Retail Store,30.0,140.0,59,3,85.64,143.16,4294.8,False,0.0,11.3,4.2
2025-02-19,SKU103,Yoga Mat,Fitness,Vendor C,East,Wholesale,39.0,230.0,42,8,28.05,51.04,1990.56,False,0.0,24.3,4.5
2025-05-19,SKU104,Protein Powder,Health,Vendor B,East,Retail Store,12.0,184.0,70,9,49.68,111.64,1339.68,False,0.0,13.9,4.9
2025-08-07,SKU112,Hoodie,Apparel,Vendor B,South,Retail Store,37.0,269.0,73,11,65.48,148.54,5495.98,False,0.0,36.6,4.9
2025-12-14,SKU110,Smart Watch,Electronics,Vendor D,North,Online,124.0,123.0,88,6,77.96,163.29,20247.96,False,0.0,19.9,4.9
2025-01-12,SKU105,Sunglasses,Accessories,Vendor A,North,Retail Store,20.0,205.0,59,3,85.64,143.16,2863.2,False,0.0,19.7,3.7
2025-10-14,SKU101,Cotton T-Shirt,Apparel,Vendor A,North,Online,13.0,262.0,74,6,33.5,57.73,750.49,False,0.0,19.2,3.2
2025-08-03,SKU102,Running Shoes,Footwear,Vendor B,West,Online,88.0,200.0,51,14,48.81,90.37,7952.56,False,0.0,19.3,3.6
2025-08-25,SKU105,Sunglasses,Accessories,Vendor A,North,Online,30.0,197.0,59,3,85.64,143.16,4294.8,True,34.0,26.0,4.1
2025-10-31,SKU110,Smart Watch,Electronics,Vendor D,North,Online,50.0,136.0,88,6,77.96,163.29,8164.5,False,0.0,13.0,3.7
2025-03-03,SKU103,Yoga Mat,Fitness,Vendor C,East,Retail Store,36.0,110.0,42,8,28.05,51.04,1837.44,False,0.0,25.0,4.6
2025-11-25,SKU104,Protein Powder,Health,Vendor B,East,Online,34.0,77.0,70,9,49.68,111.64,3795.76,False,0.0,31.8,3.8
2025-05-30,SKU104,Protein Powder,Health,Vendor B,East,Online,18.0,192.0,70,9,49.68,111.64,2009.52,False,0.0,25.4,4.3
2025-08-05,SKU111,Water Bottle,Fitness,Vendor A,North,Online,35.0,140.0,79,12,24.6,52.01,1820.35,True,28.0,13.6,4.5
2025-08-14,SKU111,Water Bottle,Fitness,Vendor A,North,Retail Store,31.0,232.0,79,12,24.6,52.01,1612.31,False,0.0,31.5,3.8
2025-04-02,SKU108,Sports Socks,Apparel,Vendor B,East,Retail Store,54.0,166.0,64,3,56.21,111.36,6013.44,False,0.0,48.1,5.0
2025-04-02,SKU103,Yoga Mat,Fitness,Vendor C,East,Online,,271.0,42,8,28.05,51.04,1939.52,False,0.0,8.1,4.2
2025-03-03,SKU104,Protein Powder,Health,Vendor B,East,Retail Store,20.0,81.0,70,9,49.68,111.64,2232.8,False,0.0,23.7,3.2
2025-08-28,SKU108,Sports Socks,Apparel,Vendor B,East,Online,66.0,153.0,64,3,56.21,111.36,7349.76,False,0.0,25.9,4.7
2025-07-11,SKU109,Gym Bag,Fitness,Vendor C,West,Retail Store,13.0,55.0,45,12,73.66,161.49,2099.37,False,0.0,18.8,3.9
2025-05-13,SKU103,Yoga Mat,Fitness,Vendor C,East,Retail Store,44.0,68.0,42,8,28.05,51.04,2245.76,False,0.0,23.4,4.3
2025-04-15,SKU107,Baseball Cap,Accessories,Vendor A,South,Online,68.0,274.0,74,13,46.67,72.31,4917.08,False,0.0,23.3,4.5
2025-07-06,SKU106,Denim Jeans,Apparel,Vendor C,South,Retail Store,99.0,157.0,87,9,71.61,120.54,11933.46,False,0.0,18.1,3.7
2025-08-27,SKU102,Running Shoes,Footwear,Vendor B,West,Online,54.0,66.0,51,14,48.81,90.37,4879.98,False,0.0,16.9,3.9
2025-11-17,SKU111,Water Bottle,Fitness,Vendor A,North,Online,36.0,192.0,79,12,24.6,52.01,1872.36,False,0.0,27.9,4.5
2025-02-13,SKU111,Water Bottle,Fitness,Vendor A,North,Online,19.0,286.0,79,12,24.6,52.01,988.19,False,0.0,17.2,4.6
2025-01-19,SKU108,Sports Socks,Apparel,Vendor B,East,Retail Store,32.0,233.0,64,3,56.21,111.36,3563.52,False,0.0,12.9,3.6
2025-05-12,SKU104,Protein Powder,Health,Vendor B,East,Online,28.0,74.0,70,9,49.68,111.64,3125.92,False,0.0,30.1,4.7
2025-10-15,SKU111,Water Bottle,Fitness,Vendor A,North,Online,34.0,183.0,79,12,24.6,52.01,1768.34,False,0.0,34.6,3.5
2025-03-15,SKU112,Hoodie,Apparel,Vendor B,South,Retail Store,79.0,105.0,73,11,65.48,148.54,11734.66,False,0.0,19.2,4.5
2025-10-25,SKU109,Gym Bag,Fitness,Vendor C,West,Retail Store,22.0,140.0,45,12,73.66,161.49,3552.78,False,0.0,32.9,4.2
2025-07-08,SKU102,Running Shoes,Footwear,Vendor B,West,Online,60.0,83.0,51,14,48.81,90.37,5422.2,False,0.0,34.1,4.0
2025-03-17,SKU110,Smart Watch,Electronics,Vendor D,North,Retail Store,75.0,222.0,88,6,77.96,163.29,12246.75,True,18.0,43.1,5.0
2025-09-02,SKU110,Smart Watch,Electronics,Vendor D,North,Retail Store,69.0,201.0,88,6,77.96,163.29,11267.01,False,0.0,31.7,4.7
2025-08-29,SKU110,Smart Watch,Electronics,Vendor D,North,Retail Store,56.0,122.0,88,6,77.96,163.29,9144.24,False,0.0,24.4,4.6
2025-03-28,SKU111,Water Bottle,Fitness,Vendor A,North,Retail Store,25.0,152.0,79,12,24.6,52.01,1300.25,False,0.0,12.2,3.1
2025-11-29,SKU102,Running Shoes,Footwear,Vendor B,West,Online,187.0,174.0,51,14,48.81,90.37,16899.19,True,15.0,19.8,4.0
2025-09-27,SKU107,Baseball Cap,Accessories,Vendor A,South,Online,75.0,77.0,74,13,46.67,72.31,5423.25,False,0.0,26.9,4.5
2025-06-21,SKU101,Cotton T-Shirt,Apparel,Vendor A,North,Wholesale,29.0,148.0,74,6,33.5,57.73,1674.17,False,0.0,21.3,4.9
2025-02-05,SKU101,Cotton T-Shirt,Apparel,Vendor A,North,Retail Store,11.0,267.0,74,6,33.5,57.73,635.03,False,0.0,21.8,4.0
2025-06-13,SKU109,Gym Bag,Fitness,Vendor C,West,Online,14.0,168.0,45,12,73.66,161.49,2260.86,False,0.0,20.1,4.1
2025-07-20,SKU103,Yoga Mat,Fitness,Vendor C,East,Online,69.0,69.0,42,8,28.05,51.04,3521.76,False,0.0,26.9,4.2
2025-12-31,SKU101,Cotton T-Shirt,Apparel,Vendor A,North,Retail Store,20.0,87.0,74,6,33.5,57.73,1154.6,False,0.0,36.1,3.7
2025-02-20,SKU105,Sunglasses,Accessories,Vendor A,North,Retail Store,8.0,72.0,59,3,85.64,143.16,1145.28,False,0.0,18.5,3.7
2025-10-23,SKU106,Denim Jeans,Apparel,Vendor C,South,Retail Store,58.0,147.0,87,9,71.61,120.54,6991.32,False,0.0,12.6,4.4
2025-06-20,SKU109,Gym Bag,Fitness,Vendor C,West,Wholesale,9.0,89.0,45,12,73.66,161.49,1453.41,False,0.0,41.0,4.5
2025-04-26,SKU111,Water Bottle,Fitness,Vendor A,North,Online,38.0,200.0,79,12,24.6,52.01,1976.38,False,0.0,29.5,5.0
2025-01-27,SKU107,Baseball Cap,Accessories,Vendor A,South,Retail Store,46.0,87.0,74,13,46.67,72.31,3326.26,False,0.0,19.0,4.1
2025-03-24,SKU102,Running Shoes,Footwear,Vendor B,West,Retail Store,50.0,312.0,51,14,48.81,90.37,4518.5,False,0.0,24.7,4.3
2025-06-26,SKU108,Sports Socks,Apparel,Vendor B,East,Wholesale,60.0,163.0,64,3,56.21,111.36,6681.6,False,0.0,16.1,4.1
2025-09-01,SKU106,Denim Jeans,Apparel,Vendor C,South,Retail Store,40.0,321.0,87,9,71.61,120.54,4821.6,False,0.0,23.8,4.3
2025-08-04,SKU108,Sports Socks,Apparel,Vendor B,East,Online,57.0,180.0,64,3,56.21,111.36,6347.52,False,0.0,29.7,3.5
2025-06-01,SKU106,Denim Jeans,Apparel,Vendor C,South,Online,91.0,254.0,87,9,71.61,120.54,10969.14,False,0.0,22.4,4.6
2025-02-13,SKU110,Smart Watch,Electronics,Vendor D,North,Wholesale,28.0,110.0,88,6,77.96,163.29,4572.12,False,0.0,25.0,4.4
2025-01-05,SKU106,Denim Jeans,Apparel,Vendor C,South,Online,75.0,272.0,87,9,71.61,120.54,9040.5,False,0.0,44.7,4.1
2025-07-26,SKU107,Baseball Cap,Accessories,Vendor A,South,Online,99.0,211.0,74,13,46.67,72.31,7158.69,False,0.0,35.4,4.4
2025-12-21,SKU101,Cotton T-Shirt,Apparel,Vendor A,North,Retail Store,43.0,120.0,74,6,33.5,57.73,2482.39,False,0.0,16.9,
2025-09-25,SKU102,Running Shoes,Footwear,Vendor B,West,Retail Store,62.0,153.0,51,14,48.81,90.37,5602.94,False,0.0,22.9,4.9
2025-10-28,SKU106,Denim Jeans,Apparel,Vendor C,South,Wholesale,75.0,198.0,87,9,71.61,120.54,9040.5,False,0.0,19.7,3.3
2025-12-20,SKU112,Hoodie,Apparel,Vendor B,South,Online,86.0,206.0,73,11,65.48,148.54,12774.44,False,0.0,36.3,4.2
2025-04-05,SKU106,Denim Jeans,Apparel,Vendor C,South,Wholesale,73.0,179.0,87,9,71.61,120.54,8799.42,False,0.0,36.1,3.6
2025-02-23,SKU101,Cotton T-Shirt,Apparel,Vendor A,North,Retail Store,18.0,213.0,74,6,33.5,57.73,1039.14,False,0.0,14.1,4.4
2025-06-13,SKU106,Denim Jeans,Apparel,Vendor C,South,Retail Store,80.0,217.0,87,9,71.61,120.54,9643.2,False,0.0,30.6,3.6
2025-08-27,SKU104,Protein Powder,Health,Vendor B,East,Retail Store,22.0,222.0,70,9,49.68,111.64,2456.08,False,0.0,13.0,3.3
2025-12-29,SKU106,Denim Jeans,Apparel,Vendor C,South,Online,100.0,223.0,87,9,71.61,120.54,12054.0,False,0.0,23.2,4.9
2025-03-25,SKU101,Cotton T-Shirt,Apparel,Vendor A,North,Online,17.0,140.0,74,6,33.5,57.73,981.41,False,0.0,23.2,4.3
2025-05-09,SKU101,Cotton T-Shirt,Apparel,Vendor A,North,Online,43.0,159.0,74,6,33.5,57.73,2482.39,True,16.0,20.6,3.9
2025-09-04,SKU101,Cotton T-Shirt,Apparel,Vendor A,North,Online,33.0,295.0,74,6,33.5,57.73,1905.09,True,37.0,33.7,3.8
2025-05-12,SKU105,Sunglasses,Accessories,Vendor A,North,Retail Store,34.0,73.0,59,3,85.64,143.16,4867.44,False,0.0,27.1,4.7
2025-03-11,SKU104,Protein Powder,Health,Vendor B,East,Online,13.0,103.0,70,9,49.68,111.64,1451.32,False,0.0,25.2,4.2
2025-08-24,SKU110,Smart Watch,Electronics,Vendor D,North,Retail Store,163.0,351.0,88,6,77.96,163.29,26616.27,True,37.0,33.4,4.1
2025-11-12,SKU107,Baseball Cap,Accessories,Vendor A,South,Online,78.0,229.0,74,13,46.67,72.31,5640.18,False,0.0,16.2,3.7
2025-08-08,SKU102,Running Shoes,Footwear,Vendor B,West,Online,60.0,279.0,51,14,48.81,90.37,5422.2,False,0.0,25.2,3.6
2025-12-03,SKU110,Smart Watch,Electronics,Vendor D,North,Online,92.0,195.0,88,6,77.96,163.29,15022.68,False,0.0,28.9,5.0
2025-03-25,SKU107,Baseball Cap,Accessories,Vendor A,South,Online,129.0,142.0,74,13,46.67,72.31,9327.99,True,11.0,32.1,4.4
2025-04-04,SKU104,Protein Powder,Health,Vendor B,East,Online,18.0,179.0,70,9,49.68,111.64,2009.52,False,0.0,44.3,3.0
2025-10-29,SKU107,Baseball Cap,Accessories,Vendor A,South,Online,67.0,111.0,74,13,46.67,72.31,4844.77,False,0.0,35.5,3.8
2025-01-17,SKU103,Yoga Mat,Fitness,Vendor C,East,Online,35.0,70.0,42,8,28.05,51.04,1786.4,False,0.0,35.5,4.0
2025-09-05,SKU111,Water Bottle,Fitness,Vendor A,North,Online,31.0,114.0,79,12,24.6,52.01,1612.31,False,0.0,27.7,3.4
2025-04-28,SKU105,Sunglasses,Accessories,Vendor A,North,Online,22.0,212.0,59,3,85.64,143.16,3149.52,False,0.0,21.6,5.0
2025-04-01,SKU102,Running Shoes,Footwear,Vendor B,West,Online,83.0,88.0,51,14,48.81,90.37,7500.71,False,0.0,28.4,3.7
2025-05-06,SKU101,Cotton T-Shirt,Apparel,Vendor A,North,Online,19.0,108.0,74,6,33.5,57.73,1096.87,False,0.0,30.5,4.1
2025-12-25,SKU108,Sports Socks,Apparel,Vendor B,East,Online,79.0,106.0,64,3,56.21,111.36,8797.44,False,0.0,27.4,4.3
2025-10-01,SKU108,Sports Socks,Apparel,Vendor B,East,Retail Store,63.0,136.0,64,3,56.21,111.36,7015.68,False,0.0,36.6,4.2
2025-05-05,SKU111,Water Bottle,Fitness,Vendor A,North,Retail Store,37.0,133.0,79,12,24.6,52.01,1924.37,False,0.0,18.2,4.0
2025-09-23,SKU109,Gym Bag,Fitness,Vendor C,West,Retail Store,11.0,75.0,45,12,73.66,161.49,1776.39,False,0.0,24.1,4.5
2025-09-18,SKU108,Sports Socks,Apparel,Vendor B,East,Online,69.0,100.0,64,3,56.21,111.36,7683.84,False,0.0,30.3,4.2
2025-01-19,SKU103,Yoga Mat,Fitness,Vendor C,East,Online,35.0,202.0,42,8,28.05,51.04,1786.4,False,0.0,1.0,4.5
2025-08-03,SKU101,Cotton T-Shirt,Apparel,Vendor A,North,Online,24.0,126.0,74,6,33.5,57.73,1385.52,False,0.0,11.8,3.9
2025-01-31,SKU104,Protein Powder,Health,Vendor B,East,Online,16.0,200.0,70,9,49.68,111.64,1786.24,False,0.0,17.9,3.8
2025-03-02,SKU101,Cotton T-Shirt,Apparel,Vendor A,North,Online,30.0,99.0,74,6,33.5,57.73,1731.9,False,0.0,35.0,4.1
2025-05-15,SKU108,Sports Socks,Apparel,Vendor B,East,Retail Store,42.0,180.0,64,3,56.21,111.36,4677.12,False,0.0,43.5,4.1
2025-02-26,SKU108,Sports Socks,Apparel,Vendor B,East,Retail Store,28.0,270.0,64,3,56.21,111.36,3118.08,False,0.0,11.9,4.3
2025-02-23,SKU112,Hoodie,Apparel,Vendor B,South,Retail Store,39.0,173.0,73,11,65.48,148.54,5793.06,False,0.0,21.8,4.4
2025-09-25,SKU103,Yoga Mat,Fitness,Vendor C,East,Online,39.0,165.0,42,8,28.05,51.04,1990.56,False,0.0,27.6,4.3
2025-01-19,SKU106,Denim Jeans,Apparel,Vendor C,South,Online,108.0,192.0,87,9,71.61,120.54,13018.32,True,30.0,23.2,4.2
2025-04-17,SKU103,Yoga Mat,Fitness,Vendor C,East,Online,47.0,191.0,42,8,28.05,51.04,2398.88,False,0.0,15.5,4.1
2025-07-09,SKU108,Sports Socks,Apparel,Vendor B,East,Retail Store,41.0,172.0,64,3,56.21,111.36,4565.76,False,0.0,13.3,3.9
2025-09-14,SKU105,Sunglasses,Accessories,Vendor A,North,Retail Store,36.0,150.0,59,3,85.64,143.16,5153.76,False,0.0,24.0,4.6
2025-02-09,SKU103,Yoga Mat,Fitness,Vendor C,East,Retail Store,43.0,175.0,42,8,28.05,51.04,2194.72,False,0.0,18.4,4.3
2025-05-17,SKU105,Sunglasses,Accessories,Vendor A,North,Online,32.0,126.0,59,3,85.64,143.16,4581.12,False,0.0,21.9,4.6
2025-02-11,SKU110,Smart Watch,Electronics,Vendor D,North,Wholesale,48.0,184.0,88,6,77.96,163.29,7837.92,False,0.0,17.1,4.6
2025-10-26,SKU109,Gym Bag,Fitness,Vendor C,West,Wholesale,14.0,126.0,45,12,73.66,161.49,2260.86,False,0.0,23.1,4.5
2025-09-28,SKU107,Baseball Cap,Accessories,Vendor A,South,Retail Store,85.0,230.0,74,13,46.67,72.31,6146.35,False,0.0,19.5,5.0
2025-11-16,SKU112,Hoodie,Apparel,Vendor B,South,Retail Store,94.0,309.0,73,11,65.48,148.54,13962.76,False,0.0,24.3,3.4
2025-01-25,SKU103,Yoga Mat,Fitness,Vendor C,East,Retail Store,47.0,261.0,42,8,28.05,51.04,2398.88,False,0.0,33.3,5.0
2025-02-09,SKU102,Running Shoes,Footwear,Vendor B,West,Online,34.0,154.0,51,14,48.81,90.37,3072.58,False,0.0,26.6,4.0
2025-02-14,SKU108,Sports Socks,Apparel,Vendor B,East,Online,35.0,82.0,64,3,56.21,111.36,3897.6,False,0.0,14.0,4.3
2025-12-28,SKU104,Protein Powder,Health,Vendor B,East,Retail Store,43.0,141.0,70,9,49.68,111.64,4800.52,False,0.0,31.0,3.5
2025-12-05,SKU111,Water Bottle,Fitness,Vendor A,North,Online,41.0,297.0,79,12,24.6,52.01,2132.41,False,0.0,38.0,4.2
2025-12-01,SKU107,Baseball Cap,Accessories,Vendor A,South,Online,86.0,299.0,74,13,46.67,72.31,6218.66,False,0.0,30.9,4.5
2025-11-23,SKU102,Running Shoes,Footwear,Vendor B,West,Retail Store,120.0,149.0,51,14,48.81,90.37,10844.4,False,0.0,20.6,4.0
2025-06-19,SKU106,Denim Jeans,Apparel,Vendor C,South,Online,82.0,104.0,87,9,71.61,120.54,9884.28,False,0.0,10.1,3.6
2025-08-16,SKU105,Sunglasses,Accessories,Vendor A,North,Online,34.0,174.0,59,3,85.64,143.16,4867.44,False,0.0,37.1,4.5
2025-09-06,SKU106,Denim Jeans,Apparel,Vendor C,South,Retail Store,90.0,272.0,87,9,71.61,120.54,10848.6,False,0.0,36.9,4.4
2025-12-25,SKU107,Baseball Cap,Accessories,Vendor A,South,Retail Store,58.0,140.0,74,13,46.67,72.31,4193.98,False,0.0,19.8,3.8
2025-02-22,SKU107,Baseball Cap,Accessories,Vendor A,South,Wholesale,68.0,76.0,74,13,46.67,72.31,4917.08,True,29.0,22.7,4.1
2025-12-16,SKU110,Smart Watch,Electronics,Vendor D,North,Online,111.0,341.0,88,6,77.96,163.29,18125.19,False,0.0,16.4,4.4
2025-03-05,SKU107,Baseball Cap,Accessories,Vendor A,South,Retail Store,56.0,144.0,74,13,46.67,72.31,4049.36,False,0.0,13.1,4.2
2025-10-05,SKU112,Hoodie,Apparel,Vendor B,South,Retail Store,71.0,224.0,73,11,65.48,148.54,10546.34,False,0.0,33.3,4.1
2025-05-14,SKU107,Baseball Cap,Accessories,Vendor A,South,Retail Store,55.0,166.0,74,13,46.67,72.31,3977.05,False,0.0,24.9,4.1
2025-01-01,SKU102,Running Shoes,Footwear,Vendor B,West,Retail Store,26.0,243.0,51,14,48.81,90.37,2349.62,False,0.0,34.5,3.9
2025-05-27,SKU111,Water Bottle,Fitness,Vendor A,North,Online,23.0,155.0,79,12,24.6,52.01,1196.23,False,0.0,16.5,4.6
2025-08-03,SKU110,Smart Watch,Electronics,Vendor D,North,Wholesale,83.0,314.0,88,6,77.96,163.29,13553.07,False,0.0,20.4,3.5
2025-12-31,SKU103,Yoga Mat,Fitness,Vendor C,East,Wholesale,73.0,213.0,42,8,28.05,51.04,3725.92,False,0.0,25.6,3.5
2025-07-17,SKU105,Sunglasses,Accessories,Vendor A,North,Retail Store,20.0,250.0,59,3,85.64,143.16,2863.2,False,0.0,29.7,4.4
2025-08-26,SKU110,Smart Watch,Electronics,Vendor D,North,Online,46.0,190.0,88,6,77.96,163.29,7511.34,False,0.0,23.3,3.3
2025-01-18,SKU107,Baseball Cap,Accessories,Vendor A,South,Online,57.0,317.0,74,13,46.67,72.31,4121.67,False,0.0,42.2,5.0
2025-04-26,SKU103,Yoga Mat,Fitness,Vendor C,East,Online,108.0,144.0,42,8,28.05,51.04,5512.32,True,26.0,20.3,5.0
2025-01-08,SKU109,Gym Bag,Fitness,Vendor C,West,Online,6.0,130.0,45,12,73.66,161.49,968.94,False,0.0,20.3,3.7
2025-03-29,SKU112,Hoodie,Apparel,Vendor B,South,Online,59.0,197.0,73,11,65.48,148.54,8763.86,False,0.0,35.3,5.0
2025-02-27,SKU112,Hoodie,Apparel,Vendor B,South,Retail Store,19.0,262.0,73,11,65.48,148.54,2822.26,False,0.0,26.7,3.6
2025-06-08,SKU104,Protein Powder,Health,Vendor B,East,Online,22.0,193.0,70,9,49.68,111.64,2456.08,False,0.0,33.3,4.0
2025-08-07,SKU108,Sports Socks,Apparel,Vendor B,East,Online,56.0,221.0,64,3,56.21,111.36,6236.16,False,0.0,24.9,3.6
2025-08-26,SKU111,Water Bottle,Fitness,Vendor A,North,Online,22.0,129.0,79,12,24.6,52.01,1144.22,False,0.0,17.5,3.8
2025-11-22,SKU102,Running Shoes,Footwear,Vendor B,West,Online,119.0,118.0,51,14,48.81,90.37,10754.03,False,0.0,26.6,5.0
2025-07-30,SKU105,Sunglasses,Accessories,Vendor A,North,Online,20.0,81.0,59,3,85.64,143.16,2863.2,False,0.0,17.5,4.6
2025-01-15,SKU109,Gym Bag,Fitness,Vendor C,West,Online,8.0,69.0,45,12,73.66,161.49,1291.92,False,0.0,21.1,3.9
2025-07-24,SKU106,Denim Jeans,Apparel,Vendor C,South,Online,68.0,289.0,87,9,71.61,120.54,8196.72,False,0.0,30.9,4.9
2025-01-25,SKU110,Smart Watch,Electronics,Vendor D,North,Online,69.0,297.0,88,6,77.96,163.29,11267.01,False,0.0,33.7,3.9
2025-07-08,SKU108,Sports Socks,Apparel,Vendor B,East,Wholesale,41.0,213.0,64,3,56.21,111.36,4565.76,False,0.0,15.3,4.9
2025-07-06,SKU108,Sports Socks,Apparel,Vendor B,East,Online,77.0,84.0,64,3,56.21,111.36,8574.72,False,0.0,25.1,3.8
2025-04-24,SKU110,Smart Watch,Electronics,Vendor D,North,Online,61.0,225.0,88,6,77.96,163.29,9960.69,False,0.0,19.2,3.9
2025-06-12,SKU101,Cotton T-Shirt,Apparel,Vendor A,North,Retail Store,24.0,222.0,74,6,33.5,57.73,1385.52,False,0.0,21.4,4.2
2025-02-03,SKU105,Sunglasses,Accessories,Vendor A,North,Retail Store,13.0,202.0,59,3,85.64,143.16,1861.08,False,0.0,24.8,4.3
2025-06-27,SKU106,Denim Jeans,Apparel,Vendor C,South,Online,42.0,217.0,87,9,71.61,120.54,5062.68,False,0.0,6.4,4.0
2025-03-09,SKU106,Denim Jeans,Apparel,Vendor C,South,Wholesale,116.0,243.0,87,9,71.61,120.54,13982.64,False,0.0,15.9,4.3
2025-09-16,SKU103,Yoga Mat,Fitness,Vendor C,East,Retail Store,52.0,88.0,42,8,28.05,51.04,2654.08,True,17.0,39.5,2.9
2025-07-13,SKU105,Sunglasses,Accessories,Vendor A,North,Online,23.0,149.0,59,3,85.64,143.16,3292.68,False,0.0,30.2,3.8
2025-11-24,SKU112,Hoodie,Apparel,Vendor B,South,Retail Store,59.0,144.0,73,11,65.48,148.54,8763.86,False,0.0,17.4,4.8
2025-05-19,SKU102,Running Shoes,Footwear,Vendor B,West,Online,86.0,63.0,51,14,48.81,90.37,7771.82,True,10.0,29.5,4.2
2025-04-04,SKU105,Sunglasses,Accessories,Vendor A,North,Online,24.0,141.0,59,3,85.64,143.16,3435.84,False,0.0,21.6,4.2
2025-03-15,SKU105,Sunglasses,Accessories,Vendor A,North,Online,24.0,212.0,59,3,85.64,143.16,3435.84,False,0.0,36.5,4.6
2025-05-31,SKU111,Water Bottle,Fitness,Vendor A,North,Online,43.0,193.0,79,12,24.6,52.01,2236.43,False,0.0,11.2,3.8
2025-05-11,SKU104,Protein Powder,Health,Vendor B,East,Online,41.0,102.0,70,9,49.68,111.64,4577.24,False,0.0,47.2,4.2
2025-08-06,SKU107,Baseball Cap,Accessories,Vendor A,South,Online,51.0,293.0,74,13,46.67,72.31,3687.81,False,0.0,35.9,4.3
2025-01-15,SKU104,Protein Powder,Health,Vendor B,East,Online,18.0,191.0,70,9,49.68,111.64,2009.52,False,0.0,43.6,3.9
2025-03-19,SKU102,Running Shoes,Footwear,Vendor B,West,Wholesale,58.0,166.0,51,14,48.81,90.37,5241.46,False,0.0,16.1,4.3
2025-09-27,SKU106,Denim Jeans,Apparel,Vendor C,South,Retail Store,106.0,286.0,87,9,71.61,120.54,12777.24,False,0.0,24.9,3.7
2025-09-28,SKU103,Yoga Mat,Fitness,Vendor C,East,Online,67.0,131.0,42,8,28.05,51.04,3419.68,False,0.0,10.2,3.9
2025-08-10,SKU110,Smart Watch,Electronics,Vendor D,North,Online,97.0,205.0,88,6,77.96,163.29,15839.13,False,0.0,32.1,3.6
2025-02-07,SKU107,Baseball Cap,Accessories,Vendor A,South,Online,58.0,219.0,74,13,46.67,72.31,4193.98,False,0.0,24.1,4.0
2025-02-25,SKU111,Water Bottle,Fitness,Vendor A,North,Online,21.0,276.0,79,12,24.6,52.01,1092.21,False,0.0,15.6,3.8
2025-03-29,SKU102,Running Shoes,Footwear,Vendor B,West,Online,98.0,188.0,51,14,48.81,90.37,8856.26,False,0.0,29.8,4.7
2025-09-13,SKU101,Cotton T-Shirt,Apparel,Vendor A,North,Wholesale,27.0,106.0,74,6,33.5,57.73,1558.71,False,0.0,15.6,4.4
2025-10-28,SKU109,Gym Bag,Fitness,Vendor C,West,Online,19.0,98.0,45,12,73.66,161.49,3068.31,True,14.0,14.3,3.7
2025-02-23,SKU109,Gym Bag,Fitness,Vendor C,West,Retail Store,11.0,152.0,45,12,73.66,161.49,1776.39,True,10.0,34.0,4.6
2025-09-20,SKU104,Protein Powder,Health,Vendor B,East,Online,34.0,266.0,70,9,49.68,111.64,3795.76,False,0.0,29.2,3.9
2025-06-05,SKU103,Yoga Mat,Fitness,Vendor C,East,Online,41.0,154.0,42,8,28.05,51.04,2092.64,False,0.0,18.3,4.6
2025-12-22,SKU104,Protein Powder,Health,Vendor B,East,Retail Store,21.0,193.0,70,9,49.68,111.64,2344.44,False,0.0,21.0,4.2
2025-07-19,SKU101,Cotton T-Shirt,Apparel,Vendor A,North,Retail Store,33.0,302.0,74,6,33.5,57.73,1905.09,True,27.0,26.8,3.7
2025-07-31,SKU107,Baseball Cap,Accessories,Vendor A,South,Online,36.0,158.0,74,13,46.67,72.31,2603.16,False,0.0,17.6,3.9
2025-05-04,SKU107,Baseball Cap,Accessories,Vendor A,South,Retail Store,73.0,131.0,74,13,46.67,72.31,5278.63,False,0.0,12.5,3.6
2025-03-05,SKU110,Smart Watch,Electronics,Vendor D,North,Online,74.0,121.0,88,6,77.96,163.29,12083.46,False,0.0,23.0,4.1
2025-02-07,SKU108,Sports Socks,Apparel,Vendor B,East,Online,43.0,143.0,64,3,56.21,111.36,4788.48,False,0.0,18.9,3.6
2025-11-29,SKU112,Hoodie,Apparel,Vendor B,South,Online,100.0,227.0,73,11,65.48,148.54,14854.0,False,0.0,30.9,4.3
2025-12-21,SKU111,Water Bottle,Fitness,Vendor A,North,Retail Store,73.0,165.0,79,12,24.6,52.01,3796.73,True,28.0,34.1,4.3
2025-04-30,SKU107,Baseball Cap,Accessories,Vendor A,South,Retail Store,83.0,104.0,74,13,46.67,72.31,6001.73,False,0.0,18.7,4.4
2025-06-14,SKU101,Cotton T-Shirt,Apparel,Vendor A,North,Online,33.0,167.0,74,6,33.5,57.73,1905.09,True,11.0,28.3,4.2
2025-11-18,SKU101,Cotton T-Shirt,Apparel,Vendor A,North,Online,32.0,84.0,74,6,33.5,57.73,1847.36,False,0.0,31.3,3.4
2025-08-02,SKU106,Denim Jeans,Apparel,Vendor C,South,Online,90.0,263.0,87,9,71.61,120.54,10848.6,False,0.0,12.5,4.4
2025-02-19,SKU112,Hoodie,Apparel,Vendor B,South,Online,44.0,193.0,73,11,65.48,148.54,6535.76,False,0.0,19.6,4.6
2025-05-30,SKU102,Running Shoes,Footwear,Vendor B,West,Online,,52.0,51,14,48.81,90.37,3524.43,False,0.0,22.4,3.0
2025-11-09,SKU102,Running Shoes,Footwear,Vendor B,West,Online,107.0,159.0,51,14,48.81,90.37,9669.59,False,0.0,16.5,5.0
2025-02-09,SKU110,Smart Watch,Electronics,Vendor D,North,Retail Store,121.0,111.0,88,6,77.96,163.29,19758.09,True,39.0,16.0,4.4
2025-09-09,SKU101,Cotton T-Shirt,Apparel,Vendor A,North,Online,24.0,179.0,74,6,33.5,57.73,1385.52,False,0.0,38.5,4.2
2025-09-12,SKU106,Denim Jeans,Apparel,Vendor C,South,Online,38.0,251.0,87,9,71.61,120.54,4580.52,False,0.0,21.0,4.3
2025-06-12,SKU106,Denim Jeans,Apparel,Vendor C,South,Retail Store,80.0,149.0,87,9,71.61,120.54,9643.2,False,0.0,43.8,4.6
2025-01-08,SKU111,Water Bottle,Fitness,Vendor A,North,Retail Store,16.0,247.0,79,12,24.6,52.01,832.16,False,0.0,23.0,4.9
2025-10-15,SKU105,Sunglasses,Accessories,Vendor A,North,Wholesale,23.0,114.0,59,3,85.64,143.16,3292.68,False,0.0,19.6,4.5
2025-10-30,SKU112,Hoodie,Apparel,Vendor B,South,Retail Store,36.0,96.0,73,11,65.48,148.54,5347.44,False,0.0,21.4,4.5
2025-09-18,SKU105,Sunglasses,Accessories,Vendor A,North,Online,19.0,66.0,59,3,85.64,143.16,2720.04,False,0.0,21.8,4.0
2025-12-12,SKU106,Denim Jeans,Apparel,Vendor C,South,Online,,222.0,87,9,71.61,120.54,11692.38,True,22.0,24.6,4.0
2025-12-18,SKU102,Running Shoes,Footwear,Vendor B,West,Retail Store,76.0,123.0,51,14,48.81,90.37,6868.12,False,0.0,19.9,4.6
2025-06-09,SKU110,Smart Watch,Electronics,Vendor D,North,Retail Store,73.0,336.0,88,6,77.96,163.29,11920.17,False,0.0,37.7,3.9
2025-04-12,SKU112,Hoodie,Apparel,Vendor B,South,Retail Store,66.0,227.0,73,11,65.48,148.54,9803.64,False,0.0,29.4,4.2
2025-09-14,SKU107,Baseball Cap,Accessories,Vendor A,South,Online,72.0,254.0,74,13,46.67,72.31,5206.32,False,0.0,33.8,3.7
2025-05-02,SKU109,Gym Bag,Fitness,Vendor C,West,Retail Store,16.0,228.0,45,12,73.66,161.49,2583.84,False,0.0,33.9,3.5
2025-09-04,SKU109,Gym Bag,Fitness,Vendor C,West,Online,14.0,96.0,45,12,73.66,161.49,2260.86,False,0.0,24.9,4.0
2025-01-22,SKU104,Protein Powder,Health,Vendor B,East,Retail Store,9.0,86.0,70,9,49.68,111.64,1004.76,False,0.0,15.5,3.7
2025-08-09,SKU104,Protein Powder,Health,Vendor B,East,Retail Store,32.0,147.0,70,9,49.68,111.64,3572.48,False,0.0,23.1,4.0
2025-06-17,SKU105,Sunglasses,Accessories,Vendor A,North,Wholesale,27.0,243.0,59,3,85.64,143.16,3865.32,False,0.0,38.3,4.2
2025-04-14,SKU111,Water Bottle,Fitness,Vendor A,North,Wholesale,25.0,251.0,79,12,24.6,52.01,1300.25,False,0.0,26.6,5.0
2025-09-21,SKU101,Cotton T-Shirt,Apparel,Vendor A,North,Wholesale,27.0,93.0,74,6,33.5,57.73,1558.71,False,0.0,22.8,4.0
2025-09-30,SKU102,Running Shoes,Footwear,Vendor B,West,Wholesale,64.0,105.0,51,14,48.81,90.37,5783.68,False,0.0,41.6,4.3
2025-01-19,SKU101,Cotton T-Shirt,Apparel,Vendor A,North,Retail Store,35.0,294.0,74,6,33.5,57.73,2020.55,True,12.0,30.6,4.1
2025-08-30,SKU108,Sports Socks,Apparel,Vendor B,East,Wholesale,87.0,239.0,64,3,56.21,111.36,9688.32,False,0.0,19.2,4.3
2025-10-04,SKU111,Water Bottle,Fitness,Vendor A,North,Retail Store,31.0,116.0,79,12,24.6,52.01,1612.31,False,0.0,44.4,3.5
2025-02-17,SKU106,Denim Jeans,Apparel,Vendor C,South,Online,54.0,143.0,87,9,71.61,120.54,6509.16,False,0.0,15.9,4.0
2025-10-20,SKU104,Protein Powder,Health,Vendor B,East,Online,26.0,202.0,70,9,49.68,111.64,2902.64,False,0.0,19.5,3.6
2025-10-23,SKU110,Smart Watch,Electronics,Vendor D,North,Online,59.0,288.0,88,6,77.96,163.29,9634.11,False,0.0,24.8,4.2
2025-04-11,SKU101,Cotton T-Shirt,Apparel,Vendor A,North,Retail Store,18.0,114.0,74,6,33.5,57.73,1039.14,False,0.0,17.6,4.0
2025-11-10,SKU103,Yoga Mat,Fitness,Vendor C,East,Retail Store,69.0,128.0,42,8,28.05,51.04,3521.76,False,0.0,26.0,3.7
2025-12-14,SKU108,Sports Socks,Apparel,Vendor B,East,Online,114.0,173.0,64,3,56.21,111.36,12695.04,False,0.0,15.0,4.4
2025-09-01,SKU111,Water Bottle,Fitness,Vendor A,North,Online,17.0,224.0,79,12,24.6,52.01,884.17,False,0.0,31.8,4.8
2025-01-29,SKU104,Protein Powder,Health,Vendor B,East,Retail Store,22.0,225.0,70,9,49.68,111.64,2456.08,True,10.0,41.4,4.4
2025-01-12,SKU102,Running Shoes,Footwear,Vendor B,West,Online,59.0,264.0,51,14,48.81,90.37,5331.83,False,0.0,32.1,3.4
2025-02-25,SKU102,Running Shoes,Footwear,Vendor B,West,Retail Store,56.0,95.0,51,14,48.81,90.37,5060.72,False,0.0,31.0,4.5
2025-08-26,SKU105,Sunglasses,Accessories,Vendor A,North,Online,26.0,171.0,59,3,85.64,143.16,3722.16,False,0.0,14.6,4.3
2025-01-30,SKU107,Baseball Cap,Accessories,Vendor A,South,Online,44.0,233.0,74,13,46.67,72.31,3181.64,False,0.0,31.7,3.9
2025-05-13,SKU112,Hoodie,Apparel,Vendor B,South,Online,51.0,137.0,73,11,65.48,148.54,7575.54,False,0.0,26.5,3.6
2025-01-24,SKU108,Sports Socks,Apparel,Vendor B,East,Retail Store,44.0,244.0,64,3,56.21,111.36,4899.84,False,0.0,31.6,4.4
2025-04-02,SKU112,Hoodie,Apparel,Vendor B,South,Retail Store,53.0,140.0,73,11,65.48,148.54,7872.62,False,0.0,29.2,4.7
2025-02-21,SKU106,Denim Jeans,Apparel,Vendor C,South,Online,32.0,160.0,87,9,71.61,120.54,3857.28,False,0.0,18.8,3.5
2025-05-19,SKU101,Cotton T-Shirt,Apparel,Vendor A,North,Retail Store,17.0,176.0,74,6,33.5,57.73,981.41,False,0.0,36.6,3.8
2025-04-21,SKU110,Smart Watch,Electronics,Vendor D,North,Online,72.0,97.0,88,6,77.96,163.29,11756.88,False,0.0,24.5,5.0
2025-11-11,SKU110,Smart Watch,Electronics,Vendor D,North,Retail Store,103.0,210.0,88,6,77.96,163.29,16818.87,False,0.0,27.2,4.2
2025-10-08,SKU104,Protein Powder,Health,Vendor B,East,Retail Store,26.0,164.0,70,9,49.68,111.64,2902.64,False,0.0,24.3,4.2
2025-09-16,SKU102,Running Shoes,Footwear,Vendor B,West,Online,38.0,126.0,51,14,48.81,90.37,3434.06,False,0.0,24.0,4.4
2025-02-23,SKU107,Baseball Cap,Accessories,Vendor A,South,Retail Store,81.0,134.0,74,13,46.67,72.31,5857.11,False,0.0,10.3,4.0
2025-12-08,SKU112,Hoodie,Apparel,Vendor B,South,Online,59.0,142.0,73,11,65.48,148.54,8763.86,False,0.0,23.8,3.2
2025-07-08,SKU106,Denim Jeans,Apparel,Vendor C,South,Retail Store,57.0,208.0,87,9,71.61,120.54,6870.78,False,0.0,23.4,5.0
2025-01-22,SKU105,Sunglasses,Accessories,Vendor A,North,Online,19.0,254.0,59,3,85.64,143.16,2720.04,False,0.0,29.3,3.7
2025-04-28,SKU109,Gym Bag,Fitness,Vendor C,West,Online,9.0,58.0,45,12,73.66,161.49,1453.41,False,0.0,30.2,4.9
2025-10-30,SKU109,Gym Bag,Fitness,Vendor C,West,Retail Store,10.0,78.0,45,12,73.66,161.49,1614.9,False,0.0,21.3,4.8
2025-12-04,SKU103,Yoga Mat,Fitness,Vendor C,East,Online,67.0,70.0,42,8,28.05,51.04,3419.68,False,0.0,16.4,4.4
2025-08-06,SKU108,Sports Socks,Apparel,Vendor B,East,Wholesale,43.0,84.0,64,3,56.21,111.36,4788.48,False,0.0,16.2,4.3
2025-10-19,SKU104,Protein Powder,Health,Vendor B,East,Retail Store,28.0,228.0,70,9,49.68,111.64,3125.92,False,0.0,33.3,4.3
2025-08-23,SKU109,Gym Bag,Fitness,Vendor C,West,Online,18.0,100.0,45,12,73.66,161.49,2906.82,False,0.0,16.9,4.0
2025-08-28,SKU104,Protein Powder,Health,Vendor B,East,Online,18.0,204.0,70,9,49.68,111.64,2009.52,False,0.0,32.7,3.8
2025-07-13,SKU111,Water Bottle,Fitness,Vendor A,North,Retail Store,37.0,106.0,79,12,24.6,52.01,1924.37,False,0.0,22.9,3.3
2025-05-03,SKU111,Water Bottle,Fitness,Vendor A,North,Retail Store,36.0,203.0,79,12,24.6,52.01,1872.36,False,0.0,29.0,4.4
2025-05-17,SKU102,Running Shoes,Footwear,Vendor B,West,Retail Store,85.0,,51,14,48.81,90.37,7681.45,False,0.0,31.8,4.2
2025-05-21,SKU105,Sunglasses,Accessories,Vendor A,North,Online,18.0,192.0,59,3,85.64,143.16,2576.88,False,0.0,30.8,4.5
2025-08-04,SKU101,Cotton T-Shirt,Apparel,Vendor A,North,Retail Store,19.0,107.0,74,6,33.5,57.73,1096.87,False,0.0,30.6,3.6
2025-11-04,SKU107,Baseball Cap,Accessories,Vendor A,South,Online,94.0,236.0,74,13,46.67,72.31,6797.14,False,0.0,35.7,4.1
2025-11-23,SKU107,Baseball Cap,Accessories,Vendor A,South,Online,106.0,167.0,74,13,46.67,72.31,7664.86,False,0.0,22.5,4.4
2025-10-11,SKU106,Denim Jeans,Apparel,Vendor C,South,Online,102.0,335.0,87,9,71.61,120.54,12295.08,False,0.0,26.0,3.2
2025-06-18,SKU101,Cotton T-Shirt,Apparel,Vendor A,North,Online,18.0,214.0,74,6,33.5,57.73,1039.14,False,0.0,27.3,4.1
2025-09-24,SKU106,Denim Jeans,Apparel,Vendor C,South,Retail Store,68.0,256.0,87,9,71.61,120.54,8196.72,False,0.0,23.2,4.4
2025-04-16,SKU102,Running Shoes,Footwear,Vendor B,West,Retail Store,61.0,305.0,51,14,48.81,90.37,5512.57,False,0.0,36.7,4.6
2025-12-20,SKU105,Sunglasses,Accessories,Vendor A,North,Retail Store,43.0,136.0,59,3,85.64,143.16,6155.88,False,0.0,40.8,4.9
2025-04-28,SKU107,Baseball Cap,Accessories,Vendor A,South,Retail Store,61.0,246.0,74,13,46.67,72.31,4410.91,False,0.0,18.0,3.7
2025-09-03,SKU102,Running Shoes,Footwear,Vendor B,West,Online,73.0,228.0,51,14,48.81,90.37,6597.01,False,0.0,26.4,4.5
2025-07-11,SKU102,Running Shoes,Footwear,Vendor B,West,Online,44.0,171.0,51,14,48.81,90.37,3976.28,False,0.0,36.1,5.0
2025-05-20,SKU106,Denim Jeans,Apparel,Vendor C,South,Online,,230.0,87,9,71.61,120.54,7835.1,False,0.0,24.2,3.8
2025-08-09,SKU101,Cotton T-Shirt,Apparel,Vendor A,North,Online,22.0,180.0,74,6,33.5,57.73,1270.06,False,0.0,14.5,4.5
2025-03-21,SKU110,Smart Watch,Electronics,Vendor D,North,Online,53.0,162.0,88,6,77.96,163.29,8654.37,False,0.0,28.3,4.6
2025-04-20,SKU108,Sports Socks,Apparel,Vendor B,East,Online,65.0,81.0,64,3,56.21,111.36,7238.4,False,0.0,32.6,4.2
2025-10-19,SKU103,Yoga Mat,Fitness,Vendor C,East,Wholesale,72.0,49.0,42,8,28.05,51.04,3674.88,False,0.0,30.3,3.7
2025-09-20,SKU110,Smart Watch,Electronics,Vendor D,North,Online,73.0,178.0,88,6,77.96,163.29,11920.17,False,0.0,27.5,3.9
2025-07-28,SKU104,Protein Powder,Health,Vendor B,East,Online,16.0,221.0,70,9,49.68,111.64,1786.24,False,0.0,28.0,3.3
2025-11-26,SKU101,Cotton T-Shirt,Apparel,Vendor A,North,Online,43.0,146.0,74,6,33.5,57.73,2482.39,True,19.0,27.3,3.6
2025-05-05,SKU109,Gym Bag,Fitness,Vendor C,West,Retail Store,20.0,182.0,45,12,73.66,161.49,3229.8,True,16.0,35.5,4.7
2025-07-23,SKU111,Water Bottle,Fitness,Vendor A,North,Online,23.0,91.0,79,12,24.6,52.01,1196.23,False,0.0,33.8,4.2
2025-01-21,SKU103,Yoga Mat,Fitness,Vendor C,East,Wholesale,20.0,,42,8,28.05,51.04,1020.8,False,0.0,39.0,4.0
2025-08-03,SKU103,Yoga Mat,Fitness,Vendor C,East,Wholesale,71.0,148.0,42,8,28.05,51.04,3623.84,False,0.0,18.0,3.9
2025-06-18,SKU104,Protein Powder,Health,Vendor B,East,Retail Store,20.0,190.0,70,9,49.68,111.64,2232.8,False,0.0,20.6,3.4
2025-11-25,SKU110,Smart Watch,Electronics,Vendor D,North,Online,106.0,335.0,88,6,77.96,163.29,17308.74,False,0.0,36.7,4.5
2025-11-22,SKU101,Cotton T-Shirt,Apparel,Vendor A,North,Online,67.0,109.0,74,6,33.5,57.73,3867.91,True,18.0,25.1,4.4
2025-05-11,SKU111,Water Bottle,Fitness,Vendor A,North,Retail Store,33.0,131.0,79,12,24.6,52.01,1716.33,False,0.0,33.6,4.7
2025-04-29,SKU106,Denim Jeans,Apparel,Vendor C,South,Retail Store,79.0,322.0,87,9,71.61,120.54,9522.66,False,0.0,30.6,4.6
2025-09-09,SKU106,Denim Jeans,Apparel,Vendor C,South,Online,54.0,206.0,87,9,71.61,120.54,6509.16,True,36.0,22.7,4.1
2025-09-05,SKU109,Gym Bag,Fitness,Vendor C,West,Retail Store,12.0,84.0,45,12,73.66,161.49,1937.88,False,0.0,25.3,4.4
2025-06-18,SKU110,Smart Watch,Electronics,Vendor D,North,Online,105.0,120.0,88,6,77.96,163.29,17145.45,True,13.0,35.2,4.1
2025-06-27,SKU111,Water Bottle,Fitness,Vendor A,North,Online,17.0,144.0,79,12,24.6,52.01,884.17,False,0.0,27.9,3.8
2025-04-14,SKU104,Protein Powder,Health,Vendor B,East,Retail Store,20.0,302.0,70,9,49.68,111.64,2232.8,False,0.0,26.8,4.2
2025-11-18,SKU105,Sunglasses,Accessories,Vendor A,North,Retail Store,34.0,162.0,59,3,85.64,143.16,4867.44,False,0.0,29.6,3.8
2025-12-05,SKU112,Hoodie,Apparel,Vendor B,South,Online,108.0,202.0,73,11,65.48,148.54,16042.32,True,36.0,24.2,4.9
2025-02-08,SKU103,Yoga Mat,Fitness,Vendor C,East,Online,37.0,218.0,42,8,28.05,51.04,1888.48,False,0.0,30.7,4.2
2025-06-09,SKU106,Denim Jeans,Apparel,Vendor C,South,Retail Store,67.0,210.0,87,9,71.61,120.54,8076.18,False,0.0,27.7,4.9
2025-01-06,SKU104,Protein Powder,Health,Vendor B,East,Online,17.0,201.0,70,9,49.68,111.64,1897.88,False,0.0,31.3,4.3
2025-10-07,SKU112,Hoodie,Apparel,Vendor B,South,Retail Store,41.0,136.0,73,11,65.48,148.54,6090.14,False,0.0,21.1,4.3
2025-03-21,SKU111,Water Bottle,Fitness,Vendor A,North,Online,26.0,185.0,79,12,24.6,52.01,1352.26,False,0.0,23.9,3.6
2025-02-05,SKU102,Running Shoes,Footwear,Vendor B,West,Online,34.0,168.0,51,14,48.81,90.37,3072.58,False,0.0,14.6,4.5
2025-03-26,SKU112,Hoodie,Apparel,Vendor B,South,Retail Store,21.0,102.0,73,11,65.48,148.54,3119.34,False,0.0,38.8,3.9
2025-09-03,SKU112,Hoodie,Apparel,Vendor B,South,Online,52.0,160.0,73,11,65.48,148.54,7724.08,False,0.0,23.9,3.8
2025-09-03,SKU109,Gym Bag,Fitness,Vendor C,West,Online,9.0,110.0,45,12,73.66,161.49,1453.41,False,0.0,24.1,4.7
2025-03-23,SKU108,Sports Socks,Apparel,Vendor B,East,Retail Store,74.0,234.0,64,3,56.21,111.36,8240.64,False,0.0,17.8,4.0
2025-08-04,SKU105,Sunglasses,Accessories,Vendor A,North,Online,21.0,204.0,59,3,85.64,143.16,3006.36,False,0.0,19.7,4.1
2025-02-20,SKU107,Baseball Cap,Accessories,Vendor A,South,Online,45.0,184.0,74,13,46.67,72.31,3253.95,False,0.0,29.5,3.4
2025-11-07,SKU111,Water Bottle,Fitness,Vendor A,North,Online,37.0,82.0,79,12,24.6,52.01,1924.37,False,0.0,24.7,4.4
2025-12-13,SKU101,Cotton T-Shirt,Apparel,Vendor A,North,Retail Store,46.0,188.0,74,6,33.5,57.73,2655.58,False,0.0,10.8,4.0
2025-02-22,SKU103,Yoga Mat,Fitness,Vendor C,East,Retail Store,50.0,134.0,42,8,28.05,51.04,2552.0,False,0.0,26.5,4.4
2025-10-06,SKU101,Cotton T-Shirt,Apparel,Vendor A,North,Online,23.0,263.0,74,6,33.5,57.73,1327.79,False,0.0,5.6,3.7
2025-08-14,SKU106,Denim Jeans,Apparel,Vendor C,South,Retail Store,56.0,312.0,87,9,71.61,120.54,6750.24,False,0.0,14.8,4.6
2025-10-11,SKU110,Smart Watch,Electronics,Vendor D,North,Online,148.0,89.0,88,6,77.96,163.29,24166.92,True,32.0,36.5,5.0
2025-12-07,SKU111,Water Bottle,Fitness,Vendor A,North,Online,53.0,185.0,79,12,24.6,52.01,2756.53,False,0.0,14.8,4.8
2025-08-18,SKU108,Sports Socks,Apparel,Vendor B,East,Retail Store,91.0,134.0,64,3,56.21,111.36,10133.76,True,14.0,29.2,4.4
2025-11-11,SKU104,Protein Powder,Health,Vendor B,East,Wholesale,28.0,242.0,70,9,49.68,111.64,3125.92,False,0.0,29.6,4.4
2025-08-24,SKU102,Running Shoes,Footwear,Vendor B,West,Online,81.0,60.0,51,14,48.81,90.37,7319.97,False,0.0,33.4,3.4
2025-07-15,SKU102,Running Shoes,Footwear,Vendor B,West,Online,55.0,132.0,51,14,48.81,90.37,4970.35,False,0.0,20.4,3.7
2025-02-10,SKU106,Denim Jeans,Apparel,Vendor C,South,Online,44.0,281.0,87,9,71.61,120.54,5303.76,False,0.0,29.2,3.7
2025-09-28,SKU101,Cotton T-Shirt,Apparel,Vendor A,North,Wholesale,27.0,170.0,74,6,33.5,57.73,1558.71,False,0.0,22.8,5.0
2025-02-12,SKU106,Denim Jeans,Apparel,Vendor C,South,Retail Store,23.0,201.0,87,9,71.61,120.54,2772.42,False,0.0,20.0,5.0
2025-04-05,SKU111,Water Bottle,Fitness,Vendor A,North,Online,27.0,154.0,79,12,24.6,52.01,1404.27,False,0.0,15.1,4.8
2025-08-21,SKU107,Baseball Cap,Accessories,Vendor A,South,Online,55.0,245.0,74,13,46.67,72.31,3977.05,False,0.0,25.5,3.5
2025-11-15,SKU104,Protein Powder,Health,Vendor B,East,Retail Store,32.0,,70,9,49.68,111.64,3572.48,False,0.0,32.7,3.7
2025-10-09,SKU109,Gym Bag,Fitness,Vendor C,West,Online,13.0,84.0,45,12,73.66,161.49,2099.37,False,0.0,20.8,4.1
2025-11-28,SKU101,Cotton T-Shirt,Apparel,Vendor A,North,Online,24.0,93.0,74,6,33.5,57.73,1385.52,False,0.0,15.9,3.9
2025-03-14,SKU109,Gym Bag,Fitness,Vendor C,West,Retail Store,16.0,97.0,45,12,73.66,161.49,2583.84,False,0.0,12.7,4.1
2025-01-03,SKU108,Sports Socks,Apparel,Vendor B,East,Wholesale,52.0,280.0,64,3,56.21,111.36,5790.72,False,0.0,28.6,3.6
2025-10-28,SKU101,Cotton T-Shirt,Apparel,Vendor A,North,Retail Store,18.0,173.0,74,6,33.5,57.73,1039.14,False,0.0,25.4,3.4
2025-11-18,SKU110,Smart Watch,Electronics,Vendor D,North,Retail Store,86.0,156.0,88,6,77.96,163.29,14042.94,False,0.0,19.3,3.7
2025-07-11,SKU103,Yoga Mat,Fitness,Vendor C,East,Online,96.0,183.0,42,8,28.05,51.04,4899.84,True,39.0,23.6,3.7
2025-12-03,SKU105,Sunglasses,Accessories,Vendor A,North,Online,33.0,263.0,59,3,85.64,143.16,4724.28,False,0.0,21.4,4.3
2025-06-09,SKU109,Gym Bag,Fitness,Vendor C,West,Retail Store,13.0,215.0,45,12,73.66,161.49,2099.37,False,0.0,32.7,4.7
2025-08-07,SKU110,Smart Watch,Electronics,Vendor D,North,Retail Store,57.0,91.0,88,6,77.96,163.29,9307.53,False,0.0,28.3,5.0
2025-02-02,SKU108,Sports Socks,Apparel,Vendor B,East,Retail Store,66.0,157.0,64,3,56.21,111.36,7349.76,False,0.0,29.5,5.0
2025-01-05,SKU112,Hoodie,Apparel,Vendor B,South,Wholesale,30.0,275.0,73,11,65.48,148.54,4456.2,False,0.0,22.8,4.5
2025-01-05,SKU108,Sports Socks,Apparel,Vendor B,East,Retail Store,45.0,194.0,64,3,56.21,111.36,5011.2,False,0.0,29.8,4.0
2025-05-05,SKU106,Denim Jeans,Apparel,Vendor C,South,Online,61.0,108.0,87,9,71.61,120.54,7352.94,False,0.0,15.2,3.9
2025-01-07,SKU112,Hoodie,Apparel,Vendor B,South,Retail Store,19.0,225.0,73,11,65.48,148.54,2822.26,False,0.0,29.8,4.3
2025-07-15,SKU101,Cotton T-Shirt,Apparel,Vendor A,North,Retail Store,14.0,125.0,74,6,33.5,57.73,808.22,False,0.0,19.0,
2025-09-17,SKU111,Water Bottle,Fitness,Vendor A,North,Retail Store,20.0,164.0,79,12,24.6,52.01,1040.2,False,0.0,29.8,4.5
2025-01-15,SKU105,Sunglasses,Accessories,Vendor A,North,Online,9.0,175.0,59,3,85.64,143.16,1288.44,False,0.0,24.4,4.0
2025-02-08,SKU106,Denim Jeans,Apparel,Vendor C,South,Online,76.0,137.0,87,9,71.61,120.54,9161.04,False,0.0,27.1,3.9
2025-10-30,SKU104,Protein Powder,Health,Vendor B,East,Online,26.0,133.0,70,9,49.68,111.64,2902.64,False,0.0,31.6,3.7
2025-01-20,SKU112,Hoodie,Apparel,Vendor B,South,Online,41.0,225.0,73,11,65.48,148.54,6090.14,False,0.0,24.3,4.0
2025-12-03,SKU104,Protein Powder,Health,Vendor B,East,Online,31.0,264.0,70,9,49.68,111.64,3460.84,False,0.0,27.3,4.6
2025-11-04,SKU105,Sunglasses,Accessories,Vendor A,North,Online,35.0,189.0,59,3,85.64,143.16,5010.6,False,0.0,19.9,4.4
2025-11-19,SKU108,Sports Socks,Apparel,Vendor B,East,Retail Store,77.0,216.0,64,3,56.21,111.36,8574.72,False,0.0,21.7,3.3
2025-12-19,SKU107,Baseball Cap,Accessories,Vendor A,South,Online,91.0,284.0,74,13,46.67,72.31,6580.21,False,0.0,21.1,4.9
2025-12-15,SKU105,Sunglasses,Accessories,Vendor A,North,Online,49.0,119.0,59,3,85.64,143.16,7014.84,True,24.0,11.6,4.5
2025-04-01,SKU103,Yoga Mat,Fitness,Vendor C,East,Online,48.0,309.0,42,8,28.05,51.04,2449.92,False,0.0,19.6,4.5
2025-10-12,SKU108,Sports Socks,Apparel,Vendor B,East,Retail Store,136.0,69.0,64,3,56.21,111.36,15144.96,True,28.0,27.8,4.3
2025-04-09,SKU106,Denim Jeans,Apparel,Vendor C,South,Online,77.0,164.0,87,9,71.61,120.54,9281.58,False,0.0,22.0,4.5
2025-04-26,SKU105,Sunglasses,Accessories,Vendor A,North,Retail Store,28.0,101.0,59,3,85.64,143.16,4008.48,False,0.0,24.1,3.9
2025-04-09,SKU109,Gym Bag,Fitness,Vendor C,West,Retail Store,14.0,119.0,45,12,73.66,161.49,2260.86,False,0.0,29.7,4.4
2025-03-01,SKU108,Sports Socks,Apparel,Vendor B,East,Retail Store,81.0,131.0,64,3,56.21,111.36,9020.16,False,0.0,26.6,4.7
2025-05-08,SKU105,Sunglasses,Accessories,Vendor A,North,Retail Store,21.0,190.0,59,3,85.64,143.16,3006.36,False,0.0,20.7,4.3
2025-01-02,SKU110,Smart Watch,Electronics,Vendor D,North,Online,70.0,243.0,88,6,77.96,163.29,11430.3,False,0.0,21.4,3.9
2025-06-29,SKU102,Running Shoes,Footwear,Vendor B,West,Online,96.0,133.0,51,14,48.81,90.37,8675.52,False,0.0,22.3,4.8
2025-12-28,SKU101,Cotton T-Shirt,Apparel,Vendor A,North,Online,39.0,165.0,74,6,33.5,57.73,2251.47,False,0.0,16.6,4.8
2025-03-17,SKU112,Hoodie,Apparel,Vendor B,South,Retail Store,59.0,241.0,73,11,65.48,148.54,8763.86,True,23.0,25.0,4.9
2025-10-05,SKU108,Sports Socks,Apparel,Vendor B,East,Online,89.0,83.0,64,3,56.21,111.36,9911.04,False,0.0,23.6,2.9
2025-05-22,SKU110,Smart Watch,Electronics,Vendor D,North,Online,55.0,184.0,88,6,77.96,163.29,8980.95,False,0.0,21.7,4.3
2025-02-17,SKU101,Cotton T-Shirt,Apparel,Vendor A,North,Online,15.0,79.0,74,6,33.5,57.73,865.95,False,0.0,18.4,4.1
2025-02-24,SKU110,Smart Watch,Electronics,Vendor D,North,Retail Store,35.0,225.0,88,6,77.96,163.29,5715.15,False,0.0,21.1,4.5
2025-03-06,SKU104,Protein Powder,Health,Vendor B,East,Online,11.0,209.0,70,9,49.68,111.64,1228.04,False,0.0,17.3,3.7
2025-06-22,SKU108,Sports Socks,Apparel,Vendor B,East,Retail Store,73.0,271.0,64,3,56.21,111.36,8129.28,False,0.0,14.5,4.0
2025-04-13,SKU108,Sports Socks,Apparel,Vendor B,East,Online,75.0,137.0,64,3,56.21,111.36,8352.0,False,0.0,20.0,3.9
2025-11-12,SKU106,Denim Jeans,Apparel,Vendor C,South,Online,110.0,276.0,87,9,71.61,120.54,13259.4,False,0.0,25.2,4.5
2025-12-12,SKU107,Baseball Cap,Accessories,Vendor A,South,Online,70.0,223.0,74,13,46.67,72.31,5061.7,False,0.0,20.8,4.5
2025-12-02,SKU103,Yoga Mat,Fitness,Vendor C,East,Retail Store,91.0,203.0,42,8,28.05,51.04,4644.64,False,0.0,23.9,4.5
2025-06-12,SKU107,Baseball Cap,Accessories,Vendor A,South,Retail Store,60.0,167.0,74,13,46.67,72.31,4338.6,False,0.0,29.3,4.1
2025-08-19,SKU104,Protein Powder,Health,Vendor B,East,Retail Store,22.0,85.0,70,9,49.68,111.64,2456.08,False,0.0,25.9,4.5
2025-07-03,SKU101,Cotton T-Shirt,Apparel,Vendor A,North,Online,21.0,108.0,74,6,33.5,57.73,1212.33,False,0.0,14.3,4.3
2025-07-20,SKU104,Protein Powder,Health,Vendor B,East,Retail Store,28.0,129.0,70,9,49.68,111.64,3125.92,False,0.0,22.9,4.7
2025-12-21,SKU109,Gym Bag,Fitness,Vendor C,West,Wholesale,23.0,71.0,45,12,73.66,161.49,3714.27,False,0.0,37.5,4.3
2025-06-29,SKU104,Protein Powder,Health,Vendor B,East,Online,38.0,135.0,70,9,49.68,111.64,4242.32,False,0.0,16.2,4.6
2025-01-06,SKU109,Gym Bag,Fitness,Vendor C,West,Retail Store,5.0,140.0,45,12,73.66,161.49,807.45,False,0.0,26.4,3.9
2025-11-21,SKU104,Protein Powder,Health,Vendor B,East,Online,56.0,244.0,70,9,49.68,111.64,6251.84,True,21.0,35.5,
2025-06-16,SKU105,Sunglasses,Accessories,Vendor A,North,Retail Store,29.0,270.0,59,3,85.64,143.16,4151.64,False,0.0,37.5,3.3
2025-04-06,SKU104,Protein Powder,Health,Vendor B,East,Retail Store,29.0,119.0,70,9,49.68,111.64,3237.56,False,0.0,28.2,4.3
2025-09-17,SKU101,Cotton T-Shirt,Apparel,Vendor A,North,Online,17.0,186.0,74,6,33.5,57.73,981.41,False,0.0,30.7,4.3
2025-01-29,SKU106,Denim Jeans,Apparel,Vendor C,South,Online,51.0,103.0,87,9,71.61,120.54,6147.54,False,0.0,33.1,3.5
2025-06-17,SKU110,Smart Watch,Electronics,Vendor D,North,Retail Store,61.0,225.0,88,6,77.96,163.29,9960.69,False,0.0,40.1,4.4
2025-05-11,SKU109,Gym Bag,Fitness,Vendor C,West,Wholesale,12.0,113.0,45,12,73.66,161.49,1937.88,False,0.0,32.9,4.2
2025-06-03,SKU102,Running Shoes,Footwear,Vendor B,West,Retail Store,53.0,216.0,51,14,48.81,90.37,4789.61,False,0.0,33.6,4.4
2025-09-04,SKU105,Sunglasses,Accessories,Vendor A,North,Retail Store,15.0,147.0,59,3,85.64,143.16,2147.4,False,0.0,27.8,4.5
2025-02-13,SKU101,Cotton T-Shirt,Apparel,Vendor A,North,Online,6.0,160.0,74,6,33.5,57.73,346.38,False,0.0,36.8,4.5
2025-04-14,SKU109,Gym Bag,Fitness,Vendor C,West,Wholesale,16.0,50.0,45,12,73.66,161.49,2583.84,False,0.0,17.7,5.0
2025-07-23,SKU102,Running Shoes,Footwear,Vendor B,West,Retail Store,62.0,166.0,51,14,48.81,90.37,5602.94,False,0.0,16.0,3.4
2025-08-07,SKU107,Baseball Cap,Accessories,Vendor A,South,Online,45.0,248.0,74,13,46.67,72.31,3253.95,False,0.0,19.3,4.5
2025-07-25,SKU102,Running Shoes,Footwear,Vendor B,West,Online,52.0,53.0,51,14,48.81,90.37,4699.24,False,0.0,28.1,4.8
2025-04-29,SKU104,Protein Powder,Health,Vendor B,East,Retail Store,22.0,148.0,70,9,49.68,111.64,2456.08,False,0.0,30.5,4.2
2025-03-16,SKU106,Denim Jeans,Apparel,Vendor C,South,Retail Store,82.0,230.0,87,9,71.61,120.54,9884.28,False,0.0,15.8,4.7
2025-12-16,SKU108,Sports Socks,Apparel,Vendor B,East,Online,90.0,209.0,64,3,56.21,111.36,10022.4,False,0.0,10.9,3.5
2025-06-20,SKU105,Sunglasses,Accessories,Vendor A,North,Retail Store,24.0,165.0,59,3,85.64,143.16,3435.84,False,0.0,41.2,4.3
2025-09-12,SKU110,Smart Watch,Electronics,Vendor D,North,Retail Store,61.0,283.0,88,6,77.96,163.29,9960.69,False,0.0,18.3,4.5
2025-09-19,SKU101,Cotton T-Shirt,Apparel,Vendor A,North,Online,15.0,147.0,74,6,33.5,57.73,865.95,False,0.0,20.0,4.5
2025-11-15,SKU111,Water Bottle,Fitness,Vendor A,North,Retail Store,53.0,138.0,79,12,24.6,52.01,2756.53,False,0.0,31.8,3.6
2025-10-18,SKU102,Running Shoes,Footwear,Vendor B,West,Online,99.0,229.0,51,14,48.81,90.37,8946.63,True,26.0,22.4,4.2
2025-03-19,SKU106,Denim Jeans,Apparel,Vendor C,South,Online,32.0,205.0,87,9,71.61,120.54,3857.28,False,0.0,26.2,4.3
2025-12-30,SKU102,Running Shoes,Footwear,Vendor B,West,Online,81.0,102.0,51,14,48.81,90.37,7319.97,False,0.0,29.9,3.8
2025-12-31,SKU109,Gym Bag,Fitness,Vendor C,West,Retail Store,18.0,292.0,45,12,73.66,161.49,2906.82,False,0.0,27.2,4.3
2025-05-26,SKU109,Gym Bag,Fitness,Vendor C,West,Retail Store,12.0,179.0,45,12,73.66,161.49,1937.88,False,0.0,28.5,4.2
2025-01-10,SKU111,Water Bottle,Fitness,Vendor A,North,Retail Store,13.0,217.0,79,12,24.6,52.01,676.13,False,0.0,31.7,3.7
2025-01-23,SKU112,Hoodie,Apparel,Vendor B,South,Wholesale,55.0,104.0,73,11,65.48,148.54,8169.7,False,0.0,31.2,4.3
2025-12-12,SKU112,Hoodie,Apparel,Vendor B,South,Online,82.0,81.0,73,11,65.48,148.54,12180.28,False,0.0,15.4,3.9
2025-04-17,SKU108,Sports Socks,Apparel,Vendor B,East,Online,46.0,265.0,64,3,56.21,111.36,5122.56,False,0.0,22.2,3.7
2025-11-02,SKU105,Sunglasses,Accessories,Vendor A,North,Online,50.0,257.0,59,3,85.64,143.16,7158.0,False,0.0,14.3,3.5
2025-01-31,SKU111,Water Bottle,Fitness,Vendor A,North,Retail Store,17.0,295.0,79,12,24.6,52.01,884.17,False,0.0,33.5,4.5
2025-12-24,SKU112,Hoodie,Apparel,Vendor B,South,Retail Store,72.0,220.0,73,11,65.48,148.54,10694.88,False,0.0,14.2,3.6
2025-02-22,SKU105,Sunglasses,Accessories,Vendor A,North,Online,18.0,194.0,59,3,85.64,143.16,2576.88,False,0.0,19.2,5.0
2025-11-26,SKU102,Running Shoes,Footwear,Vendor B,West,Retail Store,91.0,131.0,51,14,48.81,90.37,8223.67,False,0.0,39.3,4.5
2025-06-28,SKU111,Water Bottle,Fitness,Vendor A,North,Online,31.0,113.0,79,12,24.6,52.01,1612.31,False,0.0,13.4,3.5
2025-08-11,SKU105,Sunglasses,Accessories,Vendor A,North,Online,23.0,289.0,59,3,85.64,143.16,3292.68,False,0.0,32.9,4.0
2025-02-17,SKU103,Yoga Mat,Fitness,Vendor C,East,Wholesale,23.0,72.0,42,8,28.05,51.04,1173.92,False,0.0,27.0,3.5
2025-07-13,SKU110,Smart Watch,Electronics,Vendor D,North,Retail Store,92.0,317.0,88,6,77.96,163.29,15022.68,False,0.0,17.5,4.0
2025-06-03,SKU108,Sports Socks,Apparel,Vendor B,East,Wholesale,76.0,193.0,64,3,56.21,111.36,8463.36,True,19.0,33.6,4.9
2025-10-04,SKU112,Hoodie,Apparel,Vendor B,South,Online,65.0,295.0,73,11,65.48,148.54,9655.1,False,0.0,22.6,3.6
2025-06-25,SKU103,Yoga Mat,Fitness,Vendor C,East,Wholesale,50.0,64.0,42,8,28.05,51.04,2552.0,False,0.0,38.1,3.8
2025-03-13,SKU108,Sports Socks,Apparel,Vendor B,East,Online,45.0,135.0,64,3,56.21,111.36,5011.2,False,0.0,12.8,5.0
2025-06-13,SKU105,Sunglasses,Accessories,Vendor A,North,Online,26.0,73.0,59,3,85.64,143.16,3722.16,False,0.0,14.7,4.8
2025-03-06,SKU105,Sunglasses,Accessories,Vendor A,North,Wholesale,23.0,156.0,59,3,85.64,143.16,3292.68,False,0.0,38.6,4.3
2025-11-17,SKU109,Gym Bag,Fitness,Vendor C,West,Online,19.0,120.0,45,12,73.66,161.49,3068.31,False,0.0,37.5,4.3
2025-12-04,SKU112,Hoodie,Apparel,Vendor B,South,Online,62.0,134.0,73,11,65.48,148.54,9209.48,False,0.0,19.1,3.4
2025-07-22,SKU105,Sunglasses,Accessories,Vendor A,North,Retail Store,17.0,109.0,59,3,85.64,143.16,2433.72,False,0.0,13.7,3.9
2025-10-07,SKU101,Cotton T-Shirt,Apparel,Vendor A,North,Online,24.0,239.0,74,6,33.5,57.73,1385.52,False,0.0,28.8,4.7
2025-09-24,SKU105,Sunglasses,Accessories,Vendor A,North,Online,14.0,75.0,59,3,85.64,143.16,2004.24,False,0.0,27.2,5.0
2025-12-14,SKU105,Sunglasses,Accessories,Vendor A,North,Retail Store,56.0,168.0,59,3,85.64,143.16,8016.96,True,33.0,21.5,4.3
2025-12-17,SKU106,Denim Jeans,Apparel,Vendor C,South,Online,95.0,88.0,87,9,71.61,120.54,11451.3,False,0.0,23.4,4.0
2025-07-10,SKU105,Sunglasses,Accessories,Vendor A,North,Retail Store,19.0,215.0,59,3,85.64,143.16,2720.04,False,0.0,22.4,4.4
2025-08-21,SKU112,Hoodie,Apparel,Vendor B,South,Wholesale,45.0,,73,11,65.48,148.54,6684.3,False,0.0,30.2,3.9
2025-05-01,SKU112,Hoodie,Apparel,Vendor B,South,Retail Store,46.0,223.0,73,11,65.48,148.54,6832.84,False,0.0,18.1,4.3
2025-02-12,SKU112,Hoodie,Apparel,Vendor B,South,Wholesale,28.0,189.0,73,11,65.48,148.54,4159.12,False,0.0,28.9,4.0
2025-08-25,SKU112,Hoodie,Apparel,Vendor B,South,Online,38.0,231.0,73,11,65.48,148.54,5644.52,False,0.0,30.5,4.2
2025-06-03,SKU106,Denim Jeans,Apparel,Vendor C,South,Online,49.0,147.0,87,9,71.61,120.54,5906.46,False,0.0,36.3,3.9
2025-03-22,SKU112,Hoodie,Apparel,Vendor B,South,Online,61.0,157.0,73,11,65.48,148.54,9060.94,False,0.0,29.1,4.3
2025-10-31,SKU109,Gym Bag,Fitness,Vendor C,West,Online,12.0,66.0,45,12,73.66,161.49,1937.88,False,0.0,28.0,3.6
2025-11-21,SKU109,Gym Bag,Fitness,Vendor C,West,Retail Store,17.0,187.0,45,12,73.66,161.49,2745.33,False,0.0,25.6,4.6
2025-01-09,SKU110,Smart Watch,Electronics,Vendor D,North,Wholesale,30.0,229.0,88,6,77.96,163.29,4898.7,False,0.0,21.0,3.8
2025-09-24,SKU109,Gym Bag,Fitness,Vendor C,West,Wholesale,11.0,64.0,45,12,73.66,161.49,1776.39,False,0.0,9.0,3.8
2025-06-14,SKU106,Denim Jeans,Apparel,Vendor C,South,Retail Store,82.0,135.0,87,9,71.61,120.54,9884.28,False,0.0,25.4,3.9
2025-10-18,SKU112,Hoodie,Apparel,Vendor B,South,Online,63.0,119.0,73,11,65.48,148.54,9358.02,False,0.0,34.0,3.7
2025-07-15,SKU111,Water Bottle,Fitness,Vendor A,North,Online,30.0,323.0,79,12,24.6,52.01,1560.3,True,34.0,30.1,4.1
2025-02-11,SKU111,Water Bottle,Fitness,Vendor A,North,Online,41.0,325.0,79,12,24.6,52.01,2132.41,True,15.0,16.7,4.2
2025-06-20,SKU101,Cotton T-Shirt,Apparel,Vendor A,North,Online,17.0,177.0,74,6,33.5,57.73,981.41,False,0.0,33.3,4.0
2025-08-20,SKU105,Sunglasses,Accessories,Vendor A,North,Online,22.0,80.0,59,3,85.64,143.16,3149.52,False,0.0,26.8,4.5
2025-12-07,SKU107,Baseball Cap,Accessories,Vendor A,South,Online,106.0,268.0,74,13,46.67,72.31,7664.86,False,0.0,20.4,4.4
2025-04-24,SKU112,Hoodie,Apparel,Vendor B,South,Retail Store,46.0,128.0,73,11,65.48,148.54,6832.84,False,0.0,9.0,3.8
2025-07-12,SKU106,Denim Jeans,Apparel,Vendor C,South,Wholesale,96.0,156.0,87,9,71.61,120.54,11571.84,False,0.0,31.9,3.9
2025-01-29,SKU109,Gym Bag,Fitness,Vendor C,West,Retail Store,6.0,197.0,45,12,73.66,161.49,968.94,True,39.0,22.0,4.5
2025-06-02,SKU104,Protein Powder,Health,Vendor B,East,Online,21.0,101.0,70,9,49.68,111.64,2344.44,False,0.0,26.2,5.0
2025-05-04,SKU112,Hoodie,Apparel,Vendor B,South,Online,63.0,256.0,73,11,65.48,148.54,9358.02,False,0.0,25.2,4.5
2025-08-21,SKU103,Yoga Mat,Fitness,Vendor C,East,Online,63.0,87.0,42,8,28.05,51.04,3215.52,False,0.0,29.6,4.4
2025-10-20,SKU106,Denim Jeans,Apparel,Vendor C,South,Online,40.0,116.0,87,9,71.61,120.54,4821.6,False,0.0,21.5,4.6
2025-10-11,SKU112,Hoodie,Apparel,Vendor B,South,Online,53.0,137.0,73,11,65.48,148.54,7872.62,False,0.0,22.8,4.0
2025-04-02,SKU109,Gym Bag,Fitness,Vendor C,West,Retail Store,15.0,212.0,45,12,73.66,161.49,2422.35,False,0.0,27.9,4.6
2025-12-25,SKU106,Denim Jeans,Apparel,Vendor C,South,Online,83.0,143.0,87,9,71.61,120.54,10004.82,False,0.0,25.2,5.0
2025-01-11,SKU102,Running Shoes,Footwear,Vendor B,West,Retail Store,67.0,99.0,51,14,48.81,90.37,6054.79,True,17.0,23.3,4.4
2025-03-06,SKU109,Gym Bag,Fitness,Vendor C,West,Retail Store,14.0,204.0,45,12,73.66,161.49,2260.86,False,0.0,29.8,5.0
2025-11-13,SKU103,Yoga Mat,Fitness,Vendor C,East,Retail Store,69.0,95.0,42,8,28.05,51.04,3521.76,False,0.0,21.0,3.8
2025-12-06,SKU103,Yoga Mat,Fitness,Vendor C,East,Online,112.0,83.0,42,8,28.05,51.04,5716.48,False,0.0,37.3,4.3
2025-01-27,SKU108,Sports Socks,Apparel,Vendor B,East,Online,62.0,70.0,64,3,56.21,111.36,6904.32,True,13.0,23.1,4.4
2025-11-04,SKU112,Hoodie,Apparel,Vendor B,South,Online,69.0,210.0,73,11,65.48,148.54,10249.26,False,0.0,22.8,4.7
2025-11-03,SKU108,Sports Socks,Apparel,Vendor B,East,Retail Store,87.0,117.0,64,3,56.21,111.36,9688.32,False,0.0,24.5,4.3
2025-08-19,SKU108,Sports Socks,Apparel,Vendor B,East,Online,84.0,203.0,64,3,56.21,111.36,9354.24,True,14.0,19.5,4.9
2025-10-23,SKU102,Running Shoes,Footwear,Vendor B,West,Online,53.0,105.0,51,14,48.81,90.37,4789.61,False,0.0,26.2,3.7
2025-06-25,SKU112,Hoodie,Apparel,Vendor B,South,Wholesale,34.0,87.0,73,11,65.48,148.54,5050.36,False,0.0,15.5,4.1
2025-09-03,SKU107,Baseball Cap,Accessories,Vendor A,South,Wholesale,65.0,111.0,74,13,46.67,72.31,4700.15,False,0.0,26.1,4.1
2025-10-26,SKU107,Baseball Cap,Accessories,Vendor A,South,Online,110.0,291.0,74,13,46.67,72.31,7954.1,True,34.0,19.7,4.6
2025-08-11,SKU110,Smart Watch,Electronics,Vendor D,North,Retail Store,67.0,138.0,88,6,77.96,163.29,10940.43,False,0.0,10.8,3.9
2025-09-10,SKU102,Running Shoes,Footwear,Vendor B,West,Retail Store,45.0,199.0,51,14,48.81,90.37,4066.65,False,0.0,26.0,5.0
2025-11-03,SKU111,Water Bottle,Fitness,Vendor A,North,Wholesale,34.0,245.0,79,12,24.6,52.01,1768.34,False,0.0,25.3,3.1
2025-12-20,SKU106,Denim Jeans,Apparel,Vendor C,South,Wholesale,128.0,208.0,87,9,71.61,120.54,15429.12,False,0.0,21.7,4.2
2025-09-03,SKU103,Yoga Mat,Fitness,Vendor C,East,Retail Store,62.0,184.0,42,8,28.05,51.04,3164.48,False,0.0,1.3,4.5
2025-10-12,SKU105,Sunglasses,Accessories,Vendor A,North,Online,30.0,187.0,59,3,85.64,143.16,4294.8,False,0.0,25.5,4.5
2025-06-20,SKU106,Denim Jeans,Apparel,Vendor C,South,Online,56.0,174.0,87,9,71.61,120.54,6750.24,False,0.0,17.5,4.4
2025-06-26,SKU111,Water Bottle,Fitness,Vendor A,North,Online,27.0,161.0,79,12,24.6,52.01,1404.27,False,0.0,22.3,5.0
2025-05-03,SKU103,Yoga Mat,Fitness,Vendor C,East,Wholesale,97.0,136.0,42,8,28.05,51.04,4950.88,True,21.0,43.5,3.4
2025-06-18,SKU102,Running Shoes,Footwear,Vendor B,West,Online,70.0,57.0,51,14,48.81,90.37,6325.9,False,0.0,25.5,4.6
2025-02-15,SKU107,Baseball Cap,Accessories,Vendor A,South,Online,75.0,118.0,74,13,46.67,72.31,5423.25,True,31.0,26.9,4.0
2025-01-20,SKU104,Protein Powder,Health,Vendor B,East,Online,13.0,114.0,70,9,49.68,111.64,1451.32,False,0.0,18.4,4.9
2025-05-04,SKU101,Cotton T-Shirt,Apparel,Vendor A,North,Online,46.0,148.0,74,6,33.5,57.73,2655.58,True,40.0,20.0,3.9
2025-07-20,SKU112,Hoodie,Apparel,Vendor B,South,Online,58.0,203.0,73,11,65.48,148.54,8615.32,False,0.0,19.5,4.4
2025-03-29,SKU104,Protein Powder,Health,Vendor B,East,Online,26.0,107.0,70,9,49.68,111.64,2902.64,False,0.0,18.5,4.5
2025-02-27,SKU110,Smart Watch,Electronics,Vendor D,North,Retail Store,36.0,346.0,88,6,77.96,163.29,5878.44,False,0.0,19.8,4.1
2025-05-07,SKU107,Baseball Cap,Accessories,Vendor A,South,Online,73.0,164.0,74,13,46.67,72.31,5278.63,False,0.0,24.0,3.7
2025-12-11,SKU108,Sports Socks,Apparel,Vendor B,East,Online,78.0,87.0,64,3,56.21,111.36,8686.08,False,0.0,41.9,5.0
2025-12-27,SKU111,Water Bottle,Fitness,Vendor A,North,Online,39.0,216.0,79,12,24.6,52.01,2028.39,False,0.0,19.4,3.7
2025-07-30,SKU102,Running Shoes,Footwear,Vendor B,West,Online,,89.0,51,14,48.81,90.37,5331.83,False,0.0,26.8,3.4
2025-09-15,SKU108,Sports Socks,Apparel,Vendor B,East,Wholesale,45.0,266.0,64,3,56.21,111.36,5011.2,False,0.0,31.2,5.0
2025-07-05,SKU101,Cotton T-Shirt,Apparel,Vendor A,North,Online,21.0,83.0,74,6,33.5,57.73,1212.33,False,0.0,30.8,4.4
2025-12-22,SKU110,Smart Watch,Electronics,Vendor D,North,Retail Store,91.0,148.0,88,6,77.96,163.29,14859.39,False,0.0,25.7,3.8
2025-12-13,SKU110,Smart Watch,Electronics,Vendor D,North,Online,150.0,247.0,88,6,77.96,163.29,24493.5,False,0.0,36.1,3.8
2025-04-18,SKU106,Denim Jeans,Apparel,Vendor C,South,Online,,224.0,87,9,71.61,120.54,8919.96,False,0.0,23.2,4.0
2025-08-10,SKU109,Gym Bag,Fitness,Vendor C,West,Retail Store,19.0,47.0,45,12,73.66,161.49,3068.31,False,0.0,26.4,3.8
2025-05-21,SKU107,Baseball Cap,Accessories,Vendor A,South,Retail Store,71.0,138.0,74,13,46.67,72.31,5134.01,False,0.0,23.8,4.9
2025-09-03,SKU111,Water Bottle,Fitness,Vendor A,North,Online,17.0,178.0,79,12,24.6,52.01,884.17,False,0.0,22.2,4.4
2025-03-29,SKU110,Smart Watch,Electronics,Vendor D,North,Wholesale,115.0,169.0,88,6,77.96,163.29,18778.35,False,0.0,22.1,4.4
2025-04-24,SKU103,Yoga Mat,Fitness,Vendor C,East,Online,34.0,52.0,42,8,28.05,51.04,1735.36,False,0.0,25.0,4.1
2025-06-29,SKU106,Denim Jeans,Apparel,Vendor C,South,Online,79.0,265.0,87,9,71.61,120.54,9522.66,False,0.0,27.3,4.4
2025-05-17,SKU107,Baseball Cap,Accessories,Vendor A,South,Retail Store,73.0,116.0,74,13,46.67,72.31,5278.63,False,0.0,27.2,3.9
2025-07-15,SKU107,Baseball Cap,Accessories,Vendor A,South,Online,46.0,172.0,74,13,46.67,72.31,3326.26,False,0.0,38.0,4.2
2025-06-22,SKU102,Running Shoes,Footwear,Vendor B,West,Online,80.0,109.0,51,14,48.81,90.37,7229.6,False,0.0,36.5,4.6
2025-10-16,SKU104,Protein Powder,Health,Vendor B,East,Online,15.0,134.0,70,9,49.68,111.64,1674.6,False,0.0,35.0,3.3
2025-12-01,SKU109,Gym Bag,Fitness,Vendor C,West,Online,21.0,248.0,45,12,73.66,161.49,3391.29,False,0.0,22.0,4.1
2025-04-15,SKU109,Gym Bag,Fitness,Vendor C,West,Wholesale,7.0,234.0,45,12,73.66,161.49,1130.43,False,0.0,25.7,4.5
2025-09-27,SKU111,Water Bottle,Fitness,Vendor A,North,Online,38.0,105.0,79,12,24.6,52.01,1976.38,False,0.0,21.0,4.8
2025-03-19,SKU104,Protein Powder,Health,Vendor B,East,Online,32.0,191.0,70,9,49.68,111.64,3572.48,True,11.0,37.4,3.2
2025-01-10,SKU107,Baseball Cap,Accessories,Vendor A,South,Retail Store,49.0,221.0,74,13,46.67,72.31,3543.19,False,0.0,20.1,4.3
2025-10-07,SKU108,Sports Socks,Apparel,Vendor B,East,Online,55.0,145.0,64,3,56.21,111.36,6124.8,False,0.0,26.6,3.7
2025-11-15,SKU105,Sunglasses,Accessories,Vendor A,North,Retail Store,49.0,154.0,59,3,85.64,143.16,7014.84,False,0.0,5.9,4.0
2025-02-07,SKU106,Denim Jeans,Apparel,Vendor C,South,Online,40.0,213.0,87,9,71.61,120.54,4821.6,False,0.0,28.7,4.6
2025-07-31,SKU111,Water Bottle,Fitness,Vendor A,North,Online,30.0,294.0,79,12,24.6,52.01,1560.3,True,14.0,21.0,5.0
2025-12-11,SKU101,Cotton T-Shirt,Apparel,Vendor A,North,Online,28.0,95.0,74,6,33.5,57.73,1616.44,False,0.0,26.4,4.3
2025-03-16,SKU103,Yoga Mat,Fitness,Vendor C,East,Wholesale,56.0,63.0,42,8,28.05,51.04,2858.24,False,0.0,41.8,4.9
2025-06-26,SKU102,Running Shoes,Footwear,Vendor B,West,Wholesale,61.0,138.0,51,14,48.81,90.37,5512.57,False,0.0,32.4,4.5
2025-07-06,SKU101,Cotton T-Shirt,Apparel,Vendor A,North,Online,27.0,302.0,74,6,33.5,57.73,1558.71,False,0.0,28.3,4.2
2025-12-28,SKU105,Sunglasses,Accessories,Vendor A,North,Online,49.0,165.0,59,3,85.64,143.16,7014.84,False,0.0,31.7,3.8
2025-10-10,SKU104,Protein Powder,Health,Vendor B,East,Retail Store,19.0,,70,9,49.68,111.64,2121.16,False,0.0,19.7,4.4
2025-06-05,SKU104,Protein Powder,Health,Vendor B,East,Online,20.0,270.0,70,9,49.68,111.64,2232.8,False,0.0,31.6,4.4
2025-01-12,SKU107,Baseball Cap,Accessories,Vendor A,South,Online,66.0,120.0,74,13,46.67,72.31,4772.46,False,0.0,14.7,3.7
2025-09-25,SKU111,Water Bottle,Fitness,Vendor A,North,Online,15.0,169.0,79,12,24.6,52.01,780.15,False,0.0,25.3,4.7
2025-06-14,SKU108,Sports Socks,Apparel,Vendor B,East,Retail Store,92.0,78.0,64,3,56.21,111.36,10245.12,False,0.0,40.8,3.8
2025-07-03,SKU104,Protein Powder,Health,Vendor B,East,Online,16.0,283.0,70,9,49.68,111.64,1786.24,False,0.0,25.5,3.8
2025-12-06,SKU112,Hoodie,Apparel,Vendor B,South,Online,98.0,104.0,73,11,65.48,148.54,14556.92,False,0.0,29.2,3.2
2025-12-10,SKU111,Water Bottle,Fitness,Vendor A,North,Online,36.0,82.0,79,12,24.6,52.01,1872.36,False,0.0,40.4,4.6
2025-01-27,SKU106,Denim Jeans,Apparel,Vendor C,South,Retail Store,40.0,170.0,87,9,71.61,120.54,4821.6,False,0.0,22.6,3.8
2025-02-08,SKU112,Hoodie,Apparel,Vendor B,South,Online,48.0,308.0,73,11,65.48,148.54,7129.92,False,0.0,27.6,5.0
2025-02-18,SKU105,Sunglasses,Accessories,Vendor A,North,Retail Store,5.0,107.0,59,3,85.64,143.16,715.8,False,0.0,33.1,4.5
2025-07-03,SKU103,Yoga Mat,Fitness,Vendor C,East,Retail Store,54.0,206.0,42,8,28.05,51.04,2756.16,False,0.0,35.3,4.0
2025-07-17,SKU112,Hoodie,Apparel,Vendor B,South,Online,43.0,121.0,73,11,65.48,148.54,6387.22,False,0.0,20.4,3.4
2025-01-19,SKU110,Smart Watch,Electronics,Vendor D,North,Online,59.0,287.0,88,6,77.96,163.29,9634.11,False,0.0,28.1,4.3
2025-08-08,SKU110,Smart Watch,Electronics,Vendor D,North,Wholesale,70.0,200.0,88,6,77.96,163.29,11430.3,False,0.0,15.7,4.3
2025-01-02,SKU101,Cotton T-Shirt,Apparel,Vendor A,North,Online,13.0,332.0,74,6,33.5,57.73,750.49,False,0.0,24.9,3.5
2025-08-25,SKU102,Running Shoes,Footwear,Vendor B,West,Retail Store,68.0,175.0,51,14,48.81,90.37,6145.16,True,11.0,21.6,3.9
2025-02-16,SKU101,Cotton T-Shirt,Apparel,Vendor A,North,Retail Store,25.0,94.0,74,6,33.5,57.73,1443.25,False,0.0,0.8,4.3
2025-08-04,SKU111,Water Bottle,Fitness,Vendor A,North,Retail Store,15.0,175.0,79,12,24.6,52.01,780.15,False,0.0,19.3,4.7
2025-12-01,SKU112,Hoodie,Apparel,Vendor B,South,Online,116.0,208.0,73,11,65.48,148.54,17230.64,True,12.0,28.8,4.7
2025-07-17,SKU109,Gym Bag,Fitness,Vendor C,West,Online,13.0,140.0,45,12,73.66,161.49,2099.37,False,0.0,19.0,4.4
2025-05-03,SKU110,Smart Watch,Electronics,Vendor D,North,Wholesale,93.0,157.0,88,6,77.96,163.29,15185.97,False,0.0,25.7,4.4
2025-05-19,SKU109,Gym Bag,Fitness,Vendor C,West,Online,11.0,279.0,45,12,73.66,161.49,1776.39,False,0.0,20.9,4.8
2025-12-13,SKU107,Baseball Cap,Accessories,Vendor A,South,Wholesale,,123.0,74,13,46.67,72.31,7231.0,False,0.0,28.5,3.0
2025-09-22,SKU106,Denim Jeans,Apparel,Vendor C,South,Online,64.0,180.0,87,9,71.61,120.54,7714.56,False,0.0,40.4,4.5
2025-07-24,SKU108,Sports Socks,Apparel,Vendor B,East,Online,59.0,130.0,64,3,56.21,111.36,6570.24,False,0.0,31.9,4.3
2025-11-12,SKU103,Yoga Mat,Fitness,Vendor C,East,Retail Store,76.0,164.0,42,8,28.05,51.04,3879.04,False,0.0,26.2,3.5
2025-07-22,SKU104,Protein Powder,Health,Vendor B,East,Retail Store,24.0,91.0,70,9,49.68,111.64,2679.36,False,0.0,17.9,3.6
2025-05-15,SKU110,Smart Watch,Electronics,Vendor D,North,Retail Store,52.0,91.0,88,6,77.96,163.29,8491.08,False,0.0,31.9,4.2
2025-10-05,SKU103,Yoga Mat,Fitness,Vendor C,East,Online,78.0,276.0,42,8,28.05,51.04,3981.12,False,0.0,46.5,4.3
2025-02-10,SKU105,Sunglasses,Accessories,Vendor A,North,Wholesale,15.0,85.0,59,3,85.64,143.16,2147.4,False,0.0,24.9,3.4
2025-01-14,SKU109,Gym Bag,Fitness,Vendor C,West,Online,7.0,77.0,45,12,73.66,161.49,1130.43,False,0.0,20.0,4.0
2025-03-09,SKU110,Smart Watch,Electronics,Vendor D,North,Online,91.0,102.0,88,6,77.96,163.29,14859.39,False,0.0,23.2,4.9
2025-12-05,SKU106,Denim Jeans,Apparel,Vendor C,South,Online,112.0,99.0,87,9,71.61,120.54,13500.48,False,0.0,28.9,3.4
2025-12-02,SKU110,Smart Watch,Electronics,Vendor D,North,Online,117.0,91.0,88,6,77.96,163.29,19104.93,False,0.0,16.0,3.6
2025-01-02,SKU102,Running Shoes,Footwear,Vendor B,West,Online,30.0,213.0,51,14,48.81,90.37,2711.1,False,0.0,15.7,4.6
2025-06-19,SKU112,Hoodie,Apparel,Vendor B,South,Online,54.0,208.0,73,11,65.48,148.54,8021.16,False,0.0,26.8,4.7
2025-10-20,SKU107,Baseball Cap,Accessories,Vendor A,South,Retail Store,53.0,130.0,74,13,46.67,72.31,3832.43,False,0.0,24.6,4.7
2025-09-07,SKU110,Smart Watch,Electronics,Vendor D,North,Retail Store,87.0,226.0,88,6,77.96,163.29,14206.23,False,0.0,18.9,3.5
2025-04-05,SKU107,Baseball Cap,Accessories,Vendor A,South,Retail Store,85.0,165.0,74,13,46.67,72.31,6146.35,False,0.0,14.3,4.4
2025-07-25,SKU104,Protein Powder,Health,Vendor B,East,Online,14.0,294.0,70,9,49.68,111.64,1562.96,False,0.0,12.1,4.7
2025-06-22,SKU110,Smart Watch,Electronics,Vendor D,North,Retail Store,104.0,227.0,88,6,77.96,163.29,16982.16,False,0.0,11.8,3.1
2025-08-31,SKU103,Yoga Mat,Fitness,Vendor C,East,Online,35.0,138.0,42,8,28.05,51.04,1786.4,False,0.0,19.1,2.9
2025-10-01,SKU109,Gym Bag,Fitness,Vendor C,West,Online,13.0,196.0,45,12,73.66,161.49,2099.37,False,0.0,30.5,5.0
2025-04-20,SKU104,Protein Powder,Health,Vendor B,East,Online,33.0,167.0,70,9,49.68,111.64,3684.12,False,0.0,20.0,4.2
2025-11-22,SKU107,Baseball Cap,Accessories,Vendor A,South,Online,131.0,273.0,74,13,46.67,72.31,9472.61,False,0.0,25.3,4.6
2025-03-11,SKU102,Running Shoes,Footwear,Vendor B,West,Online,48.0,81.0,51,14,48.81,90.37,4337.76,False,0.0,43.9,4.5
2025-07-27,SKU104,Protein Powder,Health,Vendor B,East,Online,28.0,,70,9,49.68,111.64,3125.92,False,0.0,25.5,3.9
2025-10-26,SKU104,Protein Powder,Health,Vendor B,East,Retail Store,30.0,,70,9,49.68,111.64,3349.2,False,0.0,10.5,4.4
2025-02-25,SKU101,Cotton T-Shirt,Apparel,Vendor A,North,Online,11.0,190.0,74,6,33.5,57.73,635.03,False,0.0,7.9,3.4
2025-03-19,SKU107,Baseball Cap,Accessories,Vendor A,South,Online,37.0,141.0,74,13,46.67,72.31,2675.47,False,0.0,37.0,4.1
2025-06-26,SKU110,Smart Watch,Electronics,Vendor D,North,Online,66.0,155.0,88,6,77.96,163.29,10777.14,False,0.0,20.7,4.4
2025-11-06,SKU111,Water Bottle,Fitness,Vendor A,North,Retail Store,36.0,119.0,79,12,24.6,52.01,1872.36,False,0.0,20.8,3.5
2025-05-06,SKU107,Baseball Cap,Accessories,Vendor A,South,Online,67.0,237.0,74,13,46.67,72.31,4844.77,False,0.0,20.1,4.0
2025-03-12,SKU105,Sunglasses,Accessories,Vendor A,North,Retail Store,24.0,278.0,59,3,85.64,143.16,3435.84,False,0.0,11.8,3.9
2025-03-29,SKU101,Cotton T-Shirt,Apparel,Vendor A,North,Online,24.0,203.0,74,6,33.5,57.73,1385.52,False,0.0,30.2,3.8
2025-05-11,SKU112,Hoodie,Apparel,Vendor B,South,Retail Store,63.0,239.0,73,11,65.48,148.54,9358.02,False,0.0,30.4,4.0
2025-03-11,SKU111,Water Bottle,Fitness,Vendor A,North,Retail Store,23.0,176.0,79,12,24.6,52.01,1196.23,False,0.0,15.1,3.9
2025-08-05,SKU105,Sunglasses,Accessories,Vendor A,North,Online,23.0,181.0,59,3,85.64,143.16,3292.68,False,0.0,25.5,3.6
2025-06-22,SKU105,Sunglasses,Accessories,Vendor A,North,Online,34.0,104.0,59,3,85.64,143.16,4867.44,False,0.0,19.5,5.0
2025-08-25,SKU108,Sports Socks,Apparel,Vendor B,East,Online,33.0,68.0,64,3,56.21,111.36,3674.88,False,0.0,18.7,4.0
2025-08-23,SKU105,Sunglasses,Accessories,Vendor A,North,Online,29.0,259.0,59,3,85.64,143.16,4151.64,False,0.0,36.4,4.7
2025-09-23,SKU105,Sunglasses,Accessories,Vendor A,North,Retail Store,23.0,89.0,59,3,85.64,143.16,3292.68,False,0.0,26.3,3.7
2025-11-16,SKU109,Gym Bag,Fitness,Vendor C,West,Retail Store,28.0,139.0,45,12,73.66,161.49,4521.72,False,0.0,37.2,3.7
2025-01-15,SKU106,Denim Jeans,Apparel,Vendor C,South,Online,22.0,179.0,87,9,71.61,120.54,2651.88,False,0.0,25.8,4.5
2025-12-02,SKU102,Running Shoes,Footwear,Vendor B,West,Retail Store,139.0,89.0,51,14,48.81,90.37,12561.43,True,30.0,20.6,4.8
2025-09-27,SKU104,Protein Powder,Health,Vendor B,East,Online,34.0,89.0,70,9,49.68,111.64,3795.76,False,0.0,27.3,3.1
2025-11-02,SKU107,Baseball Cap,Accessories,Vendor A,South,Online,110.0,190.0,74,13,46.67,72.31,7954.1,False,0.0,28.8,3.6
2025-05-17,SKU109,Gym Bag,Fitness,Vendor C,West,Retail Store,,307.0,45,12,73.66,161.49,3229.8,False,0.0,26.3,4.2
2025-08-16,SKU111,Water Bottle,Fitness,Vendor A,North,Online,32.0,168.0,79,12,24.6,52.01,1664.32,False,0.0,24.7,3.7
2025-12-09,SKU106,Denim Jeans,Apparel,Vendor C,South,Wholesale,110.0,136.0,87,9,71.61,120.54,13259.4,False,0.0,15.7,4.6
2025-08-17,SKU107,Baseball Cap,Accessories,Vendor A,South,Wholesale,76.0,113.0,74,13,46.67,72.31,5495.56,False,0.0,24.8,3.5
2025-09-15,SKU102,Running Shoes,Footwear,Vendor B,West,Online,86.0,164.0,51,14,48.81,90.37,7771.82,True,13.0,20.7,3.6
2025-09-11,SKU103,Yoga Mat,Fitness,Vendor C,East,Online,53.0,131.0,42,8,28.05,51.04,2705.12,False,0.0,23.2,3.7
2025-05-20,SKU104,Protein Powder,Health,Vendor B,East,Retail Store,20.0,164.0,70,9,49.68,111.64,2232.8,False,0.0,32.2,4.8
2025-01-05,SKU111,Water Bottle,Fitness,Vendor A,North,Online,20.0,313.0,79,12,24.6,52.01,1040.2,False,0.0,26.7,4.2
2025-03-07,SKU104,Protein Powder,Health,Vendor B,East,Retail Store,22.0,187.0,70,9,49.68,111.64,2456.08,False,0.0,-0.1,4.6
2025-07-31,SKU105,Sunglasses,Accessories,Vendor A,North,Wholesale,19.0,,59,3,85.64,143.16,2720.04,True,13.0,13.3,4.9
2025-11-27,SKU107,Baseball Cap,Accessories,Vendor A,South,Online,92.0,177.0,74,13,46.67,72.31,6652.52,False,0.0,31.9,4.7
2025-10-29,SKU103,Yoga Mat,Fitness,Vendor C,East,Online,39.0,86.0,42,8,28.05,51.04,1990.56,False,0.0,28.2,3.8
2025-06-26,SKU106,Denim Jeans,Apparel,Vendor C,South,Online,79.0,259.0,87,9,71.61,120.54,9522.66,False,0.0,26.8,4.4
2025-03-19,SKU110,Smart Watch,Electronics,Vendor D,North,Online,108.0,277.0,88,6,77.96,163.29,17635.32,True,27.0,10.5,3.7
2025-10-18,SKU105,Sunglasses,Accessories,Vendor A,North,Online,62.0,284.0,59,3,85.64,143.16,8875.92,True,29.0,40.1,4.8
2025-01-09,SKU109,Gym Bag,Fitness,Vendor C,West,Online,6.0,124.0,45,12,73.66,161.49,968.94,False,0.0,29.8,4.0
2025-11-06,SKU110,Smart Watch,Electronics,Vendor D,North,Retail Store,88.0,196.0,88,6,77.96,163.29,14369.52,False,0.0,29.9,4.3
2025-06-16,SKU110,Smart Watch,Electronics,Vendor D,North,Online,120.0,286.0,88,6,77.96,163.29,19594.8,True,33.0,14.5,4.4
2025-01-11,SKU108,Sports Socks,Apparel,Vendor B,East,Online,51.0,122.0,64,3,56.21,111.36,5679.36,False,0.0,20.3,4.3
2025-12-02,SKU107,Baseball Cap,Accessories,Vendor A,South,Retail Store,79.0,220.0,74,13,46.67,72.31,5712.49,False,0.0,26.6,4.8
2025-07-10,SKU110,Smart Watch,Electronics,Vendor D,North,Online,55.0,269.0,88,6,77.96,163.29,8980.95,False,0.0,23.4,4.1
2025-08-31,SKU109,Gym Bag,Fitness,Vendor C,West,Online,16.0,138.0,45,12,73.66,161.49,2583.84,False,0.0,22.2,3.9
2025-12-16,SKU105,Sunglasses,Accessories,Vendor A,North,Wholesale,32.0,87.0,59,3,85.64,143.16,4581.12,False,0.0,34.1,4.1
2025-05-18,SKU101,Cotton T-Shirt,Apparel,Vendor A,North,Online,26.0,193.0,74,6,33.5,57.73,1500.98,False,0.0,18.7,5.0
2025-05-26,SKU105,Sunglasses,Accessories,Vendor A,North,Retail Store,25.0,68.0,59,3,85.64,143.16,3579.0,False,0.0,5.4,3.6
2025-04-17,SKU107,Baseball Cap,Accessories,Vendor A,South,Online,92.0,118.0,74,13,46.67,72.31,6652.52,True,25.0,15.4,5.0
2025-03-18,SKU112,Hoodie,Apparel,Vendor B,South,Online,43.0,198.0,73,11,65.48,148.54,6387.22,False,0.0,26.1,3.8
2025-04-29,SKU108,Sports Socks,Apparel,Vendor B,East,Wholesale,45.0,124.0,64,3,56.21,111.36,5011.2,False,0.0,21.7,4.1
2025-08-28,SKU103,Yoga Mat,Fitness,Vendor C,East,Retail Store,51.0,142.0,42,8,28.05,51.04,2603.04,True,18.0,21.3,5.0
2025-09-27,SKU101,Cotton T-Shirt,Apparel,Vendor A,North,Online,22.0,197.0,74,6,33.5,57.73,1270.06,False,0.0,41.4,3.6
2025-03-09,SKU108,Sports Socks,Apparel,Vendor B,East,Online,87.0,182.0,64,3,56.21,111.36,9688.32,False,0.0,17.3,4.3
2025-01-11,SKU111,Water Bottle,Fitness,Vendor A,North,Retail Store,31.0,186.0,79,12,24.6,52.01,1612.31,False,0.0,31.7,4.0
2025-05-14,SKU104,Protein Powder,Health,Vendor B,East,Online,13.0,295.0,70,9,49.68,111.64,1451.32,False,0.0,19.2,3.4
2025-09-23,SKU112,Hoodie,Apparel,Vendor B,South,Retail Store,43.0,176.0,73,11,65.48,148.54,6387.22,False,0.0,8.8,4.0
2025-05-10,SKU107,Baseball Cap,Accessories,Vendor A,South,Online,64.0,164.0,74,13,46.67,72.31,4627.84,False,0.0,33.3,4.5
2025-05-05,SKU107,Baseball Cap,Accessories,Vendor A,South,Online,61.0,304.0,74,13,46.67,72.31,4410.91,False,0.0,29.4,4.0
2025-09-26,SKU105,Sunglasses,Accessories,Vendor A,North,Retail Store,14.0,307.0,59,3,85.64,143.16,2004.24,False,0.0,24.6,4.5
2025-01-26,SKU104,Protein Powder,Health,Vendor B,East,Wholesale,21.0,271.0,70,9,49.68,111.64,2344.44,False,0.0,26.0,4.7
2025-05-02,SKU108,Sports Socks,Apparel,Vendor B,East,Retail Store,52.0,221.0,64,3,56.21,111.36,5790.72,False,0.0,28.4,5.0
2025-01-02,SKU103,Yoga Mat,Fitness,Vendor C,East,Online,27.0,176.0,42,8,28.05,51.04,1378.08,False,0.0,26.9,4.4
2025-07-26,SKU111,Water Bottle,Fitness,Vendor A,North,Retail Store,35.0,162.0,79,12,24.6,52.01,1820.35,False,0.0,23.2,3.7
2025-09-23,SKU108,Sports Socks,Apparel,Vendor B,East,Online,51.0,208.0,64,3,56.21,111.36,5679.36,False,0.0,10.9,3.5
2025-06-21,SKU103,Yoga Mat,Fitness,Vendor C,East,Online,60.0,243.0,42,8,28.05,51.04,3062.4,False,0.0,24.4,3.2
2025-03-22,SKU109,Gym Bag,Fitness,Vendor C,West,Retail Store,20.0,114.0,45,12,73.66,161.49,3229.8,False,0.0,23.8,5.0
2025-07-07,SKU106,Denim Jeans,Apparel,Vendor C,South,Wholesale,66.0,91.0,87,9,71.61,120.54,7955.64,False,0.0,20.4,4.3
2025-08-24,SKU105,Sunglasses,Accessories,Vendor A,North,Retail Store,32.0,227.0,59,3,85.64,143.16,4581.12,False,0.0,21.7,4.2
2025-10-03,SKU109,Gym Bag,Fitness,Vendor C,West,Online,10.0,172.0,45,12,73.66,161.49,1614.9,False,0.0,30.2,5.0
2025-08-09,SKU112,Hoodie,Apparel,Vendor B,South,Online,64.0,174.0,73,11,65.48,148.54,9506.56,False,0.0,22.5,3.8
2025-07-08,SKU105,Sunglasses,Accessories,Vendor A,North,Online,22.0,261.0,59,3,85.64,143.16,3149.52,False,0.0,22.2,4.2
2025-02-09,SKU101,Cotton T-Shirt,Apparel,Vendor A,North,Online,19.0,202.0,74,6,33.5,57.73,1096.87,False,0.0,13.9,3.9
2025-12-03,SKU101,Cotton T-Shirt,Apparel,Vendor A,North,Retail Store,28.0,94.0,74,6,33.5,57.73,1616.44,False,0.0,28.8,3.8
2025-04-07,SKU103,Yoga Mat,Fitness,Vendor C,East,Online,37.0,292.0,42,8,28.05,51.04,1888.48,False,0.0,21.8,4.1
2025-07-08,SKU101,Cotton T-Shirt,Apparel,Vendor A,North,Online,18.0,266.0,74,6,33.5,57.73,1039.14,False,0.0,21.0,4.0
2025-09-10,SKU103,Yoga Mat,Fitness,Vendor C,East,Online,44.0,184.0,42,8,28.05,51.04,2245.76,False,0.0,10.7,4.4
2025-10-22,SKU104,Protein Powder,Health,Vendor B,East,Online,22.0,157.0,70,9,49.68,111.64,2456.08,False,0.0,26.3,5.0
2025-11-07,SKU110,Smart Watch,Electronics,Vendor D,North,Retail Store,96.0,100.0,88,6,77.96,163.29,15675.84,False,0.0,30.1,4.7
2025-12-12,SKU103,Yoga Mat,Fitness,Vendor C,East,Wholesale,60.0,117.0,42,8,28.05,51.04,3062.4,False,0.0,22.9,3.9
2025-07-06,SKU105,Sunglasses,Accessories,Vendor A,North,Online,27.0,81.0,59,3,85.64,143.16,3865.32,False,0.0,26.7,4.6
2025-09-09,SKU110,Smart Watch,Electronics,Vendor D,North,Retail Store,53.0,198.0,88,6,77.96,163.29,8654.37,False,0.0,32.0,4.2
2025-08-06,SKU109,Gym Bag,Fitness,Vendor C,West,Wholesale,22.0,105.0,45,12,73.66,161.49,3552.78,True,10.0,23.6,3.5
2025-12-15,SKU104,Protein Powder,Health,Vendor B,East,Online,29.0,270.0,70,9,49.68,111.64,3237.56,False,0.0,28.8,3.8
2025-09-12,SKU105,Sunglasses,Accessories,Vendor A,North,Online,27.0,221.0,59,3,85.64,143.16,3865.32,False,0.0,31.7,3.7
2025-10-28,SKU111,Water Bottle,Fitness,Vendor A,North,Online,22.0,252.0,79,12,24.6,52.01,1144.22,False,0.0,27.7,5.0
2025-11-14,SKU111,Water Bottle,Fitness,Vendor A,North,Online,40.0,191.0,79,12,24.6,52.01,2080.4,False,0.0,15.2,4.4
2025-11-17,SKU101,Cotton T-Shirt,Apparel,Vendor A,North,Wholesale,23.0,116.0,74,6,33.5,57.73,1327.79,False,0.0,33.9,4.8
2025-03-26,SKU107,Baseball Cap,Accessories,Vendor A,South,Wholesale,33.0,109.0,74,13,46.67,72.31,2386.23,False,0.0,27.7,3.8
2025-04-16,SKU112,Hoodie,Apparel,Vendor B,South,Wholesale,35.0,163.0,73,11,65.48,148.54,5198.9,False,0.0,25.6,5.0
2025-07-28,SKU109,Gym Bag,Fitness,Vendor C,West,Online,11.0,233.0,45,12,73.66,161.49,1776.39,False,0.0,30.1,5.0
2025-05-31,SKU110,Smart Watch,Electronics,Vendor D,North,Online,84.0,315.0,88,6,77.96,163.29,13716.36,False,0.0,20.3,3.5
2025-02-04,SKU105,Sunglasses,Accessories,Vendor A,North,Online,27.0,175.0,59,3,85.64,143.16,3865.32,True,24.0,32.8,3.5
2025-04-16,SKU111,Water Bottle,Fitness,Vendor A,North,Online,22.0,203.0,79,12,24.6,52.01,1144.22,False,0.0,18.8,4.2
2025-06-07,SKU110,Smart Watch,Electronics,Vendor D,North,Retail Store,80.0,94.0,88,6,77.96,163.29,13063.2,False,0.0,31.3,4.5
2025-12-01,SKU110,Smart Watch,Electronics,Vendor D,North,Online,99.0,208.0,88,6,77.96,163.29,16165.71,False,0.0,9.6,4.3
2025-03-19,SKU109,Gym Bag,Fitness,Vendor C,West,Online,12.0,159.0,45,12,73.66,161.49,1937.88,False,0.0,23.9,3.8
2025-06-05,SKU112,Hoodie,Apparel,Vendor B,South,Retail Store,58.0,253.0,73,11,65.48,148.54,8615.32,False,0.0,27.7,5.0
2025-02-10,SKU103,Yoga Mat,Fitness,Vendor C,East,Retail Store,36.0,139.0,42,8,28.05,51.04,1837.44,False,0.0,22.1,4.5
2025-03-30,SKU105,Sunglasses,Accessories,Vendor A,North,Retail Store,40.0,64.0,59,3,85.64,143.16,5726.4,False,0.0,38.9,4.1
2025-07-18,SKU107,Baseball Cap,Accessories,Vendor A,South,Wholesale,60.0,250.0,74,13,46.67,72.31,4338.6,False,0.0,4.8,4.3
2025-09-20,SKU109,Gym Bag,Fitness,Vendor C,West,Online,19.0,117.0,45,12,73.66,161.49,3068.31,False,0.0,22.6,4.3
2025-03-13,SKU103,Yoga Mat,Fitness,Vendor C,East,Wholesale,51.0,248.0,42,8,28.05,51.04,2603.04,False,0.0,27.4,3.3
2025-12-01,SKU111,Water Bottle,Fitness,Vendor A,North,Online,36.0,168.0,79,12,24.6,52.01,1872.36,False,0.0,19.8,4.7
2025-05-17,SKU103,Yoga Mat,Fitness,Vendor C,East,Online,72.0,212.0,42,8,28.05,51.04,3674.88,False,0.0,14.1,3.8
2025-12-25,SKU103,Yoga Mat,Fitness,Vendor C,East,Online,51.0,138.0,42,8,28.05,51.04,2603.04,False,0.0,15.6,4.4
2025-10-28,SKU102,Running Shoes,Footwear,Vendor B,West,Online,33.0,123.0,51,14,48.81,90.37,2982.21,False,0.0,13.4,4.0
2025-11-16,SKU101,Cotton T-Shirt,Apparel,Vendor A,North,Online,33.0,139.0,74,6,33.5,57.73,1905.09,False,0.0,27.6,4.0
2025-10-08,SKU111,Water Bottle,Fitness,Vendor A,North,Retail Store,26.0,238.0,79,12,24.6,52.01,1352.26,False,0.0,21.2,4.7
2025-10-13,SKU112,Hoodie,Apparel,Vendor B,South,Online,,235.0,73,11,65.48,148.54,8466.78,False,0.0,32.9,3.8
2025-06-27,SKU110,Smart Watch,Electronics,Vendor D,North,Online,55.0,100.0,88,6,77.96,163.29,8980.95,False,0.0,33.6,4.4
2025-10-03,SKU103,Yoga Mat,Fitness,Vendor C,East,Online,38.0,163.0,42,8,28.05,51.04,1939.52,False,0.0,16.2,3.9
2025-10-11,SKU101,Cotton T-Shirt,Apparel,Vendor A,North,Retail Store,29.0,133.0,74,6,33.5,57.73,1674.17,False,0.0,22.8,3.6
2025-11-24,SKU105,Sunglasses,Accessories,Vendor A,North,Online,26.0,177.0,59,3,85.64,143.16,3722.16,False,0.0,22.0,4.1
2025-04-06,SKU111,Water Bottle,Fitness,Vendor A,North,Retail Store,36.0,118.0,79,12,24.6,52.01,1872.36,False,0.0,25.0,4.9
2025-01-06,SKU103,Yoga Mat,Fitness,Vendor C,East,Wholesale,48.0,254.0,42,8,28.05,51.04,2449.92,False,0.0,27.6,3.5
2025-03-31,SKU104,Protein Powder,Health,Vendor B,East,Online,14.0,261.0,70,9,49.68,111.64,1562.96,False,0.0,19.2,3.7
2025-04-23,SKU105,Sunglasses,Accessories,Vendor A,North,Online,41.0,173.0,59,3,85.64,143.16,5869.56,True,13.0,29.5,5.0
2025-06-24,SKU107,Baseball Cap,Accessories,Vendor A,South,Online,66.0,141.0,74,13,46.67,72.31,4772.46,False,0.0,26.0,4.0
2025-10-27,SKU111,Water Bottle,Fitness,Vendor A,North,Wholesale,15.0,98.0,79,12,24.6,52.01,780.15,False,0.0,23.2,3.4
2025-07-16,SKU110,Smart Watch,Electronics,Vendor D,North,Retail Store,61.0,126.0,88,6,77.96,163.29,9960.69,False,0.0,28.5,3.9
2025-01-05,SKU102,Running Shoes,Footwear,Vendor B,West,Retail Store,71.0,225.0,51,14,48.81,90.37,6416.27,False,0.0,33.5,3.4
2025-12-09,SKU107,Baseball Cap,Accessories,Vendor A,South,Retail Store,76.0,115.0,74,13,46.67,72.31,5495.56,False,0.0,24.4,3.9
2025-04-28,SKU104,Protein Powder,Health,Vendor B,East,Online,32.0,170.0,70,9,49.68,111.64,3572.48,True,16.0,34.9,3.3
2025-06-22,SKU101,Cotton T-Shirt,Apparel,Vendor A,North,Online,22.0,126.0,74,6,33.5,57.73,1270.06,False,0.0,46.4,4.2
2025-03-10,SKU112,Hoodie,Apparel,Vendor B,South,Wholesale,53.0,136.0,73,11,65.48,148.54,7872.62,False,0.0,10.5,4.6
2025-02-09,SKU111,Water Bottle,Fitness,Vendor A,North,Online,25.0,107.0,79,12,24.6,52.01,1300.25,False,0.0,21.8,3.8
2025-04-23,SKU104,Protein Powder,Health,Vendor B,East,Wholesale,17.0,113.0,70,9,49.68,111.64,1897.88,False,0.0,21.9,4.4
2025-03-04,SKU102,Running Shoes,Footwear,Vendor B,West,Wholesale,86.0,187.0,51,14,48.81,90.37,7771.82,True,20.0,28.5,4.4
2025-08-11,SKU101,Cotton T-Shirt,Apparel,Vendor A,North,Retail Store,16.0,137.0,74,6,33.5,57.73,923.68,False,0.0,9.5,3.7
2025-01-24,SKU111,Water Bottle,Fitness,Vendor A,North,Retail Store,20.0,135.0,79,12,24.6,52.01,1040.2,False,0.0,28.5,3.7
2025-06-16,SKU104,Protein Powder,Health,Vendor B,East,Retail Store,27.0,233.0,70,9,49.68,111.64,3014.28,False,0.0,28.8,3.9
2025-10-06,SKU103,Yoga Mat,Fitness,Vendor C,East,Online,56.0,220.0,42,8,28.05,51.04,2858.24,False,0.0,34.0,4.7
2025-12-21,SKU102,Running Shoes,Footwear,Vendor B,West,Online,180.0,304.0,51,14,48.81,90.37,16266.6,True,24.0,15.1,3.8
2025-04-21,SKU112,Hoodie,Apparel,Vendor B,South,Online,61.0,296.0,73,11,65.48,148.54,9060.94,False,0.0,28.9,3.8
2025-07-01,SKU112,Hoodie,Apparel,Vendor B,South,Online,32.0,90.0,73,11,65.48,148.54,4753.28,False,0.0,26.0,4.0
2025-08-11,SKU103,Yoga Mat,Fitness,Vendor C,East,Wholesale,52.0,136.0,42,8,28.05,51.04,2654.08,False,0.0,25.7,4.4
2025-01-07,SKU105,Sunglasses,Accessories,Vendor A,North,Retail Store,16.0,301.0,59,3,85.64,143.16,2290.56,False,0.0,27.8,2.7
2025-07-19,SKU105,Sunglasses,Accessories,Vendor A,North,Retail Store,,190.0,59,3,85.64,143.16,5440.08,False,0.0,20.6,4.5
2025-11-14,SKU101,Cotton T-Shirt,Apparel,Vendor A,North,Online,25.0,74.0,74,6,33.5,57.73,1443.25,False,0.0,19.1,4.0
2025-02-07,SKU103,Yoga Mat,Fitness,Vendor C,East,Online,36.0,255.0,42,8,28.05,51.04,1837.44,False,0.0,25.0,4.0
2025-06-01,SKU103,Yoga Mat,Fitness,Vendor C,East,Retail Store,75.0,56.0,42,8,28.05,51.04,3828.0,False,0.0,29.7,4.1
2025-05-31,SKU107,Baseball Cap,Accessories,Vendor A,South,Online,73.0,243.0,74,13,46.67,72.31,5278.63,False,0.0,36.7,3.9
2025-12-28,SKU103,Yoga Mat,Fitness,Vendor C,East,Online,88.0,59.0,42,8,28.05,51.04,4491.52,False,0.0,21.4,5.0
2025-02-05,SKU106,Denim Jeans,Apparel,Vendor C,South,Online,38.0,289.0,87,9,71.61,120.54,4580.52,False,0.0,55.9,4.9
2025-03-06,SKU108,Sports Socks,Apparel,Vendor B,East,Retail Store,60.0,98.0,64,3,56.21,111.36,6681.6,False,0.0,33.0,3.1
2025-04-12,SKU106,Denim Jeans,Apparel,Vendor C,South,Online,100.0,127.0,87,9,71.61,120.54,12054.0,False,0.0,19.5,3.9
2025-07-10,SKU107,Baseball Cap,Accessories,Vendor A,South,Retail Store,89.0,92.0,74,13,46.67,72.31,6435.59,True,33.0,22.4,4.3
2025-12-02,SKU106,Denim Jeans,Apparel,Vendor C,South,Online,109.0,131.0,87,9,71.61,120.54,13138.86,False,0.0,19.2,4.7
2025-09-22,SKU107,Baseball Cap,Accessories,Vendor A,South,Retail Store,53.0,134.0,74,13,46.67,72.31,3832.43,False,0.0,25.5,4.6
2025-01-29,SKU108,Sports Socks,Apparel,Vendor B,East,Online,36.0,166.0,64,3,56.21,111.36,4008.96,False,0.0,35.1,4.3
2025-04-07,SKU102,Running Shoes,Footwear,Vendor B,West,Online,53.0,101.0,51,14,48.81,90.37,4789.61,False,0.0,27.8,4.2
2025-05-30,SKU108,Sports Socks,Apparel,Vendor B,East,Online,57.0,108.0,64,3,56.21,111.36,6347.52,False,0.0,15.3,4.6
2025-02-21,SKU108,Sports Socks,Apparel,Vendor B,East,Online,53.0,189.0,64,3,56.21,111.36,5902.08,False,0.0,12.0,4.6
2025-01-04,SKU111,Water Bottle,Fitness,Vendor A,North,Online,26.0,82.0,79,12,24.6,52.01,1352.26,False,0.0,15.2,4.9
2025-01-24,SKU109,Gym Bag,Fitness,Vendor C,West,Online,16.0,238.0,45,12,73.66,161.49,2583.84,True,36.0,25.3,4.4
2025-10-04,SKU105,Sunglasses,Accessories,Vendor A,North,Online,31.0,117.0,59,3,85.64,143.16,4437.96,False,0.0,24.4,4.1
2025-07-23,SKU104,Protein Powder,Health,Vendor B,East,Wholesale,21.0,70.0,70,9,49.68,111.64,2344.44,False,0.0,25.8,4.3
2025-07-18,SKU110,Smart Watch,Electronics,Vendor D,North,Retail Store,59.0,259.0,88,6,77.96,163.29,9634.11,False,0.0,18.2,4.2
2025-09-24,SKU108,Sports Socks,Apparel,Vendor B,East,Retail Store,45.0,163.0,64,3,56.21,111.36,5011.2,False,0.0,24.7,4.1
2025-10-24,SKU110,Smart Watch,Electronics,Vendor D,North,Online,61.0,227.0,88,6,77.96,163.29,9960.69,False,0.0,41.1,4.4
2025-08-04,SKU106,Denim Jeans,Apparel,Vendor C,South,Retail Store,58.0,118.0,87,9,71.61,120.54,6991.32,False,0.0,33.8,4.2
2025-09-26,SKU107,Baseball Cap,Accessories,Vendor A,South,Retail Store,57.0,152.0,74,13,46.67,72.31,4121.67,False,0.0,30.0,4.6
2025-10-30,SKU107,Baseball Cap,Accessories,Vendor A,South,Online,68.0,294.0,74,13,46.67,72.31,4917.08,False,0.0,20.0,3.9
2025-09-09,SKU108,Sports Socks,Apparel,Vendor B,East,Wholesale,59.0,132.0,64,3,56.21,111.36,6570.24,False,0.0,28.9,4.0
2025-05-23,SKU103,Yoga Mat,Fitness,Vendor C,East,Online,39.0,158.0,42,8,28.05,51.04,1990.56,False,0.0,25.6,4.7
2025-02-18,SKU109,Gym Bag,Fitness,Vendor C,West,Online,4.0,209.0,45,12,73.66,161.49,645.96,True,13.0,27.0,3.9
2025-11-19,SKU111,Water Bottle,Fitness,Vendor A,North,Online,42.0,118.0,79,12,24.6,52.01,2184.42,False,0.0,27.5,4.1
2025-07-04,SKU111,Water Bottle,Fitness,Vendor A,North,Online,23.0,218.0,79,12,24.6,52.01,1196.23,False,0.0,14.0,4.1
2025-11-01,SKU102,Running Shoes,Footwear,Vendor B,West,Retail Store,110.0,173.0,51,14,48.81,90.37,9940.7,False,0.0,35.0,4.5
2025-01-18,SKU110,Smart Watch,Electronics,Vendor D,North,Online,72.0,346.0,88,6,77.96,163.29,11756.88,False,0.0,22.1,4.1
2025-06-28,SKU107,Baseball Cap,Accessories,Vendor A,South,Online,66.0,138.0,74,13,46.67,72.31,4772.46,False,0.0,13.2,4.0
2025-03-24,SKU101,Cotton T-Shirt,Apparel,Vendor A,North,Retail Store,19.0,157.0,74,6,33.5,57.73,1096.87,False,0.0,26.1,4.2
2025-01-21,SKU105,Sunglasses,Accessories,Vendor A,North,Online,19.0,62.0,59,3,85.64,143.16,2720.04,False,0.0,14.0,4.5
2025-12-30,SKU105,Sunglasses,Accessories,Vendor A,North,Wholesale,35.0,96.0,59,3,85.64,143.16,5010.6,False,0.0,21.7,4.5
2025-03-02,SKU109,Gym Bag,Fitness,Vendor C,West,Retail Store,27.0,68.0,45,12,73.66,161.49,4360.23,True,34.0,34.4,4.8
2025-05-16,SKU107,Baseball Cap,Accessories,Vendor A,South,Retail Store,55.0,189.0,74,13,46.67,72.31,3977.05,False,0.0,35.0,4.0
2025-05-21,SKU103,Yoga Mat,Fitness,Vendor C,East,Online,55.0,98.0,42,8,28.05,51.04,2807.2,False,0.0,16.8,3.5
2025-04-25,SKU110,Smart Watch,Electronics,Vendor D,North,Online,72.0,153.0,88,6,77.96,163.29,11756.88,False,0.0,26.1,3.6
2025-05-24,SKU104,Protein Powder,Health,Vendor B,East,Retail Store,32.0,325.0,70,9,49.68,111.64,3572.48,False,0.0,33.0,4.5
2025-08-14,SKU108,Sports Socks,Apparel,Vendor B,East,Wholesale,55.0,65.0,64,3,56.21,111.36,6124.8,False,0.0,25.0,4.8
2025-02-19,SKU104,Protein Powder,Health,Vendor B,East,Retail Store,20.0,187.0,70,9,49.68,111.64,2232.8,False,0.0,43.4,4.1
2025-06-21,SKU104,Protein Powder,Health,Vendor B,East,Retail Store,27.0,122.0,70,9,49.68,111.64,3014.28,False,0.0,17.9,3.9
2025-12-30,SKU107,Baseball Cap,Accessories,Vendor A,South,Online,56.0,193.0,74,13,46.67,72.31,4049.36,False,0.0,28.5,4.9
2025-11-19,SKU109,Gym Bag,Fitness,Vendor C,West,Online,16.0,74.0,45,12,73.66,161.49,2583.84,False,0.0,16.2,3.6
2025-04-30,SKU106,Denim Jeans,Apparel,Vendor C,South,Online,84.0,238.0,87,9,71.61,120.54,10125.36,False,0.0,31.1,4.3
2025-01-11,SKU112,Hoodie,Apparel,Vendor B,South,Online,51.0,88.0,73,11,65.48,148.54,7575.54,False,0.0,27.5,4.0
2025-03-07,SKU110,Smart Watch,Electronics,Vendor D,North,Retail Store,46.0,260.0,88,6,77.96,163.29,7511.34,False,0.0,45.7,4.0
2025-01-13,SKU111,Water Bottle,Fitness,Vendor A,North,Retail Store,17.0,144.0,79,12,24.6,52.01,884.17,False,0.0,22.9,4.0
2025-12-08,SKU101,Cotton T-Shirt,Apparel,Vendor A,North,Online,32.0,181.0,74,6,33.5,57.73,1847.36,False,0.0,28.4,4.7
2025-10-14,SKU104,Protein Powder,Health,Vendor B,East,Online,20.0,175.0,70,9,49.68,111.64,2232.8,False,0.0,31.0,4.0
2025-02-25,SKU107,Baseball Cap,Accessories,Vendor A,South,Retail Store,42.0,180.0,74,13,46.67,72.31,3037.02,False,0.0,23.3,3.0
2025-06-15,SKU110,Smart Watch,Electronics,Vendor D,North,Online,72.0,143.0,88,6,77.96,163.29,11756.88,False,0.0,14.4,4.8
2025-08-24,SKU104,Protein Powder,Health,Vendor B,East,Retail Store,33.0,76.0,70,9,49.68,111.64,3684.12,False,0.0,14.9,4.2
2025-03-01,SKU110,Smart Watch,Electronics,Vendor D,North,Retail Store,85.0,223.0,88,6,77.96,163.29,13879.65,False,0.0,23.5,4.1
2025-09-05,SKU103,Yoga Mat,Fitness,Vendor C,East,Online,42.0,100.0,42,8,28.05,51.04,2143.68,False,0.0,32.8,5.0
2025-01-22,SKU103,Yoga Mat,Fitness,Vendor C,East,Wholesale,24.0,112.0,42,8,28.05,51.04,1224.96,False,0.0,42.0,5.0
2025-07-15,SKU103,Yoga Mat,Fitness,Vendor C,East,Retail Store,41.0,119.0,42,8,28.05,51.04,2092.64,False,0.0,30.9,3.8
2025-10-08,SKU107,Baseball Cap,Accessories,Vendor A,South,Online,40.0,331.0,74,13,46.67,72.31,2892.4,False,0.0,33.5,4.4
2025-07-23,SKU107,Baseball Cap,Accessories,Vendor A,South,Online,45.0,175.0,74,13,46.67,72.31,3253.95,False,0.0,26.1,4.9
2025-09-08,SKU111,Water Bottle,Fitness,Vendor A,North,Retail Store,26.0,168.0,79,12,24.6,52.01,1352.26,False,0.0,34.5,4.6
2025-10-06,SKU109,Gym Bag,Fitness,Vendor C,West,Online,12.0,125.0,45,12,73.66,161.49,1937.88,False,0.0,37.3,3.5
2025-11-03,SKU109,Gym Bag,Fitness,Vendor C,West,Online,17.0,264.0,45,12,73.66,161.49,2745.33,False,0.0,29.9,4.5
2025-03-24,SKU105,Sunglasses,Accessories,Vendor A,North,Online,15.0,216.0,59,3,85.64,143.16,2147.4,False,0.0,29.6,4.2
2025-12-21,SKU106,Denim Jeans,Apparel,Vendor C,South,Wholesale,128.0,272.0,87,9,71.61,120.54,15429.12,False,0.0,29.5,4.5
2025-08-28,SKU110,Smart Watch,Electronics,Vendor D,North,Online,70.0,178.0,88,6,77.96,163.29,11430.3,False,0.0,38.8,3.4
2025-12-12,SKU104,Protein Powder,Health,Vendor B,East,Online,30.0,172.0,70,9,49.68,111.64,3349.2,False,0.0,21.9,3.4
2025-03-05,SKU108,Sports Socks,Apparel,Vendor B,East,Retail Store,59.0,158.0,64,3,56.21,111.36,6570.24,False,0.0,21.3,4.1
2025-08-05,SKU109,Gym Bag,Fitness,Vendor C,West,Online,10.0,127.0,45,12,73.66,161.49,1614.9,False,0.0,28.2,4.5
2025-10-10,SKU101,Cotton T-Shirt,Apparel,Vendor A,North,Retail Store,17.0,162.0,74,6,33.5,57.73,981.41,False,0.0,19.3,4.3
2025-04-02,SKU101,Cotton T-Shirt,Apparel,Vendor A,North,Online,23.0,101.0,74,6,33.5,57.73,1327.79,False,0.0,41.1,4.7
2025-12-05,SKU106,Denim Jeans,Apparel,Vendor C,South,Online,112.0,99.0,87,9,71.61,120.54,13500.48,False,0.0,28.9,3.4
2025-06-16,SKU112,Hoodie,Apparel,Vendor B,South,Online,48.0,231.0,73,11,65.48,148.54,7129.92,False,0.0,16.1,4.1
2025-06-11,SKU101,Cotton T-Shirt,Apparel,Vendor A,North,Retail Store,19.0,246.0,74,6,33.5,57.73,1096.87,False,0.0,28.0,4.5
2025-08-24,SKU106,Denim Jeans,Apparel,Vendor C,South,Retail Store,68.0,226.0,87,9,71.61,120.54,8196.72,False,0.0,25.9,4.0
2025-06-11,SKU106,Denim Jeans,Apparel,Vendor C,South,Online,46.0,100.0,87,9,71.61,120.54,5544.84,False,0.0,22.4,4.0
2025-08-31,SKU102,Running Shoes,Footwear,Vendor B,West,Online,95.0,195.0,51,14,48.81,90.37,8585.15,False,0.0,24.1,3.9
2025-07-15,SKU109,Gym Bag,Fitness,Vendor C,West,Retail Store,11.0,160.0,45,12,73.66,161.49,1776.39,False,0.0,23.3,3.2
2025-11-08,SKU108,Sports Socks,Apparel,Vendor B,East,Retail Store,93.0,290.0,64,3,56.21,111.36,10356.48,False,0.0,17.2,4.0
2025-11-01,SKU105,Sunglasses,Accessories,Vendor A,North,Online,48.0,106.0,59,3,85.64,143.16,6871.68,False,0.0,25.7,4.4
2025-08-16,SKU109,Gym Bag,Fitness,Vendor C,West,Online,14.0,193.0,45,12,73.66,161.49,2260.86,False,0.0,29.5,4.6
2025-12-13,SKU105,Sunglasses,Accessories,Vendor A,North,Online,48.0,63.0,59,3,85.64,143.16,6871.68,False,0.0,25.5,4.7
2025-07-02,SKU111,Water Bottle,Fitness,Vendor A,North,Online,21.0,268.0,79,12,24.6,52.01,1092.21,False,0.0,30.5,3.9
2025-08-08,SKU105,Sunglasses,Accessories,Vendor A,North,Online,23.0,120.0,59,3,85.64,143.16,3292.68,False,0.0,25.3,3.7
2025-10-08,SKU109,Gym Bag,Fitness,Vendor C,West,Retail Store,16.0,97.0,45,12,73.66,161.49,2583.84,False,0.0,11.1,4.0
2025-08-12,SKU112,Hoodie,Apparel,Vendor B,South,Online,60.0,174.0,73,11,65.48,148.54,8912.4,False,0.0,33.1,4.9
2025-09-27,SKU108,Sports Socks,Apparel,Vendor B,East,Retail Store,,246.0,64,3,56.21,111.36,6681.6,False,0.0,25.0,4.9
2025-06-05,SKU109,Gym Bag,Fitness,Vendor C,West,Wholesale,13.0,58.0,45,12,73.66,161.49,2099.37,False,0.0,22.9,4.5
2025-04-16,SKU101,Cotton T-Shirt,Apparel,Vendor A,North,Retail Store,20.0,,74,6,33.5,57.73,1154.6,False,0.0,20.1,4.6
2025-01-24,SKU106,Denim Jeans,Apparel,Vendor C,South,Online,46.0,185.0,87,9,71.61,120.54,5544.84,False,0.0,26.9,3.9
2025-02-02,SKU103,Yoga Mat,Fitness,Vendor C,East,Online,37.0,132.0,42,8,28.05,51.04,1888.48,False,0.0,40.9,4.6
2025-07-03,SKU102,Running Shoes,Footwear,Vendor B,West,Online,59.0,65.0,51,14,48.81,90.37,5331.83,False,0.0,24.9,3.4
2025-12-11,SKU111,Water Bottle,Fitness,Vendor A,North,Online,38.0,188.0,79,12,24.6,52.01,1976.38,False,0.0,19.1,4.0
2025-06-12,SKU108,Sports Socks,Apparel,Vendor B,East,Retail Store,44.0,215.0,64,3,56.21,111.36,4899.84,False,0.0,32.1,3.7
2025-02-28,SKU108,Sports Socks,Apparel,Vendor B,East,Retail Store,32.0,212.0,64,3,56.21,111.36,3563.52,False,0.0,21.8,4.7
2025-10-10,SKU110,Smart Watch,Electronics,Vendor D,North,Online,45.0,237.0,88,6,77.96,163.29,7348.05,False,0.0,30.6,3.8
2025-11-11,SKU106,Denim Jeans,Apparel,Vendor C,South,Online,89.0,120.0,87,9,71.61,120.54,10728.06,False,0.0,30.8,4.6
2025-04-01,SKU110,Smart Watch,Electronics,Vendor D,North,Wholesale,92.0,158.0,88,6,77.96,163.29,15022.68,False,0.0,44.4,4.4
2025-12-13,SKU106,Denim Jeans,Apparel,Vendor C,South,Online,134.0,88.0,87,9,71.61,120.54,16152.36,False,0.0,42.3,3.8
2025-10-16,SKU102,Running Shoes,Footwear,Vendor B,West,Online,82.0,80.0,51,14,48.81,90.37,7410.34,False,0.0,30.3,4.2
2025-09-08,SKU103,Yoga Mat,Fitness,Vendor C,East,Online,42.0,121.0,42,8,28.05,51.04,2143.68,False,0.0,22.5,4.0
2025-11-02,SKU109,Gym Bag,Fitness,Vendor C,West,Retail Store,24.0,281.0,45,12,73.66,161.49,3875.76,False,0.0,18.2,3.7
2025-05-31,SKU105,Sunglasses,Accessories,Vendor A,North,Retail Store,33.0,140.0,59,3,85.64,143.16,4724.28,False,0.0,32.9,4.2
2025-11-27,SKU105,Sunglasses,Accessories,Vendor A,North,Online,31.0,80.0,59,3,85.64,143.16,4437.96,False,0.0,23.8,4.4
2025-06-01,SKU111,Water Bottle,Fitness,Vendor A,North,Online,40.0,153.0,79,12,24.6,52.01,2080.4,False,0.0,21.3,4.9
2025-04-11,SKU112,Hoodie,Apparel,Vendor B,South,Online,65.0,293.0,73,11,65.48,148.54,9655.1,False,0.0,33.0,4.6
2025-12-14,SKU107,Baseball Cap,Accessories,Vendor A,South,Online,114.0,182.0,74,13,46.67,72.31,8243.34,False,0.0,29.0,3.9
2025-06-17,SKU109,Gym Bag,Fitness,Vendor C,West,Online,9.0,116.0,45,12,73.66,161.49,1453.41,False,0.0,29.4,4.2
2025-06-19,SKU109,Gym Bag,Fitness,Vendor C,West,Retail Store,10.0,98.0,45,12,73.66,161.49,1614.9,False,0.0,36.4,4.5
2025-02-12,SKU110,Smart Watch,Electronics,Vendor D,North,Retail Store,46.0,138.0,88,6,77.96,163.29,7511.34,False,0.0,41.0,3.2
2025-01-28,SKU111,Water Bottle,Fitness,Vendor A,North,Online,10.0,332.0,79,12,24.6,52.01,520.1,False,0.0,27.3,4.2
2025-03-29,SKU109,Gym Bag,Fitness,Vendor C,West,Online,18.0,267.0,45,12,73.66,161.49,2906.82,False,0.0,27.5,3.9
2025-05-16,SKU101,Cotton T-Shirt,Apparel,Vendor A,North,Online,16.0,243.0,74,6,33.5,57.73,923.68,False,0.0,28.4,5.0
2025-05-20,SKU110,Smart Watch,Electronics,Vendor D,North,Retail Store,99.0,120.0,88,6,77.96,163.29,16165.71,True,26.0,30.4,4.1
2025-04-16,SKU107,Baseball Cap,Accessories,Vendor A,South,Online,64.0,210.0,74,13,46.67,72.31,4627.84,False,0.0,28.0,3.9
2025-12-23,SKU105,Sunglasses,Accessories,Vendor A,North,Retail Store,54.0,162.0,59,3,85.64,143.16,7730.64,True,38.0,35.1,3.9
2025-02-25,SKU110,Smart Watch,Electronics,Vendor D,North,Online,66.0,159.0,88,6,77.96,163.29,10777.14,False,0.0,25.1,4.5
2025-11-03,SKU105,Sunglasses,Accessories,Vendor A,North,Online,33.0,224.0,59,3,85.64,143.16,4724.28,False,0.0,27.6,4.3
2025-03-16,SKU102,Running Shoes,Footwear,Vendor B,West,Retail Store,64.0,177.0,51,14,48.81,90.37,5783.68,False,0.0,15.7,3.5
2025-01-13,SKU105,Sunglasses,Accessories,Vendor A,North,Wholesale,10.0,195.0,59,3,85.64,143.16,1431.6,False,0.0,24.1,3.6
2025-01-06,SKU106,Denim Jeans,Apparel,Vendor C,South,Online,52.0,220.0,87,9,71.61,120.54,6268.08,False,0.0,26.6,3.8
2025-05-31,SKU104,Protein Powder,Health,Vendor B,East,Retail Store,35.0,157.0,70,9,49.68,111.64,3907.4,False,0.0,20.3,4.3
2025-01-07,SKU104,Protein Powder,Health,Vendor B,East,Online,17.0,184.0,70,9,49.68,111.64,1897.88,False,0.0,16.3,4.3
2025-07-23,SKU103,Yoga Mat,Fitness,Vendor C,East,Online,43.0,73.0,42,8,28.05,51.04,2194.72,False,0.0,23.3,3.7
2025-08-30,SKU104,Protein Powder,Health,Vendor B,East,Online,35.0,149.0,70,9,49.68,111.64,3907.4,False,0.0,30.1,3.2
2025-04-01,SKU101,Cotton T-Shirt,Apparel,Vendor A,North,Retail Store,33.0,124.0,74,6,33.5,57.73,1905.09,True,24.0,24.9,4.4
2025-09-07,SKU111,Water Bottle,Fitness,Vendor A,North,Online,31.0,194.0,79,12,24.6,52.01,1612.31,False,0.0,24.3,4.3
2025-10-17,SKU112,Hoodie,Apparel,Vendor B,South,Retail Store,51.0,182.0,73,11,65.48,148.54,7575.54,False,0.0,12.2,4.3
2025-10-31,SKU112,Hoodie,Apparel,Vendor B,South,Online,26.0,342.0,73,11,65.48,148.54,3862.04,False,0.0,27.3,4.5
2025-11-28,SKU104,Protein Powder,Health,Vendor B,East,Online,29.0,197.0,70,9,49.68,111.64,3237.56,False,0.0,25.4,4.5
2025-06-08,SKU105,Sunglasses,Accessories,Vendor A,North,Online,33.0,187.0,59,3,85.64,143.16,4724.28,False,0.0,32.2,4.3
2025-05-04,SKU108,Sports Socks,Apparel,Vendor B,East,Online,90.0,79.0,64,3,56.21,111.36,10022.4,False,0.0,14.3,4.1
2025-02-03,SKU101,Cotton T-Shirt,Apparel,Vendor A,North,Online,12.0,292.0,74,6,33.5,57.73,692.76,False,0.0,20.2,3.9
2025-08-22,SKU103,Yoga Mat,Fitness,Vendor C,East,Online,46.0,239.0,42,8,28.05,51.04,2347.84,False,0.0,34.8,4.6
2025-03-08,SKU102,Running Shoes,Footwear,Vendor B,West,Wholesale,69.0,183.0,51,14,48.81,90.37,6235.53,False,0.0,21.0,4.7
2025-03-26,SKU102,Running Shoes,Footwear,Vendor B,West,Online,49.0,201.0,51,14,48.81,90.37,4428.13,False,0.0,33.2,4.8
2025-02-01,SKU106,Denim Jeans,Apparel,Vendor C,South,Online,46.0,229.0,87,9,71.61,120.54,5544.84,False,0.0,46.6,4.8
2025-11-13,SKU109,Gym Bag,Fitness,Vendor C,West,Online,16.0,69.0,45,12,73.66,161.49,2583.84,False,0.0,21.5,4.0
2025-06-28,SKU102,Running Shoes,Footwear,Vendor B,West,Retail Store,66.0,229.0,51,14,48.81,90.37,5964.42,False,0.0,31.8,4.7
2025-02-15,SKU108,Sports Socks,Apparel,Vendor B,East,Online,60.0,202.0,64,3,56.21,111.36,6681.6,False,0.0,12.2,4.1
2025-01-19,SKU107,Baseball Cap,Accessories,Vendor A,South,Online,39.0,278.0,74,13,46.67,72.31,2820.09,False,0.0,20.8,4.0
2025-10-13,SKU102,Running Shoes,Footwear,Vendor B,West,Retail Store,46.0,107.0,51,14,48.81,90.37,4157.02,False,0.0,33.2,4.4
2025-03-17,SKU106,Denim Jeans,Apparel,Vendor C,South,Online,52.0,178.0,87,9,71.61,120.54,6268.08,False,0.0,26.6,3.5
2025-11-19,SKU102,Running Shoes,Footwear,Vendor B,West,Online,81.0,81.0,51,14,48.81,90.37,7319.97,False,0.0,24.0,4.0
2025-03-14,SKU104,Protein Powder,Health,Vendor B,East,Retail Store,20.0,305.0,70,9,49.68,111.64,2232.8,False,0.0,10.6,3.7
2025-08-07,SKU103,Yoga Mat,Fitness,Vendor C,East,Online,41.0,126.0,42,8,28.05,51.04,2092.64,False,0.0,33.7,3.5
2025-03-08,SKU108,Sports Socks,Apparel,Vendor B,East,Online,69.0,97.0,64,3,56.21,111.36,7683.84,False,0.0,23.6,4.8
2025-03-17,SKU109,Gym Bag,Fitness,Vendor C,West,Retail Store,12.0,54.0,45,12,73.66,161.49,1937.88,False,0.0,24.5,3.9
2025-09-10,SKU107,Baseball Cap,Accessories,Vendor A,South,Retail Store,47.0,134.0,74,13,46.67,72.31,3398.57,False,0.0,18.5,4.3
2025-01-12,SKU104,Protein Powder,Health,Vendor B,East,Online,11.0,107.0,70,9,49.68,111.64,1228.04,False,0.0,22.3,3.9
2025-12-18,SKU103,Yoga Mat,Fitness,Vendor C,East,Retail Store,71.0,65.0,42,8,28.05,51.04,3623.84,False,0.0,25.7,3.9
2025-02-14,SKU104,Protein Powder,Health,Vendor B,East,Online,16.0,130.0,70,9,49.68,111.64,1786.24,False,0.0,25.1,4.6
2025-02-01,SKU102,Running Shoes,Footwear,Vendor B,West,Online,65.0,190.0,51,14,48.81,90.37,5874.05,False,0.0,28.7,4.3
2025-02-11,SKU110,Smart Watch,Electronics,Vendor D,North,Wholesale,48.0,184.0,88,6,77.96,163.29,7837.92,False,0.0,17.1,4.6
2025-01-10,SKU108,Sports Socks,Apparel,Vendor B,East,Online,61.0,173.0,64,3,56.21,111.36,6792.96,False,0.0,23.9,4.2
2025-11-24,SKU111,Water Bottle,Fitness,Vendor A,North,Online,41.0,100.0,79,12,24.6,52.01,2132.41,False,0.0,23.9,4.6
2025-09-05,SKU106,Denim Jeans,Apparel,Vendor C,South,Retail Store,61.0,93.0,87,9,71.61,120.54,7352.94,False,0.0,19.5,4.4
2025-08-16,SKU102,Running Shoes,Footwear,Vendor B,West,Online,88.0,173.0,51,14,48.81,90.37,7952.56,False,0.0,20.8,5.0
2025-01-13,SKU104,Protein Powder,Health,Vendor B,East,Retail Store,19.0,88.0,70,9,49.68,111.64,2121.16,False,0.0,27.8,3.3
2025-10-23,SKU108,Sports Socks,Apparel,Vendor B,East,Retail Store,41.0,240.0,64,3,56.21,111.36,4565.76,False,0.0,17.9,3.8
2025-01-31,SKU108,Sports Socks,Apparel,Vendor B,East,Online,44.0,106.0,64,3,56.21,111.36,4899.84,False,0.0,13.7,4.9
2025-04-19,SKU103,Yoga Mat,Fitness,Vendor C,East,Online,49.0,100.0,42,8,28.05,51.04,2500.96,False,0.0,26.9,4.0
2025-12-08,SKU111,Water Bottle,Fitness,Vendor A,North,Wholesale,33.0,152.0,79,12,24.6,52.01,1716.33,False,0.0,29.0,4.3
2025-02-10,SKU111,Water Bottle,Fitness,Vendor A,North,Online,9.0,98.0,79,12,24.6,52.01,468.09,False,0.0,24.5,4.4
2025-03-22,SKU103,Yoga Mat,Fitness,Vendor C,East,Retail Store,69.0,224.0,42,8,28.05,51.04,3521.76,False,0.0,35.0,4.9
2025-12-27,SKU102,Running Shoes,Footwear,Vendor B,West,Retail Store,,91.0,51,14,48.81,90.37,9850.33,False,0.0,8.0,4.7
2025-12-25,SKU111,Water Bottle,Fitness,Vendor A,North,Retail Store,52.0,287.0,79,12,24.6,52.01,2704.52,True,14.0,38.1,3.6
2025-06-26,SKU105,Sunglasses,Accessories,Vendor A,North,Retail Store,23.0,154.0,59,3,85.64,143.16,3292.68,False,0.0,27.2,4.2
2025-10-13,SKU108,Sports Socks,Apparel,Vendor B,East,Wholesale,55.0,221.0,64,3,56.21,111.36,6124.8,False,0.0,23.1,4.1
2025-09-09,SKU104,Protein Powder,Health,Vendor B,East,Online,27.0,125.0,70,9,49.68,111.64,3014.28,False,0.0,26.0,3.9
2025-12-21,SKU112,Hoodie,Apparel,Vendor B,South,Retail Store,87.0,119.0,73,11,65.48,148.54,12922.98,False,0.0,31.8,4.6
2025-04-16,SKU104,Protein Powder,Health,Vendor B,East,Online,13.0,268.0,70,9,49.68,111.64,1451.32,False,0.0,6.6,3.8
2025-03-23,SKU105,Sunglasses,Accessories,Vendor A,North,Online,31.0,231.0,59,3,85.64,143.16,4437.96,False,0.0,26.2,4.7
2025-09-24,SKU104,Protein Powder,Health,Vendor B,East,Online,21.0,181.0,70,9,49.68,111.64,2344.44,False,0.0,19.8,5.0
2025-02-12,SKU111,Water Bottle,Fitness,Vendor A,North,Online,20.0,305.0,79,12,24.6,52.01,1040.2,False,0.0,23.7,4.1
2025-03-08,SKU104,Protein Powder,Health,Vendor B,East,Wholesale,26.0,161.0,70,9,49.68,111.64,2902.64,False,0.0,31.5,4.8
2025-04-11,SKU104,Protein Powder,Health,Vendor B,East,Online,21.0,153.0,70,9,49.68,111.64,2344.44,False,0.0,26.1,4.9
2025-02-01,SKU110,Smart Watch,Electronics,Vendor D,North,Online,78.0,180.0,88,6,77.96,163.29,12736.62,False,0.0,26.9,3.6
2025-03-31,SKU102,Running Shoes,Footwear,Vendor B,West,Wholesale,53.0,171.0,51,14,48.81,90.37,4789.61,False,0.0,24.9,4.0
2025-04-22,SKU106,Denim Jeans,Apparel,Vendor C,South,Online,77.0,180.0,87,9,71.61,120.54,9281.58,False,0.0,14.5,4.2
2025-01-25,SKU112,Hoodie,Apparel,Vendor B,South,Online,41.0,191.0,73,11,65.48,148.54,6090.14,False,0.0,18.2,3.9
2025-01-18,SKU104,Protein Powder,Health,Vendor B,East,Online,24.0,150.0,70,9,49.68,111.64,2679.36,False,0.0,32.7,3.5
2025-03-07,SKU109,Gym Bag,Fitness,Vendor C,West,Retail Store,12.0,192.0,45,12,73.66,161.49,1937.88,False,0.0,27.1,4.2
2025-11-20,SKU108,Sports Socks,Apparel,Vendor B,East,Wholesale,76.0,140.0,64,3,56.21,111.36,8463.36,False,0.0,31.7,4.8
2025-07-15,SKU104,Protein Powder,Health,Vendor B,East,Online,26.0,254.0,70,9,49.68,111.64,2902.64,False,0.0,20.2,4.2
2025-10-24,SKU102,Running Shoes,Footwear,Vendor B,West,Online,68.0,192.0,51,14,48.81,90.37,6145.16,False,0.0,34.4,4.0
2025-10-26,SKU101,Cotton T-Shirt,Apparel,Vendor A,North,Retail Store,21.0,214.0,74,6,33.5,57.73,1212.33,False,0.0,19.1,4.2
2025-10-22,SKU103,Yoga Mat,Fitness,Vendor C,East,Online,65.0,288.0,42,8,28.05,51.04,3317.6,False,0.0,25.7,4.9
2025-03-04,SKU112,Hoodie,Apparel,Vendor B,South,Retail Store,65.0,197.0,73,11,65.48,148.54,9655.1,False,0.0,23.5,3.6
2025-03-01,SKU109,Gym Bag,Fitness,Vendor C,West,Online,19.0,95.0,45,12,73.66,161.49,3068.31,False,0.0,19.6,3.8
2025-03-12,SKU109,Gym Bag,Fitness,Vendor C,West,Online,13.0,125.0,45,12,73.66,161.49,2099.37,False,0.0,27.8,4.0
2025-06-07,SKU111,Water Bottle,Fitness,Vendor A,North,Retail Store,33.0,241.0,79,12,24.6,52.01,1716.33,False,0.0,20.9,3.9
2025-09-13,SKU103,Yoga Mat,Fitness,Vendor C,East,Online,51.0,44.0,42,8,28.05,51.04,2603.04,False,0.0,23.9,4.8
2025-12-24,SKU105,Sunglasses,Accessories,Vendor A,North,Online,33.0,129.0,59,3,85.64,143.16,4724.28,False,0.0,25.6,4.2
2025-11-17,SKU112,Hoodie,Apparel,Vendor B,South,Online,52.0,257.0,73,11,65.48,148.54,7724.08,False,0.0,26.2,4.3
2025-01-05,SKU105,Sunglasses,Accessories,Vendor A,North,Online,16.0,337.0,59,3,85.64,143.16,2290.56,False,0.0,12.4,4.0
2025-07-07,SKU102,Running Shoes,Footwear,Vendor B,West,Online,73.0,143.0,51,14,48.81,90.37,6597.01,False,0.0,34.8,4.4
2025-09-03,SKU104,Protein Powder,Health,Vendor B,East,Retail Store,28.0,274.0,70,9,49.68,111.64,3125.92,False,0.0,24.5,3.8
2025-09-10,SKU104,Protein Powder,Health,Vendor B,East,Online,25.0,100.0,70,9,49.68,111.64,2791.0,False,0.0,28.3,5.0
2025-04-16,SKU106,Denim Jeans,Apparel,Vendor C,South,Online,66.0,345.0,87,9,71.61,120.54,7955.64,False,0.0,23.1,5.0
2025-03-16,SKU111,Water Bottle,Fitness,Vendor A,North,Online,38.0,149.0,79,12,24.6,52.01,1976.38,False,0.0,37.7,4.5
2025-09-12,SKU103,Yoga Mat,Fitness,Vendor C,East,Retail Store,36.0,95.0,42,8,28.05,51.04,1837.44,False,0.0,32.4,3.6
2025-02-15,SKU112,Hoodie,Apparel,Vendor B,South,Retail Store,48.0,,73,11,65.48,148.54,7129.92,False,0.0,18.9,4.5
2025-05-05,SKU102,Running Shoes,Footwear,Vendor B,West,Online,47.0,109.0,51,14,48.81,90.37,4247.39,False,0.0,22.6,3.3
2025-02-26,SKU109,Gym Bag,Fitness,Vendor C,West,Retail Store,9.0,130.0,45,12,73.66,161.49,1453.41,True,24.0,32.7,4.7
2025-10-22,SKU112,Hoodie,Apparel,Vendor B,South,Retail Store,53.0,284.0,73,11,65.48,148.54,7872.62,False,0.0,30.0,3.9
2025-06-05,SKU111,Water Bottle,Fitness,Vendor A,North,Retail Store,23.0,291.0,79,12,24.6,52.01,1196.23,False,0.0,29.2,4.6
2025-10-12,SKU111,Water Bottle,Fitness,Vendor A,North,Online,29.0,101.0,79,12,24.6,52.01,1508.29,False,0.0,19.2,4.0
2025-09-30,SKU105,Sunglasses,Accessories,Vendor A,North,Online,22.0,209.0,59,3,85.64,143.16,3149.52,False,0.0,20.8,4.2
2025-08-17,SKU108,Sports Socks,Apparel,Vendor B,East,Retail Store,65.0,225.0,64,3,56.21,111.36,7238.4,False,0.0,36.8,4.4
2025-02-03,SKU109,Gym Bag,Fitness,Vendor C,West,Online,6.0,162.0,45,12,73.66,161.49,968.94,False,0.0,31.4,3.8
2025-10-19,SKU111,Water Bottle,Fitness,Vendor A,North,Online,29.0,326.0,79,12,24.6,52.01,1508.29,False,0.0,25.5,4.6
2025-06-01,SKU112,Hoodie,Apparel,Vendor B,South,Retail Store,62.0,196.0,73,11,65.48,148.54,9209.48,False,0.0,31.0,3.8
2025-09-28,SKU102,Running Shoes,Footwear,Vendor B,West,Online,70.0,225.0,51,14,48.81,90.37,6325.9,False,0.0,22.1,3.5
2025-03-06,SKU112,Hoodie,Apparel,Vendor B,South,Retail Store,42.0,109.0,73,11,65.48,148.54,6238.68,False,0.0,18.9,4.4
2025-10-09,SKU102,Running Shoes,Footwear,Vendor B,West,Retail Store,52.0,226.0,51,14,48.81,90.37,4699.24,False,0.0,25.4,5.0
2025-04-10,SKU102,Running Shoes,Footwear,Vendor B,West,Online,53.0,150.0,51,14,48.81,90.37,4789.61,False,0.0,17.2,3.9
2025-01-09,SKU101,Cotton T-Shirt,Apparel,Vendor A,North,Retail Store,14.0,244.0,74,6,33.5,57.73,808.22,False,0.0,28.6,3.3
2025-02-25,SKU105,Sunglasses,Accessories,Vendor A,North,Online,20.0,143.0,59,3,85.64,143.16,2863.2,False,0.0,12.5,4.5
2025-12-17,SKU108,Sports Socks,Apparel,Vendor B,East,Online,71.0,138.0,64,3,56.21,111.36,7906.56,False,0.0,25.7,4.8
2025-03-31,SKU107,Baseball Cap,Accessories,Vendor A,South,Retail Store,45.0,251.0,74,13,46.67,72.31,3253.95,False,0.0,18.5,3.6
2025-02-28,SKU102,Running Shoes,Footwear,Vendor B,West,Retail Store,48.0,54.0,51,14,48.81,90.37,4337.76,False,0.0,28.8,4.6
2025-04-03,SKU102,Running Shoes,Footwear,Vendor B,West,Online,74.0,86.0,51,14,48.81,90.37,6687.38,False,0.0,42.1,4.0
2025-04-08,SKU108,Sports Socks,Apparel,Vendor B,East,Wholesale,49.0,71.0,64,3,56.21,111.36,5456.64,False,0.0,18.8,4.9
2025-01-19,SKU102,Running Shoes,Footwear,Vendor B,West,Online,36.0,148.0,51,14,48.81,90.37,3253.32,False,0.0,19.3,4.4
2025-06-20,SKU111,Water Bottle,Fitness,Vendor A,North,Online,19.0,149.0,79,12,24.6,52.01,988.19,False,0.0,23.5,4.2
2025-04-25,SKU105,Sunglasses,Accessories,Vendor A,North,Retail Store,25.0,129.0,59,3,85.64,143.16,3579.0,False,0.0,42.6,5.0
2025-11-26,SKU112,Hoodie,Apparel,Vendor B,South,Retail Store,72.0,271.0,73,11,65.48,148.54,10694.88,False,0.0,25.9,4.3
2025-12-16,SKU104,Protein Powder,Health,Vendor B,East,Retail Store,33.0,237.0,70,9,49.68,111.64,3684.12,False,0.0,20.6,3.9
2025-01-28,SKU112,Hoodie,Apparel,Vendor B,South,Online,28.0,103.0,73,11,65.48,148.54,4159.12,False,0.0,43.2,3.8
2025-04-04,SKU109,Gym Bag,Fitness,Vendor C,West,Retail Store,10.0,188.0,45,12,73.66,161.49,1614.9,False,0.0,25.4,3.0
2025-11-09,SKU110,Smart Watch,Electronics,Vendor D,North,Online,166.0,253.0,88,6,77.96,163.29,27106.14,False,0.0,20.1,4.8
2025-11-21,SKU101,Cotton T-Shirt,Apparel,Vendor A,North,Online,28.0,176.0,74,6,33.5,57.73,1616.44,False,0.0,19.3,4.1
2025-04-11,SKU107,Baseball Cap,Accessories,Vendor A,South,Online,59.0,178.0,74,13,46.67,72.31,4266.29,False,0.0,15.4,3.5
2025-01-12,SKU106,Denim Jeans,Apparel,Vendor C,South,Retail Store,80.0,189.0,87,9,71.61,120.54,9643.2,False,0.0,33.5,4.1
2025-06-08,SKU102,Running Shoes,Footwear,Vendor B,West,Online,65.0,60.0,51,14,48.81,90.37,5874.05,False,0.0,39.9,5.0
2025-08-01,SKU105,Sunglasses,Accessories,Vendor A,North,Online,21.0,285.0,59,3,85.64,143.16,3006.36,False,0.0,28.9,4.4
2025-12-30,SKU106,Denim Jeans,Apparel,Vendor C,South,Online,99.0,124.0,87,9,71.61,120.54,11933.46,False,0.0,16.3,3.4
2025-05-25,SKU102,Running Shoes,Footwear,Vendor B,West,Retail Store,66.0,123.0,51,14,48.81,90.37,5964.42,False,0.0,17.3,4.1
2025-10-31,SKU106,Denim Jeans,Apparel,Vendor C,South,Wholesale,66.0,229.0,87,9,71.61,120.54,7955.64,False,0.0,39.1,4.5
2025-05-18,SKU109,Gym Bag,Fitness,Vendor C,West,Online,17.0,290.0,45,12,73.66,161.49,2745.33,False,0.0,26.1,4.7
2025-05-06,SKU103,Yoga Mat,Fitness,Vendor C,East,Retail Store,59.0,147.0,42,8,28.05,51.04,3011.36,False,0.0,36.0,4.4
2025-12-08,SKU109,Gym Bag,Fitness,Vendor C,West,Wholesale,19.0,109.0,45,12,73.66,161.49,3068.31,False,0.0,36.6,3.6
2025-04-12,SKU111,Water Bottle,Fitness,Vendor A,North,Online,49.0,315.0,79,12,24.6,52.01,2548.49,True,35.0,22.8,4.6
2025-07-18,SKU105,Sunglasses,Accessories,Vendor A,North,Retail Store,22.0,228.0,59,3,85.64,143.16,3149.52,False,0.0,20.8,3.6
2025-07-05,SKU111,Water Bottle,Fitness,Vendor A,North,Retail Store,41.0,177.0,79,12,24.6,52.01,2132.41,False,0.0,43.3,4.0
2025-12-09,SKU105,Sunglasses,Accessories,Vendor A,North,Online,37.0,207.0,59,3,85.64,143.16,5296.92,False,0.0,26.4,4.0
2025-11-01,SKU110,Smart Watch,Electronics,Vendor D,North,Online,216.0,134.0,88,6,77.96,163.29,35270.64,True,34.0,25.7,4.3
2025-02-18,SKU103,Yoga Mat,Fitness,Vendor C,East,Online,45.0,269.0,42,8,28.05,51.04,2296.8,False,0.0,16.6,4.0
2025-09-24,SKU111,Water Bottle,Fitness,Vendor A,North,Online,21.0,184.0,79,12,24.6,52.01,1092.21,False,0.0,33.8,4.5
2025-10-14,SKU105,Sunglasses,Accessories,Vendor A,North,Retail Store,25.0,137.0,59,3,85.64,143.16,3579.0,False,0.0,13.8,4.6
2025-07-02,SKU104,Protein Powder,Health,Vendor B,East,Online,24.0,77.0,70,9,49.68,111.64,2679.36,False,0.0,27.7,3.6
2025-01-03,SKU104,Protein Powder,Health,Vendor B,East,Online,19.0,267.0,70,9,49.68,111.64,2121.16,False,0.0,22.0,5.0
2025-01-12,SKU101,Cotton T-Shirt,Apparel,Vendor A,North,Retail Store,22.0,189.0,74,6,33.5,57.73,1270.06,False,0.0,38.5,4.1
2025-09-14,SKU103,Yoga Mat,Fitness,Vendor C,East,Online,56.0,168.0,42,8,28.05,51.04,2858.24,False,0.0,21.4,4.6
2025-01-25,SKU101,Cotton T-Shirt,Apparel,Vendor A,North,Online,18.0,185.0,74,6,33.5,57.73,1039.14,False,0.0,28.6,4.2
2025-12-27,SKU103,Yoga Mat,Fitness,Vendor C,East,Wholesale,106.0,147.0,42,8,28.05,51.04,5410.24,False,0.0,21.3,4.3
2025-11-08,SKU102,Running Shoes,Footwear,Vendor B,West,Online,131.0,266.0,51,14,48.81,90.37,11838.47,False,0.0,27.1,4.9
2025-02-24,SKU106,Denim Jeans,Apparel,Vendor C,South,Online,62.0,94.0,87,9,71.61,120.54,7473.48,False,0.0,28.1,4.2
2025-04-22,SKU101,Cotton T-Shirt,Apparel,Vendor A,North,Online,13.0,270.0,74,6,33.5,57.73,750.49,False,0.0,29.0,4.3
2025-05-25,SKU112,Hoodie,Apparel,Vendor B,South,Online,56.0,212.0,73,11,65.48,148.54,8318.24,False,0.0,7.4,3.7
2025-02-27,SKU111,Water Bottle,Fitness,Vendor A,North,Online,10.0,250.0,79,12,24.6,52.01,520.1,False,0.0,29.8,4.1
2025-10-10,SKU109,Gym Bag,Fitness,Vendor C,West,Online,12.0,72.0,45,12,73.66,161.49,1937.88,False,0.0,25.1,4.5
2025-02-13,SKU103,Yoga Mat,Fitness,Vendor C,East,Online,56.0,189.0,42,8,28.05,51.04,2858.24,True,32.0,9.2,3.9
2025-06-23,SKU101,Cotton T-Shirt,Apparel,Vendor A,North,Wholesale,13.0,113.0,74,6,33.5,57.73,750.49,False,0.0,13.4,4.0
2025-05-25,SKU107,Baseball Cap,Accessories,Vendor A,South,Online,91.0,259.0,74,13,46.67,72.31,6580.21,False,0.0,21.2,4.8
2025-07-21,SKU112,Hoodie,Apparel,Vendor B,South,Online,53.0,150.0,73,11,65.48,148.54,7872.62,False,0.0,25.6,4.2
2025-04-12,SKU109,Gym Bag,Fitness,Vendor C,West,Online,16.0,81.0,45,12,73.66,161.49,2583.84,False,0.0,28.1,4.4
2025-09-27,SKU109,Gym Bag,Fitness,Vendor C,West,Online,12.0,249.0,45,12,73.66,161.49,1937.88,False,0.0,37.7,4.3
2025-11-27,SKU104,Protein Powder,Health,Vendor B,East,Online,29.0,226.0,70,9,49.68,111.64,3237.56,False,0.0,25.4,5.0
2025-08-31,SKU101,Cotton T-Shirt,Apparel,Vendor A,North,Online,30.0,143.0,74,6,33.5,57.73,1731.9,False,0.0,27.4,3.7
2025-10-17,SKU107,Baseball Cap,Accessories,Vendor A,South,Wholesale,51.0,169.0,74,13,46.67,72.31,3687.81,False,0.0,30.5,4.8
2025-01-04,SKU112,Hoodie,Apparel,Vendor B,South,Online,49.0,77.0,73,11,65.48,148.54,7278.46,False,0.0,21.6,3.6
2025-07-26,SKU112,Hoodie,Apparel,Vendor B,South,Wholesale,69.0,173.0,73,11,65.48,148.54,10249.26,False,0.0,24.5,4.1
2025-04-02,SKU110,Smart Watch,Electronics,Vendor D,North,Online,51.0,107.0,88,6,77.96,163.29,8327.79,False,0.0,-0.3,3.8
2025-01-20,SKU105,Sunglasses,Accessories,Vendor A,North,Retail Store,20.0,81.0,59,3,85.64,143.16,2863.2,False,0.0,22.4,4.3
2025-10-07,SKU106,Denim Jeans,Apparel,Vendor C,South,Online,97.0,163.0,87,9,71.61,120.54,11692.38,False,0.0,30.3,
2025-11-13,SKU107,Baseball Cap,Accessories,Vendor A,South,Wholesale,93.0,136.0,74,13,46.67,72.31,6724.83,False,0.0,15.7,3.8
2025-12-02,SKU112,Hoodie,Apparel,Vendor B,South,Wholesale,58.0,150.0,73,11,65.48,148.54,8615.32,False,0.0,22.6,4.0
2025-09-04,SKU103,Yoga Mat,Fitness,Vendor C,East,Online,42.0,142.0,42,8,28.05,51.04,2143.68,False,0.0,19.2,3.5
2025-03-15,SKU109,Gym Bag,Fitness,Vendor C,West,Online,13.0,84.0,45,12,73.66,161.49,2099.37,False,0.0,31.3,3.7
2025-02-21,SKU105,Sunglasses,Accessories,Vendor A,North,Retail Store,11.0,61.0,59,3,85.64,143.16,1574.76,False,0.0,21.5,4.3
2025-01-26,SKU111,Water Bottle,Fitness,Vendor A,North,Online,20.0,91.0,79,12,24.6,52.01,1040.2,False,0.0,12.4,4.0
2025-08-17,SKU101,Cotton T-Shirt,Apparel,Vendor A,North,Online,32.0,137.0,74,6,33.5,57.73,1847.36,False,0.0,30.2,4.3
2025-01-21,SKU106,Denim Jeans,Apparel,Vendor C,South,Online,46.0,94.0,87,9,71.61,120.54,5544.84,False,0.0,22.7,3.8
2025-06-06,SKU105,Sunglasses,Accessories,Vendor A,North,Wholesale,26.0,243.0,59,3,85.64,143.16,3722.16,False,0.0,20.8,4.0
2025-01-31,SKU110,Smart Watch,Electronics,Vendor D,North,Retail Store,64.0,258.0,88,6,77.96,163.29,10450.56,False,0.0,15.0,4.3
2025-06-09,SKU102,Running Shoes,Footwear,Vendor B,West,Online,56.0,136.0,51,14,48.81,90.37,5060.72,False,0.0,13.0,4.3
2025-08-10,SKU107,Baseball Cap,Accessories,Vendor A,South,Online,89.0,144.0,74,13,46.67,72.31,6435.59,True,26.0,29.3,4.8
2025-12-14,SKU103,Yoga Mat,Fitness,Vendor C,East,Wholesale,90.0,50.0,42,8,28.05,51.04,4593.6,False,0.0,35.4,4.6
2025-12-20,SKU109,Gym Bag,Fitness,Vendor C,West,Online,25.0,94.0,45,12,73.66,161.49,4037.25,False,0.0,20.9,4.4
2025-11-21,SKU106,Denim Jeans,Apparel,Vendor C,South,Online,101.0,234.0,87,9,71.61,120.54,12174.54,False,0.0,11.4,4.5
2025-04-22,SKU104,Protein Powder,Health,Vendor B,East,Online,14.0,130.0,70,9,49.68,111.64,1562.96,False,0.0,17.3,4.1
2025-04-05,SKU108,Sports Socks,Apparel,Vendor B,East,Retail Store,74.0,222.0,64,3,56.21,111.36,8240.64,False,0.0,22.0,4.1
2025-02-10,SKU112,Hoodie,Apparel,Vendor B,South,Retail Store,26.0,235.0,73,11,65.48,148.54,3862.04,False,0.0,11.3,3.9
2025-01-01,SKU110,Smart Watch,Electronics,Vendor D,North,Online,54.0,313.0,88,6,77.96,163.29,8817.66,True,14.0,33.9,3.8
2025-01-19,SKU104,Protein Powder,Health,Vendor B,East,Retail Store,23.0,127.0,70,9,49.68,111.64,2567.72,False,0.0,36.1,4.1
2025-07-06,SKU107,Baseball Cap,Accessories,Vendor A,South,Online,69.0,184.0,74,13,46.67,72.31,4989.39,False,0.0,7.6,4.4
2025-01-02,SKU112,Hoodie,Apparel,Vendor B,South,Online,28.0,153.0,73,11,65.48,148.54,4159.12,False,0.0,28.4,4.4
2025-10-12,SKU107,Baseball Cap,Accessories,Vendor A,South,Retail Store,79.0,207.0,74,13,46.67,72.31,5712.49,False,0.0,25.5,3.6
2025-04-06,SKU108,Sports Socks,Apparel,Vendor B,East,Retail Store,67.0,155.0,64,3,56.21,111.36,7461.12,False,0.0,24.4,4.2
2025-11-04,SKU104,Protein Powder,Health,Vendor B,East,Wholesale,33.0,213.0,70,9,49.68,111.64,3684.12,False,0.0,31.6,4.7
2025-12-16,SKU106,Denim Jeans,Apparel,Vendor C,South,Online,103.0,183.0,87,9,71.61,120.54,12415.62,False,0.0,19.8,4.1
2025-04-04,SKU101,Cotton T-Shirt,Apparel,Vendor A,North,Online,21.0,252.0,74,6,33.5,57.73,1212.33,False,0.0,18.0,3.7
2025-06-19,SKU102,Running Shoes,Footwear,Vendor B,West,Online,69.0,179.0,51,14,48.81,90.37,6235.53,False,0.0,32.8,3.6
2025-02-07,SKU110,Smart Watch,Electronics,Vendor D,North,Online,44.0,146.0,88,6,77.96,163.29,7184.76,False,0.0,18.9,3.7
2025-04-28,SKU110,Smart Watch,Electronics,Vendor D,North,Online,62.0,193.0,88,6,77.96,163.29,10123.98,False,0.0,30.0,3.8
2025-11-15,SKU107,Baseball Cap,Accessories,Vendor A,South,Retail Store,102.0,211.0,74,13,46.67,72.31,7375.62,False,0.0,30.5,4.8
2025-07-06,SKU102,Running Shoes,Footwear,Vendor B,West,Online,65.0,216.0,51,14,48.81,90.37,5874.05,False,0.0,26.7,4.1
2025-05-11,SKU106,Denim Jeans,Apparel,Vendor C,South,Online,95.0,103.0,87,9,71.61,120.54,11451.3,False,0.0,26.3,4.4
2025-01-04,SKU108,Sports Socks,Apparel,Vendor B,East,Online,41.0,239.0,64,3,56.21,111.36,4565.76,False,0.0,30.0,4.6
2025-07-29,SKU104,Protein Powder,Health,Vendor B,East,Online,16.0,205.0,70,9,49.68,111.64,1786.24,False,0.0,20.0,3.8
2025-06-13,SKU101,Cotton T-Shirt,Apparel,Vendor A,North,Online,22.0,200.0,74,6,33.5,57.73,1270.06,False,0.0,33.5,4.1
2025-07-12,SKU102,Running Shoes,Footwear,Vendor B,West,Retail Store,96.0,75.0,51,14,48.81,90.37,8675.52,False,0.0,11.6,3.8
2025-12-25,SKU112,Hoodie,Apparel,Vendor B,South,Online,63.0,157.0,73,11,65.48,148.54,9358.02,False,0.0,22.8,4.0
2025-03-20,SKU106,Denim Jeans,Apparel,Vendor C,South,Online,81.0,124.0,87,9,71.61,120.54,9763.74,True,34.0,29.1,3.3
2025-07-05,SKU110,Smart Watch,Electronics,Vendor D,North,Wholesale,65.0,129.0,88,6,77.96,163.29,10613.85,False,0.0,16.8,3.8
2025-08-15,SKU109,Gym Bag,Fitness,Vendor C,West,Retail Store,14.0,207.0,45,12,73.66,161.49,2260.86,False,0.0,19.6,4.9
2025-11-07,SKU103,Yoga Mat,Fitness,Vendor C,East,Retail Store,74.0,92.0,42,8,28.05,51.04,3776.96,False,0.0,11.3,3.6
2025-01-23,SKU110,Smart Watch,Electronics,Vendor D,North,Retail Store,18.0,128.0,88,6,77.96,163.29,2939.22,False,0.0,20.5,3.7
2025-05-16,SKU112,Hoodie,Apparel,Vendor B,South,Retail Store,,120.0,73,11,65.48,148.54,5050.36,False,0.0,24.7,3.1
2025-07-28,SKU103,Yoga Mat,Fitness,Vendor C,East,Online,62.0,202.0,42,8,28.05,51.04,3164.48,False,0.0,25.6,4.7
2025-10-28,SKU110,Smart Watch,Electronics,Vendor D,North,Online,76.0,160.0,88,6,77.96,163.29,12410.04,False,0.0,22.8,3.4
2025-10-15,SKU108,Sports Socks,Apparel,Vendor B,East,Online,118.0,,64,3,56.21,111.36,13140.48,True,15.0,33.2,4.8
2025-10-27,SKU110,Smart Watch,Electronics,Vendor D,North,Online,61.0,236.0,88,6,77.96,163.29,9960.69,False,0.0,16.8,4.9
2025-07-25,SKU109,Gym Bag,Fitness,Vendor C,West,Wholesale,11.0,277.0,45,12,73.66,161.49,1776.39,False,0.0,20.4,4.0
2025-01-19,SKU105,Sunglasses,Accessories,Vendor A,North,Online,20.0,101.0,59,3,85.64,143.16,2863.2,False,0.0,23.1,3.8
2025-07-14,SKU107,Baseball Cap,Accessories,Vendor A,South,Online,65.0,218.0,74,13,46.67,72.31,4700.15,False,0.0,21.4,4.2
2025-05-29,SKU107,Baseball Cap,Accessories,Vendor A,South,Retail Store,57.0,159.0,74,13,46.67,72.31,4121.67,False,0.0,25.8,3.9
2025-01-18,SKU109,Gym Bag,Fitness,Vendor C,West,Retail Store,19.0,296.0,45,12,73.66,161.49,3068.31,False,0.0,26.3,4.1
2025-06-02,SKU107,Baseball Cap,Accessories,Vendor A,South,Wholesale,54.0,113.0,74,13,46.67,72.31,3904.74,False,0.0,21.7,3.9
2025-11-06,SKU101,Cotton T-Shirt,Apparel,Vendor A,North,Online,31.0,95.0,74,6,33.5,57.73,1789.63,False,0.0,28.6,3.9
2025-10-26,SKU108,Sports Socks,Apparel,Vendor B,East,Retail Store,69.0,201.0,64,3,56.21,111.36,7683.84,False,0.0,13.3,5.0
2025-08-05,SKU104,Protein Powder,Health,Vendor B,East,Retail Store,28.0,257.0,70,9,49.68,111.64,3125.92,False,0.0,19.3,4.5
2025-03-05,SKU101,Cotton T-Shirt,Apparel,Vendor A,North,Retail Store,13.0,199.0,74,6,33.5,57.73,750.49,False,0.0,24.2,4.6
2025-09-25,SKU110,Smart Watch,Electronics,Vendor D,North,Online,57.0,166.0,88,6,77.96,163.29,9307.53,False,0.0,33.8,3.1
2025-01-07,SKU111,Water Bottle,Fitness,Vendor A,North,Online,35.0,263.0,79,12,24.6,52.01,1820.35,True,16.0,12.6,3.7
2025-05-30,SKU111,Water Bottle,Fitness,Vendor A,North,Online,21.0,236.0,79,12,24.6,52.01,1092.21,False,0.0,22.2,4.1
2025-06-28,SKU110,Smart Watch,Electronics,Vendor D,North,Online,98.0,280.0,88,6,77.96,163.29,16002.42,False,0.0,13.8,3.8
2025-08-29,SKU112,Hoodie,Apparel,Vendor B,South,Online,48.0,188.0,73,11,65.48,148.54,7129.92,False,0.0,23.4,4.0
2025-02-26,SKU104,Protein Powder,Health,Vendor B,East,Online,16.0,72.0,70,9,49.68,111.64,1786.24,False,0.0,29.4,4.2
2025-09-19,SKU106,Denim Jeans,Apparel,Vendor C,South,Online,92.0,171.0,87,9,71.61,120.54,11089.68,True,19.0,24.0,5.0
2025-12-16,SKU101,Cotton T-Shirt,Apparel,Vendor A,North,Retail Store,27.0,91.0,74,6,33.5,57.73,1558.71,False,0.0,10.4,2.9
2025-09-16,SKU108,Sports Socks,Apparel,Vendor B,East,Retail Store,44.0,222.0,64,3,56.21,111.36,4899.84,False,0.0,12.3,3.4
2025-03-13,SKU110,Smart Watch,Electronics,Vendor D,North,Online,59.0,206.0,88,6,77.96,163.29,9634.11,False,0.0,19.3,4.6
2025-03-03,SKU110,Smart Watch,Electronics,Vendor D,North,Online,57.0,283.0,88,6,77.96,163.29,9307.53,False,0.0,24.8,2.9
2025-03-17,SKU107,Baseball Cap,Accessories,Vendor A,South,Wholesale,54.0,235.0,74,13,46.67,72.31,3904.74,False,0.0,28.1,4.7
2025-10-27,SKU102,Running Shoes,Footwear,Vendor B,West,Online,69.0,156.0,51,14,48.81,90.37,6235.53,False,0.0,27.3,4.6
2025-09-17,SKU109,Gym Bag,Fitness,Vendor C,West,Retail Store,10.0,153.0,45,12,73.66,161.49,1614.9,False,0.0,23.5,4.6
2025-09-20,SKU105,Sunglasses,Accessories,Vendor A,North,Online,38.0,160.0,59,3,85.64,143.16,5440.08,True,24.0,27.8,4.3
2025-06-09,SKU104,Protein Powder,Health,Vendor B,East,Retail Store,23.0,170.0,70,9,49.68,111.64,2567.72,False,0.0,24.9,4.0
2025-07-24,SKU112,Hoodie,Apparel,Vendor B,South,Online,31.0,168.0,73,11,65.48,148.54,4604.74,False,0.0,25.6,3.7
2025-07-11,SKU111,Water Bottle,Fitness,Vendor A,North,Online,18.0,183.0,79,12,24.6,52.01,936.18,False,0.0,28.4,4.3
2025-08-20,SKU112,Hoodie,Apparel,Vendor B,South,Online,36.0,249.0,73,11,65.48,148.54,5347.44,False,0.0,24.5,3.7
2025-02-08,SKU101,Cotton T-Shirt,Apparel,Vendor A,North,Retail Store,17.0,221.0,74,6,33.5,57.73,981.41,False,0.0,19.8,3.0
2025-11-24,SKU109,Gym Bag,Fitness,Vendor C,West,Retail Store,,122.0,45,12,73.66,161.49,2745.33,False,0.0,35.7,4.0
2025-02-28,SKU107,Baseball Cap,Accessories,Vendor A,South,Online,20.0,238.0,74,13,46.67,72.31,1446.2,False,0.0,23.5,4.0
2025-01-23,SKU105,Sunglasses,Accessories,Vendor A,North,Retail Store,12.0,242.0,59,3,85.64,143.16,1717.92,False,0.0,25.3,3.9
2025-10-29,SKU104,Protein Powder,Health,Vendor B,East,Retail Store,29.0,159.0,70,9,49.68,111.64,3237.56,False,0.0,14.3,4.1
2025-10-27,SKU107,Baseball Cap,Accessories,Vendor A,South,Retail Store,49.0,242.0,74,13,46.67,72.31,3543.19,False,0.0,10.3,3.9
2025-10-23,SKU104,Protein Powder,Health,Vendor B,East,Retail Store,25.0,132.0,70,9,49.68,111.64,2791.0,False,0.0,14.6,4.4
2025-12-23,SKU109,Gym Bag,Fitness,Vendor C,West,Retail Store,15.0,170.0,45,12,73.66,161.49,2422.35,False,0.0,23.6,4.8
2025-05-13,SKU106,Denim Jeans,Apparel,Vendor C,South,Online,73.0,104.0,87,9,71.61,120.54,8799.42,False,0.0,20.0,4.4
2025-07-20,SKU106,Denim Jeans,Apparel,Vendor C,South,Online,90.0,109.0,87,9,71.61,120.54,10848.6,False,0.0,27.0,3.4
2025-10-22,SKU107,Baseball Cap,Accessories,Vendor A,South,Online,54.0,216.0,74,13,46.67,72.31,3904.74,False,0.0,28.8,4.5
2025-07-30,SKU101,Cotton T-Shirt,Apparel,Vendor A,North,Online,16.0,222.0,74,6,33.5,57.73,923.68,False,0.0,19.3,4.3
2025-12-27,SKU108,Sports Socks,Apparel,Vendor B,East,Online,104.0,87.0,64,3,56.21,111.36,11581.44,False,0.0,32.8,4.3
2025-05-27,SKU102,Running Shoes,Footwear,Vendor B,West,Online,58.0,193.0,51,14,48.81,90.37,5241.46,False,0.0,37.8,4.5
2025-10-14,SKU112,Hoodie,Apparel,Vendor B,South,Online,83.0,152.0,73,11,65.48,148.54,12328.82,True,12.0,22.2,3.7
2025-01-26,SKU109,Gym Bag,Fitness,Vendor C,West,Online,11.0,211.0,45,12,73.66,161.49,1776.39,False,0.0,26.6,4.1
2025-10-25,SKU104,Protein Powder,Health,Vendor B,East,Wholesale,52.0,272.0,70,9,49.68,111.64,5805.28,True,15.0,15.4,4.5
2025-10-09,SKU104,Protein Powder,Health,Vendor B,East,Retail Store,31.0,133.0,70,9,49.68,111.64,3460.84,False,0.0,22.6,4.3
2025-08-27,SKU108,Sports Socks,Apparel,Vendor B,East,Online,33.0,219.0,64,3,56.21,111.36,3674.88,False,0.0,18.9,4.2
2025-08-30,SKU110,Smart Watch,Electronics,Vendor D,North,Retail Store,77.0,313.0,88,6,77.96,163.29,12573.33,False,0.0,11.9,4.2
2025-06-27,SKU109,Gym Bag,Fitness,Vendor C,West,Online,10.0,235.0,45,12,73.66,161.49,1614.9,False,0.0,22.6,4.4
2025-10-13,SKU110,Smart Watch,Electronics,Vendor D,North,Retail Store,50.0,195.0,88,6,77.96,163.29,8164.5,False,0.0,25.8,3.4
2025-05-12,SKU106,Denim Jeans,Apparel,Vendor C,South,Retail Store,55.0,177.0,87,9,71.61,120.54,6629.7,False,0.0,27.3,3.3
2025-11-15,SKU102,Running Shoes,Footwear,Vendor B,West,Retail Store,111.0,68.0,51,14,48.81,90.37,10031.07,False,0.0,28.7,4.6
2025-10-21,SKU110,Smart Watch,Electronics,Vendor D,North,Online,65.0,113.0,88,6,77.96,163.29,10613.85,False,0.0,26.2,3.2
2025-09-08,SKU110,Smart Watch,Electronics,Vendor D,North,Online,104.0,122.0,88,6,77.96,163.29,16982.16,True,23.0,20.4,4.1
2025-11-24,SKU106,Denim Jeans,Apparel,Vendor C,South,Retail Store,76.0,340.0,87,9,71.61,120.54,9161.04,False,0.0,25.5,4.8
2025-07-16,SKU105,Sunglasses,Accessories,Vendor A,North,Online,19.0,59.0,59,3,85.64,143.16,2720.04,False,0.0,41.7,4.1
2025-06-24,SKU108,Sports Socks,Apparel,Vendor B,East,Online,51.0,174.0,64,3,56.21,111.36,5679.36,False,0.0,36.7,4.3
2025-11-06,SKU102,Running Shoes,Footwear,Vendor B,West,Online,121.0,103.0,51,14,48.81,90.37,10934.77,True,17.0,24.3,4.7
2025-04-16,SKU103,Yoga Mat,Fitness,Vendor C,East,Online,45.0,238.0,42,8,28.05,51.04,2296.8,False,0.0,15.6,4.4
2025-12-06,SKU109,Gym Bag,Fitness,Vendor C,West,Wholesale,23.0,152.0,45,12,73.66,161.49,3714.27,False,0.0,11.4,3.9
2025-01-24,SKU102,Running Shoes,Footwear,Vendor B,West,Online,38.0,173.0,51,14,48.81,90.37,3434.06,False,0.0,30.1,3.5
2025-04-11,SKU102,Running Shoes,Footwear,Vendor B,West,Online,59.0,91.0,51,14,48.81,90.37,5331.83,False,0.0,15.5,3.9
2025-09-11,SKU102,Running Shoes,Footwear,Vendor B,West,Retail Store,53.0,146.0,51,14,48.81,90.37,4789.61,False,0.0,19.7,4.7
2025-05-02,SKU106,Denim Jeans,Apparel,Vendor C,South,Retail Store,,90.0,87,9,71.61,120.54,6991.32,False,0.0,29.5,3.5
2025-03-24,SKU103,Yoga Mat,Fitness,Vendor C,East,Online,60.0,105.0,42,8,28.05,51.04,3062.4,False,0.0,28.0,4.8
2025-05-23,SKU111,Water Bottle,Fitness,Vendor A,North,Retail Store,33.0,276.0,79,12,24.6,52.01,1716.33,False,0.0,21.0,3.6
2025-12-24,SKU102,Running Shoes,Footwear,Vendor B,West,Online,87.0,173.0,51,14,48.81,90.37,7862.19,False,0.0,14.0,4.6
2025-04-03,SKU104,Protein Powder,Health,Vendor B,East,Retail Store,21.0,197.0,70,9,49.68,111.64,2344.44,False,0.0,25.5,4.0
2025-12-13,SKU111,Water Bottle,Fitness,Vendor A,North,Online,62.0,81.0,79,12,24.6,52.01,3224.62,False,0.0,39.2,3.5
2025-07-07,SKU110,Smart Watch,Electronics,Vendor D,North,Online,47.0,183.0,88,6,77.96,163.29,7674.63,False,0.0,23.8,4.3
2025-11-27,SKU106,Denim Jeans,Apparel,Vendor C,South,Retail Store,108.0,284.0,87,9,71.61,120.54,13018.32,False,0.0,28.6,4.7
2025-11-21,SKU110,Smart Watch,Electronics,Vendor D,North,Online,83.0,99.0,88,6,77.96,163.29,13553.07,False,0.0,36.0,4.1
2025-07-23,SKU109,Gym Bag,Fitness,Vendor C,West,Online,11.0,59.0,45,12,73.66,161.49,1776.39,False,0.0,18.9,2.9
2025-10-09,SKU108,Sports Socks,Apparel,Vendor B,East,Retail Store,65.0,123.0,64,3,56.21,111.36,7238.4,False,0.0,23.7,3.8
2025-10-11,SKU107,Baseball Cap,Accessories,Vendor A,South,Online,77.0,134.0,74,13,46.67,72.31,5567.87,False,0.0,42.8,4.7
2025-06-26,SKU101,Cotton T-Shirt,Apparel,Vendor A,North,Retail Store,15.0,253.0,74,6,33.5,57.73,865.95,False,0.0,11.1,4.4
2025-10-07,SKU111,Water Bottle,Fitness,Vendor A,North,Online,21.0,264.0,79,12,24.6,52.01,1092.21,False,0.0,22.4,4.4
2025-06-25,SKU102,Running Shoes,Footwear,Vendor B,West,Retail Store,66.0,199.0,51,14,48.81,90.37,5964.42,False,0.0,25.4,4.4
2025-08-15,SKU110,Smart Watch,Electronics,Vendor D,North,Online,66.0,250.0,88,6,77.96,163.29,10777.14,False,0.0,24.1,3.8
2025-08-09,SKU111,Water Bottle,Fitness,Vendor A,North,Retail Store,42.0,163.0,79,12,24.6,52.01,2184.42,False,0.0,31.6,4.5
2025-08-10,SKU105,Sunglasses,Accessories,Vendor A,North,Online,22.0,72.0,59,3,85.64,143.16,3149.52,False,0.0,21.8,3.2
2025-05-27,SKU110,Smart Watch,Electronics,Vendor D,North,Online,48.0,160.0,88,6,77.96,163.29,7837.92,False,0.0,22.3,4.7
2025-12-04,SKU107,Baseball Cap,Accessories,Vendor A,South,Online,89.0,163.0,74,13,46.67,72.31,6435.59,False,0.0,29.4,4.1
2025-05-06,SKU106,Denim Jeans,Apparel,Vendor C,South,Online,64.0,312.0,87,9,71.61,120.54,7714.56,False,0.0,30.1,4.3
2025-12-09,SKU109,Gym Bag,Fitness,Vendor C,West,Online,17.0,92.0,45,12,73.66,161.49,2745.33,False,0.0,28.9,3.8
2025-07-22,SKU109,Gym Bag,Fitness,Vendor C,West,Online,11.0,70.0,45,12,73.66,161.49,1776.39,False,0.0,23.5,4.8
2025-08-06,SKU112,Hoodie,Apparel,Vendor B,South,Retail Store,47.0,306.0,73,11,65.48,148.54,6981.38,False,0.0,37.0,4.5
2025-06-21,SKU108,Sports Socks,Apparel,Vendor B,East,Retail Store,92.0,112.0,64,3,56.21,111.36,10245.12,False,0.0,27.7,5.0
2025-02-08,SKU105,Sunglasses,Accessories,Vendor A,North,Online,16.0,118.0,59,3,85.64,143.16,2290.56,False,0.0,32.0,3.0
2025-07-07,SKU108,Sports Socks,Apparel,Vendor B,East,Online,,254.0,64,3,56.21,111.36,5456.64,False,0.0,18.3,4.1
2025-01-31,SKU107,Baseball Cap,Accessories,Vendor A,South,Retail Store,76.0,157.0,74,13,46.67,72.31,5495.56,True,11.0,25.2,4.5
2025-06-10,SKU102,Running Shoes,Footwear,Vendor B,West,Retail Store,64.0,72.0,51,14,48.81,90.37,5783.68,False,0.0,22.7,4.7
2025-07-02,SKU108,Sports Socks,Apparel,Vendor B,East,Online,40.0,207.0,64,3,56.21,111.36,4454.4,False,0.0,19.7,4.1
2025-08-23,SKU104,Protein Powder,Health,Vendor B,East,Online,37.0,109.0,70,9,49.68,111.64,4130.68,False,0.0,28.0,3.4
2025-08-27,SKU112,Hoodie,Apparel,Vendor B,South,Retail Store,45.0,137.0,73,11,65.48,148.54,6684.3,False,0.0,25.8,4.1
2025-02-06,SKU106,Denim Jeans,Apparel,Vendor C,South,Online,36.0,253.0,87,9,71.61,120.54,4339.44,False,0.0,29.9,3.9
2025-10-22,SKU108,Sports Socks,Apparel,Vendor B,East,Online,56.0,80.0,64,3,56.21,111.36,6236.16,False,0.0,18.3,4.6
2025-09-13,SKU105,Sunglasses,Accessories,Vendor A,North,Online,35.0,186.0,59,3,85.64,143.16,5010.6,False,0.0,19.0,4.5
2025-10-09,SKU112,Hoodie,Apparel,Vendor B,South,Online,47.0,238.0,73,11,65.48,148.54,6981.38,False,0.0,13.4,5.0
2025-09-02,SKU108,Sports Socks,Apparel,Vendor B,East,Retail Store,48.0,308.0,64,3,56.21,111.36,5345.28,False,0.0,26.5,4.8
2025-07-17,SKU107,Baseball Cap,Accessories,Vendor A,South,Online,43.0,85.0,74,13,46.67,72.31,3109.33,False,0.0,34.8,3.7
2025-08-27,SKU106,Denim Jeans,Apparel,Vendor C,South,Retail Store,75.0,225.0,87,9,71.61,120.54,9040.5,False,0.0,20.0,3.5
2025-03-09,SKU104,Protein Powder,Health,Vendor B,East,Online,24.0,137.0,70,9,49.68,111.64,2679.36,False,0.0,29.7,4.7
2025-01-22,SKU112,Hoodie,Apparel,Vendor B,South,Online,33.0,159.0,73,11,65.48,148.54,4901.82,False,0.0,19.4,4.4
2025-02-27,SKU106,Denim Jeans,Apparel,Vendor C,South,Online,41.0,127.0,87,9,71.61,120.54,4942.14,False,0.0,27.9,4.6
2025-04-06,SKU102,Running Shoes,Footwear,Vendor B,West,Online,59.0,154.0,51,14,48.81,90.37,5331.83,False,0.0,29.3,3.9
2025-11-20,SKU104,Protein Powder,Health,Vendor B,East,Online,37.0,106.0,70,9,49.68,111.64,4130.68,False,0.0,14.2,4.4
2025-12-29,SKU104,Protein Powder,Health,Vendor B,East,Online,34.0,107.0,70,9,49.68,111.64,3795.76,False,0.0,2.7,4.3
2025-06-07,SKU107,Baseball Cap,Accessories,Vendor A,South,Online,81.0,76.0,74,13,46.67,72.31,5857.11,False,0.0,27.2,4.2
2025-12-10,SKU109,Gym Bag,Fitness,Vendor C,West,Online,22.0,70.0,45,12,73.66,161.49,3552.78,False,0.0,23.1,3.5
2025-06-10,SKU107,Baseball Cap,Accessories,Vendor A,South,Online,80.0,130.0,74,13,46.67,72.31,5784.8,True,11.0,29.5,3.5
2025-02-21,SKU102,Running Shoes,Footwear,Vendor B,West,Online,37.0,273.0,51,14,48.81,90.37,3343.69,False,0.0,27.8,4.8
2025-09-02,SKU111,Water Bottle,Fitness,Vendor A,North,Online,29.0,195.0,79,12,24.6,52.01,1508.29,False,0.0,13.1,4.8
2025-07-26,SKU104,Protein Powder,Health,Vendor B,East,Online,29.0,265.0,70,9,49.68,111.64,3237.56,False,0.0,32.7,3.7
2025-04-24,SKU105,Sunglasses,Accessories,Vendor A,North,Online,19.0,154.0,59,3,85.64,143.16,2720.04,False,0.0,21.5,3.6
2025-03-22,SKU111,Water Bottle,Fitness,Vendor A,North,Retail Store,41.0,144.0,79,12,24.6,52.01,2132.41,False,0.0,26.6,3.9
2025-07-23,SKU112,Hoodie,Apparel,Vendor B,South,Online,39.0,199.0,73,11,65.48,148.54,5793.06,False,0.0,18.9,3.9
2025-05-05,SKU108,Sports Socks,Apparel,Vendor B,East,Retail Store,53.0,302.0,64,3,56.21,111.36,5902.08,False,0.0,34.5,4.9
2025-11-13,SKU112,Hoodie,Apparel,Vendor B,South,Online,79.0,90.0,73,11,65.48,148.54,11734.66,False,0.0,36.0,4.4
2025-05-30,SKU110,Smart Watch,Electronics,Vendor D,North,Retail Store,75.0,162.0,88,6,77.96,163.29,12246.75,False,0.0,36.9,3.8
2025-05-04,SKU110,Smart Watch,Electronics,Vendor D,North,Online,69.0,88.0,88,6,77.96,163.29,11267.01,False,0.0,23.3,4.8
2025-02-18,SKU111,Water Bottle,Fitness,Vendor A,North,Online,23.0,183.0,79,12,24.6,52.01,1196.23,False,0.0,18.4,4.1
2025-02-12,SKU101,Cotton T-Shirt,Apparel,Vendor A,North,Wholesale,18.0,166.0,74,6,33.5,57.73,1039.14,False,0.0,33.6,3.5
2025-04-05,SKU101,Cotton T-Shirt,Apparel,Vendor A,North,Wholesale,29.0,223.0,74,6,33.5,57.73,1674.17,False,0.0,16.9,3.3
2025-12-02,SKU111,Water Bottle,Fitness,Vendor A,North,Online,34.0,134.0,79,12,24.6,52.01,1768.34,False,0.0,27.4,3.8
2025-06-04,SKU109,Gym Bag,Fitness,Vendor C,West,Wholesale,11.0,71.0,45,12,73.66,161.49,1776.39,False,0.0,29.7,4.2
2025-10-18,SKU104,Protein Powder,Health,Vendor B,East,Retail Store,32.0,79.0,70,9,49.68,111.64,3572.48,False,0.0,20.3,4.2
2025-09-19,SKU110,Smart Watch,Electronics,Vendor D,North,Online,56.0,251.0,88,6,77.96,163.29,9144.24,False,0.0,31.5,3.5
2025-01-26,SKU110,Smart Watch,Electronics,Vendor D,North,Retail Store,27.0,270.0,88,6,77.96,163.29,4408.83,False,0.0,21.4,4.2
2025-06-10,SKU106,Denim Jeans,Apparel,Vendor C,South,Online,64.0,146.0,87,9,71.61,120.54,7714.56,False,0.0,23.8,4.7
2025-05-08,SKU110,Smart Watch,Electronics,Vendor D,North,Retail Store,55.0,329.0,88,6,77.96,163.29,8980.95,False,0.0,18.0,4.5
2025-04-27,SKU104,Protein Powder,Health,Vendor B,East,Retail Store,33.0,202.0,70,9,49.68,111.64,3684.12,False,0.0,21.4,4.2
2025-08-08,SKU103,Yoga Mat,Fitness,Vendor C,East,Online,57.0,69.0,42,8,28.05,51.04,2909.28,False,0.0,30.5,3.9
2025-07-07,SKU111,Water Bottle,Fitness,Vendor A,North,Retail Store,26.0,115.0,79,12,24.6,52.01,1352.26,False,0.0,32.8,3.7
2025-09-25,SKU101,Cotton T-Shirt,Apparel,Vendor A,North,Online,16.0,240.0,74,6,33.5,57.73,923.68,False,0.0,24.2,4.1
2025-05-28,SKU108,Sports Socks,Apparel,Vendor B,East,Retail Store,88.0,237.0,64,3,56.21,111.36,9799.68,True,37.0,18.3,4.4
2025-04-24,SKU101,Cotton T-Shirt,Apparel,Vendor A,North,Retail Store,18.0,225.0,74,6,33.5,57.73,1039.14,False,0.0,22.9,4.1
2025-05-24,SKU110,Smart Watch,Electronics,Vendor D,North,Retail Store,81.0,201.0,88,6,77.96,163.29,13226.49,False,0.0,31.9,3.9
2025-09-27,SKU110,Smart Watch,Electronics,Vendor D,North,Retail Store,168.0,114.0,88,6,77.96,163.29,27432.72,True,20.0,15.7,4.6
2025-09-02,SKU106,Denim Jeans,Apparel,Vendor C,South,Online,43.0,278.0,87,9,71.61,120.54,5183.22,False,0.0,11.2,4.3
2025-05-15,SKU103,Yoga Mat,Fitness,Vendor C,East,Retail Store,51.0,151.0,42,8,28.05,51.04,2603.04,False,0.0,30.2,4.1
2025-07-12,SKU107,Baseball Cap,Accessories,Vendor A,South,Retail Store,78.0,133.0,74,13,46.67,72.31,5640.18,False,0.0,31.5,4.1
2025-12-01,SKU101,Cotton T-Shirt,Apparel,Vendor A,North,Online,36.0,152.0,74,6,33.5,57.73,2078.28,False,0.0,13.3,4.4
2025-03-19,SKU103,Yoga Mat,Fitness,Vendor C,East,Online,44.0,148.0,42,8,28.05,51.04,2245.76,False,0.0,44.7,4.5
2025-07-28,SKU112,Hoodie,Apparel,Vendor B,South,Retail Store,44.0,322.0,73,11,65.48,148.54,6535.76,False,0.0,21.5,4.1
2025-07-31,SKU110,Smart Watch,Electronics,Vendor D,North,Online,59.0,272.0,88,6,77.96,163.29,9634.11,False,0.0,2.9,4.2
2025-02-22,SKU110,Smart Watch,Electronics,Vendor D,North,Retail Store,77.0,162.0,88,6,77.96,163.29,12573.33,False,0.0,30.6,4.1
2025-12-23,SKU112,Hoodie,Apparel,Vendor B,South,Online,59.0,103.0,73,11,65.48,148.54,8763.86,False,0.0,30.8,4.5
2025-02-17,SKU109,Gym Bag,Fitness,Vendor C,West,Online,1.0,213.0,45,12,73.66,161.49,161.49,False,0.0,43.3,3.9
2025-08-11,SKU108,Sports Socks,Apparel,Vendor B,East,Wholesale,56.0,229.0,64,3,56.21,111.36,6236.16,False,0.0,21.5,4.5
2025-03-05,SKU102,Running Shoes,Footwear,Vendor B,West,Online,99.0,88.0,51,14,48.81,90.37,8946.63,True,31.0,25.0,4.0
2025-01-07,SKU107,Baseball Cap,Accessories,Vendor A,South,Retail Store,31.0,100.0,74,13,46.67,72.31,2241.61,False,0.0,26.1,4.4
2025-12-28,SKU107,Baseball Cap,Accessories,Vendor A,South,Retail Store,113.0,148.0,74,13,46.67,72.31,8171.03,False,0.0,17.2,4.5
2025-10-22,SKU105,Sunglasses,Accessories,Vendor A,North,Retail Store,19.0,183.0,59,3,85.64,143.16,2720.04,False,0.0,31.1,4.4
2025-05-29,SKU102,Running Shoes,Footwear,Vendor B,West,Wholesale,44.0,91.0,51,14,48.81,90.37,3976.28,False,0.0,26.1,3.3
2025-01-12,SKU111,Water Bottle,Fitness,Vendor A,North,Wholesale,25.0,161.0,79,12,24.6,52.01,1300.25,False,0.0,35.3,2.8
2025-08-31,SKU108,Sports Socks,Apparel,Vendor B,East,Online,82.0,157.0,64,3,56.21,111.36,9131.52,False,0.0,36.3,4.8
2025-02-02,SKU107,Baseball Cap,Accessories,Vendor A,South,Online,55.0,242.0,74,13,46.67,72.31,3977.05,False,0.0,24.5,4.4
2025-08-29,SKU102,Running Shoes,Footwear,Vendor B,West,Online,75.0,180.0,51,14,48.81,90.37,6777.75,True,35.0,41.0,3.8
2025-05-03,SKU107,Baseball Cap,Accessories,Vendor A,South,Retail Store,59.0,204.0,74,13,46.67,72.31,4266.29,False,0.0,18.6,4.7
2025-07-02,SKU112,Hoodie,Apparel,Vendor B,South,Online,48.0,229.0,73,11,65.48,148.54,7129.92,False,0.0,23.9,4.6
2025-04-24,SKU111,Water Bottle,Fitness,Vendor A,North,Retail Store,25.0,81.0,79,12,24.6,52.01,1300.25,False,0.0,26.2,4.4
2025-05-10,SKU110,Smart Watch,Electronics,Vendor D,North,Retail Store,94.0,178.0,88,6,77.96,163.29,15349.26,False,0.0,28.0,3.5
2025-04-26,SKU107,Baseball Cap,Accessories,Vendor A,South,Online,66.0,202.0,74,13,46.67,72.31,4772.46,False,0.0,15.4,3.5
2025-09-17,SKU108,Sports Socks,Apparel,Vendor B,East,Online,53.0,169.0,64,3,56.21,111.36,5902.08,False,0.0,37.3,4.6
2025-04-22,SKU103,Yoga Mat,Fitness,Vendor C,East,Retail Store,60.0,116.0,42,8,28.05,51.04,3062.4,False,0.0,24.0,5.0
2025-11-14,SKU104,Protein Powder,Health,Vendor B,East,Online,31.0,147.0,70,9,49.68,111.64,3460.84,False,0.0,9.8,3.8
2025-04-09,SKU111,Water Bottle,Fitness,Vendor A,North,Retail Store,20.0,173.0,79,12,24.6,52.01,1040.2,False,0.0,21.8,4.7
2025-08-29,SKU108,Sports Socks,Apparel,Vendor B,East,Online,84.0,69.0,64,3,56.21,111.36,9354.24,True,23.0,21.7,4.0
2025-09-01,SKU108,Sports Socks,Apparel,Vendor B,East,Wholesale,73.0,84.0,64,3,56.21,111.36,8129.28,True,33.0,16.3,4.5
2025-11-18,SKU111,Water Bottle,Fitness,Vendor A,North,Online,32.0,160.0,79,12,24.6,52.01,1664.32,False,0.0,13.2,5.0
2025-10-24,SKU106,Denim Jeans,Apparel,Vendor C,South,Online,82.0,342.0,87,9,71.61,120.54,9884.28,False,0.0,32.5,4.3
2025-08-30,SKU102,Running Shoes,Footwear,Vendor B,West,Retail Store,105.0,75.0,51,14,48.81,90.37,9488.85,True,34.0,18.2,4.1
2025-03-02,SKU105,Sunglasses,Accessories,Vendor A,North,Retail Store,32.0,252.0,59,3,85.64,143.16,4581.12,False,0.0,16.2,4.2
2025-06-09,SKU111,Water Bottle,Fitness,Vendor A,North,Online,28.0,174.0,79,12,24.6,52.01,1456.28,False,0.0,27.0,4.6
2025-11-09,SKU107,Baseball Cap,Accessories,Vendor A,South,Online,100.0,81.0,74,13,46.67,72.31,7231.0,False,0.0,29.5,4.4
2025-08-18,SKU109,Gym Bag,Fitness,Vendor C,West,Online,18.0,161.0,45,12,73.66,161.49,2906.82,False,0.0,7.5,4.5
2025-10-30,SKU102,Running Shoes,Footwear,Vendor B,West,Online,52.0,122.0,51,14,48.81,90.37,4699.24,False,0.0,23.9,4.0
2025-07-14,SKU109,Gym Bag,Fitness,Vendor C,West,Online,11.0,171.0,45,12,73.66,161.49,1776.39,False,0.0,23.7,4.3
2025-05-18,SKU111,Water Bottle,Fitness,Vendor A,North,Online,40.0,210.0,79,12,24.6,52.01,2080.4,False,0.0,16.0,4.1
2025-06-20,SKU107,Baseball Cap,Accessories,Vendor A,South,Wholesale,63.0,146.0,74,13,46.67,72.31,4555.53,False,0.0,30.0,3.5
2025-10-11,SKU111,Water Bottle,Fitness,Vendor A,North,Retail Store,57.0,130.0,79,12,24.6,52.01,2964.57,True,14.0,25.0,4.9
2025-10-08,SKU103,Yoga Mat,Fitness,Vendor C,East,Online,57.0,119.0,42,8,28.05,51.04,2909.28,False,0.0,17.4,4.5
2025-12-15,SKU109,Gym Bag,Fitness,Vendor C,West,Online,14.0,188.0,45,12,73.66,161.49,2260.86,False,0.0,21.9,3.7
2025-02-13,SKU104,Protein Powder,Health,Vendor B,East,Online,13.0,146.0,70,9,49.68,111.64,1451.32,False,0.0,22.9,4.4
2025-08-21,SKU105,Sunglasses,Accessories,Vendor A,North,Retail Store,17.0,63.0,59,3,85.64,143.16,2433.72,False,0.0,10.3,4.0
2025-03-18,SKU107,Baseball Cap,Accessories,Vendor A,South,Online,57.0,178.0,74,13,46.67,72.31,4121.67,False,0.0,13.8,4.8
2025-08-11,SKU104,Protein Powder,Health,Vendor B,East,Retail Store,24.0,104.0,70,9,49.68,111.64,2679.36,False,0.0,28.4,4.6
2025-04-10,SKU108,Sports Socks,Apparel,Vendor B,East,Online,62.0,127.0,64,3,56.21,111.36,6904.32,False,0.0,21.2,3.9
2025-01-10,SKU104,Protein Powder,Health,Vendor B,East,Wholesale,13.0,143.0,70,9,49.68,111.64,1451.32,False,0.0,24.9,4.2
2025-11-05,SKU102,Running Shoes,Footwear,Vendor B,West,Online,103.0,224.0,51,14,48.81,90.37,9308.11,False,0.0,11.0,4.4
2025-01-03,SKU101,Cotton T-Shirt,Apparel,Vendor A,North,Retail Store,14.0,318.0,74,6,33.5,57.73,808.22,False,0.0,29.4,
2025-10-24,SKU104,Protein Powder,Health,Vendor B,East,Online,26.0,106.0,70,9,49.68,111.64,2902.64,False,0.0,21.9,4.8
2025-10-25,SKU101,Cotton T-Shirt,Apparel,Vendor A,North,Retail Store,25.0,235.0,74,6,33.5,57.73,1443.25,False,0.0,31.9,4.4
2025-02-04,SKU106,Denim Jeans,Apparel,Vendor C,South,Online,37.0,92.0,87,9,71.61,120.54,4459.98,False,0.0,27.8,4.8
2025-05-17,SKU111,Water Bottle,Fitness,Vendor A,North,Retail Store,38.0,250.0,79,12,24.6,52.01,1976.38,False,0.0,22.1,4.3
2025-09-02,SKU103,Yoga Mat,Fitness,Vendor C,East,Retail Store,73.0,246.0,42,8,28.05,51.04,3725.92,True,28.0,23.7,4.6
2025-10-19,SKU107,Baseball Cap,Accessories,Vendor A,South,Online,76.0,183.0,74,13,46.67,72.31,5495.56,False,0.0,11.3,4.1
2025-07-22,SKU110,Smart Watch,Electronics,Vendor D,North,Online,72.0,162.0,88,6,77.96,163.29,11756.88,False,0.0,26.9,4.5
2025-05-31,SKU102,Running Shoes,Footwear,Vendor B,West,Online,70.0,210.0,51,14,48.81,90.37,6325.9,False,0.0,28.1,3.9
2025-06-12,SKU112,Hoodie,Apparel,Vendor B,South,Online,28.0,169.0,73,11,65.48,148.54,4159.12,False,0.0,21.1,4.9
2025-10-04,SKU108,Sports Socks,Apparel,Vendor B,East,Retail Store,81.0,172.0,64,3,56.21,111.36,9020.16,False,0.0,22.2,4.2
2025-07-21,SKU109,Gym Bag,Fitness,Vendor C,West,Retail Store,11.0,81.0,45,12,73.66,161.49,1776.39,False,0.0,22.4,3.6
2025-01-04,SKU107,Baseball Cap,Accessories,Vendor A,South,Wholesale,69.0,228.0,74,13,46.67,72.31,4989.39,False,0.0,27.4,4.3
2025-12-28,SKU106,Denim Jeans,Apparel,Vendor C,South,Online,152.0,323.0,87,9,71.61,120.54,18322.08,False,0.0,29.7,4.4
2025-05-29,SKU108,Sports Socks,Apparel,Vendor B,East,Retail Store,72.0,165.0,64,3,56.21,111.36,8017.92,False,0.0,15.1,4.5
2025-12-23,SKU106,Denim Jeans,Apparel,Vendor C,South,Online,90.0,94.0,87,9,71.61,120.54,10848.6,False,0.0,34.8,4.0
2025-05-25,SKU101,Cotton T-Shirt,Apparel,Vendor A,North,Online,,144.0,74,6,33.5,57.73,2828.77,True,34.0,23.5,4.5
2025-05-01,SKU104,Protein Powder,Health,Vendor B,East,Online,19.0,112.0,70,9,49.68,111.64,2121.16,False,0.0,23.8,3.5
2025-09-08,SKU101,Cotton T-Shirt,Apparel,Vendor A,North,Online,24.0,203.0,74,6,33.5,57.73,1385.52,False,0.0,27.4,3.8
2025-12-18,SKU104,Protein Powder,Health,Vendor B,East,Retail Store,29.0,176.0,70,9,49.68,111.64,3237.56,False,0.0,38.0,3.8
2025-09-06,SKU110,Smart Watch,Electronics,Vendor D,North,Online,80.0,121.0,88,6,77.96,163.29,13063.2,False,0.0,10.6,4.4
2025-11-09,SKU103,Yoga Mat,Fitness,Vendor C,East,Wholesale,111.0,63.0,42,8,28.05,51.04,5665.44,False,0.0,38.1,3.5
2025-01-10,SKU106,Denim Jeans,Apparel,Vendor C,South,Online,36.0,177.0,87,9,71.61,120.54,4339.44,False,0.0,21.7,4.0
2025-09-24,SKU103,Yoga Mat,Fitness,Vendor C,East,Online,45.0,204.0,42,8,28.05,51.04,2296.8,False,0.0,23.0,4.3
2025-06-04,SKU112,Hoodie,Apparel,Vendor B,South,Retail Store,62.0,311.0,73,11,65.48,148.54,9209.48,True,21.0,19.5,3.9
2025-09-05,SKU101,Cotton T-Shirt,Apparel,Vendor A,North,Retail Store,16.0,279.0,74,6,33.5,57.73,923.68,False,0.0,27.7,5.0
2025-10-23,SKU101,Cotton T-Shirt,Apparel,Vendor A,North,Retail Store,22.0,86.0,74,6,33.5,57.73,1270.06,False,0.0,24.6,4.6
2025-02-14,SKU111,Water Bottle,Fitness,Vendor A,North,Online,11.0,275.0,79,12,24.6,52.01,572.11,False,0.0,26.5,3.9
2025-06-28,SKU106,Denim Jeans,Apparel,Vendor C,South,Retail Store,87.0,130.0,87,9,71.61,120.54,10486.98,False,0.0,33.5,4.3
2025-12-27,SKU109,Gym Bag,Fitness,Vendor C,West,Online,24.0,91.0,45,12,73.66,161.49,3875.76,False,0.0,26.3,4.3
2025-07-13,SKU103,Yoga Mat,Fitness,Vendor C,East,Retail Store,76.0,214.0,42,8,28.05,51.04,3879.04,False,0.0,18.8,4.1
2025-07-16,SKU112,Hoodie,Apparel,Vendor B,South,Online,80.0,164.0,73,11,65.48,148.54,11883.2,True,38.0,23.8,4.8
2025-04-25,SKU111,Water Bottle,Fitness,Vendor A,North,Online,26.0,238.0,79,12,24.6,52.01,1352.26,False,0.0,14.5,3.6
2025-10-15,SKU103,Yoga Mat,Fitness,Vendor C,East,Online,35.0,116.0,42,8,28.05,51.04,1786.4,False,0.0,17.5,3.8
2025-12-09,SKU102,Running Shoes,Footwear,Vendor B,West,Online,97.0,69.0,51,14,48.81,90.37,8765.89,False,0.0,18.0,4.0
2025-11-20,SKU106,Denim Jeans,Apparel,Vendor C,South,Wholesale,176.0,91.0,87,9,71.61,120.54,21215.04,True,23.0,29.3,4.1
2025-08-26,SKU108,Sports Socks,Apparel,Vendor B,East,Online,51.0,252.0,64,3,56.21,111.36,5679.36,False,0.0,28.5,4.4
2025-03-21,SKU107,Baseball Cap,Accessories,Vendor A,South,Online,43.0,184.0,74,13,46.67,72.31,3109.33,False,0.0,55.6,4.1
2025-02-08,SKU107,Baseball Cap,Accessories,Vendor A,South,Retail Store,83.0,136.0,74,13,46.67,72.31,6001.73,True,22.0,40.0,4.6
2025-04-20,SKU105,Sunglasses,Accessories,Vendor A,North,Retail Store,31.0,249.0,59,3,85.64,143.16,4437.96,False,0.0,10.5,4.1
2025-02-24,SKU104,Protein Powder,Health,Vendor B,East,Online,14.0,103.0,70,9,49.68,111.64,1562.96,True,39.0,17.6,4.3
2025-03-31,SKU109,Gym Bag,Fitness,Vendor C,West,Online,10.0,243.0,45,12,73.66,161.49,1614.9,False,0.0,34.2,4.6
2025-03-10,SKU109,Gym Bag,Fitness,Vendor C,West,Retail Store,11.0,147.0,45,12,73.66,161.49,1776.39,False,0.0,25.5,4.1
2025-10-25,SKU105,Sunglasses,Accessories,Vendor A,North,Wholesale,29.0,115.0,59,3,85.64,143.16,4151.64,False,0.0,20.7,3.2
2025-03-15,SKU101,Cotton T-Shirt,Apparel,Vendor A,North,Online,31.0,91.0,74,6,33.5,57.73,1789.63,False,0.0,19.7,5.0
2025-05-18,SKU106,Denim Jeans,Apparel,Vendor C,South,Wholesale,86.0,210.0,87,9,71.61,120.54,10366.44,False,0.0,15.2,3.6
2025-03-15,SKU108,Sports Socks,Apparel,Vendor B,East,Online,123.0,194.0,64,3,56.21,111.36,13697.28,True,38.0,18.6,4.8
2025-05-25,SKU104,Protein Powder,Health,Vendor B,East,Online,26.0,299.0,70,9,49.68,111.64,2902.64,False,0.0,33.6,4.1
2025-04-13,SKU103,Yoga Mat,Fitness,Vendor C,East,Online,84.0,87.0,42,8,28.05,51.04,4287.36,False,0.0,22.8,3.8
2025-04-03,SKU101,Cotton T-Shirt,Apparel,Vendor A,North,Retail Store,20.0,81.0,74,6,33.5,57.73,1154.6,False,0.0,31.9,4.0
2025-08-20,SKU101,Cotton T-Shirt,Apparel,Vendor A,North,Online,15.0,83.0,74,6,33.5,57.73,865.95,False,0.0,38.7,4.2
2025-05-06,SKU110,Smart Watch,Electronics,Vendor D,North,Online,60.0,185.0,88,6,77.96,163.29,9797.4,False,0.0,21.6,3.5
2025-11-25,SKU111,Water Bottle,Fitness,Vendor A,North,Online,41.0,234.0,79,12,24.6,52.01,2132.41,False,0.0,24.6,4.6
2025-10-25,SKU106,Denim Jeans,Apparel,Vendor C,South,Online,91.0,251.0,87,9,71.61,120.54,10969.14,False,0.0,22.4,3.8
2025-01-20,SKU102,Running Shoes,Footwear,Vendor B,West,Online,35.0,113.0,51,14,48.81,90.37,3162.95,False,0.0,30.7,4.5
2025-05-22,SKU103,Yoga Mat,Fitness,Vendor C,East,Retail Store,36.0,62.0,42,8,28.05,51.04,1837.44,False,0.0,14.6,4.1
2025-06-21,SKU105,Sunglasses,Accessories,Vendor A,North,Wholesale,27.0,138.0,59,3,85.64,143.16,3865.32,False,0.0,6.4,4.3
2025-02-26,SKU103,Yoga Mat,Fitness,Vendor C,East,Retail Store,31.0,159.0,42,8,28.05,51.04,1582.24,False,0.0,27.9,5.0
2025-05-27,SKU107,Baseball Cap,Accessories,Vendor A,South,Retail Store,52.0,107.0,74,13,46.67,72.31,3760.12,False,0.0,15.6,4.3
2025-10-08,SKU105,Sunglasses,Accessories,Vendor A,North,Online,21.0,303.0,59,3,85.64,143.16,3006.36,False,0.0,16.9,4.3
2025-10-13,SKU104,Protein Powder,Health,Vendor B,East,Online,23.0,195.0,70,9,49.68,111.64,2567.72,False,0.0,35.8,4.4
2025-11-22,SKU106,Denim Jeans,Apparel,Vendor C,South,Online,129.0,105.0,87,9,71.61,120.54,15549.66,False,0.0,36.8,3.8
2025-09-12,SKU104,Protein Powder,Health,Vendor B,East,Retail Store,20.0,254.0,70,9,49.68,111.64,2232.8,False,0.0,23.3,4.3
2025-06-18,SKU103,Yoga Mat,Fitness,Vendor C,East,Retail Store,45.0,161.0,42,8,28.05,51.04,2296.8,False,0.0,27.9,4.5
2025-07-22,SKU108,Sports Socks,Apparel,Vendor B,East,Online,46.0,68.0,64,3,56.21,111.36,5122.56,False,0.0,23.0,4.5
2025-02-04,SKU103,Yoga Mat,Fitness,Vendor C,East,Wholesale,17.0,78.0,42,8,28.05,51.04,867.68,False,0.0,20.6,3.9
2025-03-30,SKU102,Running Shoes,Footwear,Vendor B,West,Retail Store,88.0,100.0,51,14,48.81,90.37,7952.56,False,0.0,7.0,3.8
2025-05-13,SKU107,Baseball Cap,Accessories,Vendor A,South,Online,62.0,101.0,74,13,46.67,72.31,4483.22,False,0.0,35.7,4.6
2025-05-08,SKU101,Cotton T-Shirt,Apparel,Vendor A,North,Online,,202.0,74,6,33.5,57.73,1154.6,False,0.0,36.2,3.8
2025-09-30,SKU106,Denim Jeans,Apparel,Vendor C,South,Retail Store,73.0,199.0,87,9,71.61,120.54,8799.42,False,0.0,30.3,4.5
2025-10-28,SKU112,Hoodie,Apparel,Vendor B,South,Online,44.0,185.0,73,11,65.48,148.54,6535.76,False,0.0,19.5,4.1
2025-05-24,SKU107,Baseball Cap,Accessories,Vendor A,South,Online,72.0,148.0,74,13,46.67,72.31,5206.32,False,0.0,12.2,4.1
2025-08-18,SKU103,Yoga Mat,Fitness,Vendor C,East,Online,48.0,234.0,42,8,28.05,51.04,2449.92,False,0.0,10.4,4.2
2025-11-24,SKU108,Sports Socks,Apparel,Vendor B,East,Online,95.0,175.0,64,3,56.21,111.36,10579.2,False,0.0,19.8,4.7
2025-11-30,SKU109,Gym Bag,Fitness,Vendor C,West,Wholesale,25.0,269.0,45,12,73.66,161.49,4037.25,False,0.0,17.2,4.9
2025-09-03,SKU105,Sunglasses,Accessories,Vendor A,North,Retail Store,26.0,162.0,59,3,85.64,143.16,3722.16,False,0.0,21.1,4.5
2025-01-08,SKU110,Smart Watch,Electronics,Vendor D,North,Online,29.0,101.0,88,6,77.96,163.29,4735.41,False,0.0,11.8,4.5
2025-01-25,SKU106,Denim Jeans,Apparel,Vendor C,South,Retail Store,48.0,137.0,87,9,71.61,120.54,5785.92,False,0.0,5.6,3.4
2025-05-22,SKU105,Sunglasses,Accessories,Vendor A,North,Retail Store,20.0,172.0,59,3,85.64,143.16,2863.2,False,0.0,38.3,2.8
2025-05-01,SKU111,Water Bottle,Fitness,Vendor A,North,Online,19.0,89.0,79,12,24.6,52.01,988.19,False,0.0,40.8,4.8
2025-12-10,SKU108,Sports Socks,Apparel,Vendor B,East,Online,87.0,165.0,64,3,56.21,111.36,9688.32,False,0.0,24.1,3.6
2025-01-09,SKU106,Denim Jeans,Apparel,Vendor C,South,Wholesale,47.0,213.0,87,9,71.61,120.54,5665.38,False,0.0,23.2,5.0
2025-06-24,SKU110,Smart Watch,Electronics,Vendor D,North,Retail Store,47.0,313.0,88,6,77.96,163.29,7674.63,False,0.0,14.3,4.5
2025-12-15,SKU102,Running Shoes,Footwear,Vendor B,West,Online,81.0,268.0,51,14,48.81,90.37,7319.97,False,0.0,37.7,4.3
2025-03-22,SKU106,Denim Jeans,Apparel,Vendor C,South,Online,99.0,,87,9,71.61,120.54,11933.46,False,0.0,16.9,3.7
2025-07-04,SKU108,Sports Socks,Apparel,Vendor B,East,Online,52.0,102.0,64,3,56.21,111.36,5790.72,False,0.0,26.6,4.5
2025-12-19,SKU112,Hoodie,Apparel,Vendor B,South,Online,68.0,292.0,73,11,65.48,148.54,10100.72,False,0.0,23.1,4.5
2025-04-17,SKU109,Gym Bag,Fitness,Vendor C,West,Retail Store,14.0,209.0,45,12,73.66,161.49,2260.86,False,0.0,23.7,4.9
2025-11-02,SKU110,Smart Watch,Electronics,Vendor D,North,Retail Store,151.0,139.0,88,6,77.96,163.29,24656.79,False,0.0,17.7,5.0
2025-03-03,SKU107,Baseball Cap,Accessories,Vendor A,South,Retail Store,71.0,225.0,74,13,46.67,72.31,5134.01,False,0.0,25.2,4.9
2025-05-11,SKU103,Yoga Mat,Fitness,Vendor C,East,Online,65.0,152.0,42,8,28.05,51.04,3317.6,False,0.0,17.4,4.5
2025-12-21,SKU110,Smart Watch,Electronics,Vendor D,North,Online,124.0,239.0,88,6,77.96,163.29,20247.96,False,0.0,25.4,4.1
2025-05-12,SKU109,Gym Bag,Fitness,Vendor C,West,Online,12.0,101.0,45,12,73.66,161.49,1937.88,False,0.0,32.9,3.7
2025-03-01,SKU107,Baseball Cap,Accessories,Vendor A,South,Online,81.0,157.0,74,13,46.67,72.31,5857.11,False,0.0,31.6,4.7
2025-05-29,SKU110,Smart Watch,Electronics,Vendor D,North,Retail Store,85.0,237.0,88,6,77.96,163.29,13879.65,False,0.0,12.2,4.4
2025-06-20,SKU110,Smart Watch,Electronics,Vendor D,North,Online,63.0,143.0,88,6,77.96,163.29,10287.27,False,0.0,31.0,4.2
2025-02-22,SKU112,Hoodie,Apparel,Vendor B,South,Retail Store,43.0,74.0,73,11,65.48,148.54,6387.22,False,0.0,25.7,4.3
2025-12-29,SKU105,Sunglasses,Accessories,Vendor A,North,Online,34.0,131.0,59,3,85.64,143.16,4867.44,False,0.0,15.7,4.7
2025-08-27,SKU107,Baseball Cap,Accessories,Vendor A,South,Retail Store,50.0,127.0,74,13,46.67,72.31,3615.5,False,0.0,17.4,4.2
2025-11-05,SKU101,Cotton T-Shirt,Apparel,Vendor A,North,Retail Store,31.0,126.0,74,6,33.5,57.73,1789.63,False,0.0,31.6,3.9
2025-07-02,SKU110,Smart Watch,Electronics,Vendor D,North,Online,37.0,320.0,88,6,77.96,163.29,6041.73,False,0.0,15.7,4.3
2025-07-07,SKU103,Yoga Mat,Fitness,Vendor C,East,Retail Store,55.0,237.0,42,8,28.05,51.04,2807.2,False,0.0,15.5,4.0
2025-04-28,SKU102,Running Shoes,Footwear,Vendor B,West,Retail Store,54.0,183.0,51,14,48.81,90.37,4879.98,False,0.0,34.3,4.4
2025-10-12,SKU106,Denim Jeans,Apparel,Vendor C,South,Online,79.0,256.0,87,9,71.61,120.54,9522.66,False,0.0,25.3,4.6
2025-11-08,SKU112,Hoodie,Apparel,Vendor B,South,Retail Store,81.0,101.0,73,11,65.48,148.54,12031.74,False,0.0,29.9,4.6
2025-12-21,SKU103,Yoga Mat,Fitness,Vendor C,East,Online,104.0,111.0,42,8,28.05,51.04,5308.16,False,0.0,17.4,4.4
2025-07-11,SKU104,Protein Powder,Health,Vendor B,East,Retail Store,18.0,115.0,70,9,49.68,111.64,2009.52,False,0.0,29.2,3.7
2025-01-02,SKU108,Sports Socks,Apparel,Vendor B,East,Retail Store,44.0,105.0,64,3,56.21,111.36,4899.84,False,0.0,40.5,3.9
2025-03-30,SKU101,Cotton T-Shirt,Apparel,Vendor A,North,Retail Store,25.0,178.0,74,6,33.5,57.73,1443.25,False,0.0,25.9,3.8
2025-03-24,SKU107,Baseball Cap,Accessories,Vendor A,South,Online,68.0,151.0,74,13,46.67,72.31,4917.08,False,0.0,22.3,3.8
2025-05-06,SKU104,Protein Powder,Health,Vendor B,East,Retail Store,19.0,252.0,70,9,49.68,111.64,2121.16,False,0.0,20.3,4.2
2025-11-07,SKU106,Denim Jeans,Apparel,Vendor C,South,Online,79.0,228.0,87,9,71.61,120.54,9522.66,False,0.0,29.6,3.6
2025-04-01,SKU108,Sports Socks,Apparel,Vendor B,East,Online,56.0,220.0,64,3,56.21,111.36,6236.16,False,0.0,17.3,3.5
2025-08-22,SKU112,Hoodie,Apparel,Vendor B,South,Online,33.0,171.0,73,11,65.48,148.54,4901.82,False,0.0,6.0,4.4
2025-06-27,SKU102,Running Shoes,Footwear,Vendor B,West,Retail Store,45.0,93.0,51,14,48.81,90.37,4066.65,False,0.0,29.9,3.8
2025-04-22,SKU110,Smart Watch,Electronics,Vendor D,North,Online,60.0,217.0,88,6,77.96,163.29,9797.4,False,0.0,32.3,4.2
2025-08-28,SKU101,Cotton T-Shirt,Apparel,Vendor A,North,Online,25.0,95.0,74,6,33.5,57.73,1443.25,False,0.0,31.2,5.0
2025-07-09,SKU102,Running Shoes,Footwear,Vendor B,West,Online,80.0,277.0,51,14,48.81,90.37,7229.6,True,25.0,22.8,3.2
2025-02-16,SKU111,Water Bottle,Fitness,Vendor A,North,Retail Store,29.0,222.0,79,12,24.6,52.01,1508.29,False,0.0,20.8,4.2
2025-08-21,SKU102,Running Shoes,Footwear,Vendor B,West,Wholesale,44.0,102.0,51,14,48.81,90.37,3976.28,False,0.0,24.2,3.8
2025-10-04,SKU110,Smart Watch,Electronics,Vendor D,North,Retail Store,83.0,133.0,88,6,77.96,163.29,13553.07,False,0.0,12.1,3.6
2025-07-29,SKU112,Hoodie,Apparel,Vendor B,South,Retail Store,61.0,261.0,73,11,65.48,148.54,9060.94,False,0.0,16.9,5.0
2025-08-22,SKU104,Protein Powder,Health,Vendor B,East,Wholesale,26.0,146.0,70,9,49.68,111.64,2902.64,False,0.0,18.7,4.4
2025-07-01,SKU108,Sports Socks,Apparel,Vendor B,East,Retail Store,45.0,247.0,64,3,56.21,111.36,5011.2,False,0.0,6.5,3.8
2025-11-10,SKU108,Sports Socks,Apparel,Vendor B,East,Wholesale,99.0,80.0,64,3,56.21,111.36,11024.64,False,0.0,26.6,4.4
2025-08-26,SKU104,Protein Powder,Health,Vendor B,East,Retail Store,43.0,244.0,70,9,49.68,111.64,4800.52,True,27.0,25.1,4.3
2025-10-05,SKU102,Running Shoes,Footwear,Vendor B,West,Wholesale,78.0,207.0,51,14,48.81,90.37,7048.86,False,0.0,18.2,4.2
2025-02-03,SKU108,Sports Socks,Apparel,Vendor B,East,Online,28.0,129.0,64,3,56.21,111.36,3118.08,False,0.0,30.7,3.8
2025-12-09,SKU103,Yoga Mat,Fitness,Vendor C,East,Retail Store,87.0,83.0,42,8,28.05,51.04,4440.48,False,0.0,38.1,3.6
2025-10-16,SKU106,Denim Jeans,Apparel,Vendor C,South,Online,71.0,224.0,87,9,71.61,120.54,8558.34,False,0.0,31.0,4.5
2025-04-21,SKU104,Protein Powder,Health,Vendor B,East,Online,23.0,144.0,70,9,49.68,111.64,2567.72,False,0.0,37.8,4.0
2025-02-17,SKU112,Hoodie,Apparel,Vendor B,South,Online,31.0,120.0,73,11,65.48,148.54,4604.74,False,0.0,31.1,3.2
2025-12-02,SKU105,Sunglasses,Accessories,Vendor A,North,Online,34.0,296.0,59,3,85.64,143.16,4867.44,False,0.0,32.7,4.8
2025-10-24,SKU109,Gym Bag,Fitness,Vendor C,West,Online,22.0,162.0,45,12,73.66,161.49,3552.78,True,32.0,26.7,5.0
2025-12-05,SKU107,Baseball Cap,Accessories,Vendor A,South,Online,85.0,78.0,74,13,46.67,72.31,6146.35,False,0.0,25.0,4.1
2025-04-23,SKU102,Running Shoes,Footwear,Vendor B,West,Retail Store,29.0,84.0,51,14,48.81,90.37,2620.73,False,0.0,16.7,5.0
2025-12-24,SKU106,Denim Jeans,Apparel,Vendor C,South,Online,94.0,226.0,87,9,71.61,120.54,11330.76,False,0.0,26.9,4.3
2025-01-01,SKU105,Sunglasses,Accessories,Vendor A,North,Retail Store,13.0,411.0,59,3,85.64,143.16,1861.08,False,0.0,28.5,4.3
2025-02-14,SKU101,Cotton T-Shirt,Apparel,Vendor A,North,Online,19.0,141.0,74,6,33.5,57.73,1096.87,False,0.0,5.9,5.0
2025-10-17,SKU109,Gym Bag,Fitness,Vendor C,West,Retail Store,9.0,262.0,45,12,73.66,161.49,1453.41,False,0.0,28.9,4.4
2025-07-11,SKU101,Cotton T-Shirt,Apparel,Vendor A,North,Retail Store,15.0,212.0,74,6,33.5,57.73,865.95,False,0.0,36.8,4.7
2025-03-31,SKU110,Smart Watch,Electronics,Vendor D,North,Wholesale,75.0,250.0,88,6,77.96,163.29,12246.75,True,30.0,36.9,4.6
2025-01-26,SKU105,Sunglasses,Accessories,Vendor A,North,Online,18.0,173.0,59,3,85.64,143.16,2576.88,False,0.0,22.0,3.4
2025-03-23,SKU110,Smart Watch,Electronics,Vendor D,North,Online,64.0,193.0,88,6,77.96,163.29,10450.56,False,0.0,11.8,5.0
2025-12-27,SKU110,Smart Watch,Electronics,Vendor D,North,Retail Store,116.0,195.0,88,6,77.96,163.29,18941.64,False,0.0,22.8,4.9
2025-08-20,SKU110,Smart Watch,Electronics,Vendor D,North,Online,77.0,186.0,88,6,77.96,163.29,12573.33,False,0.0,41.8,3.3
2025-07-30,SKU108,Sports Socks,Apparel,Vendor B,East,Online,51.0,149.0,64,3,56.21,111.36,5679.36,False,0.0,27.8,4.9
2025-09-30,SKU112,Hoodie,Apparel,Vendor B,South,Retail Store,48.0,82.0,73,11,65.48,148.54,7129.92,False,0.0,19.7,4.0
2025-05-18,SKU110,Smart Watch,Electronics,Vendor D,North,Online,98.0,275.0,88,6,77.96,163.29,16002.42,False,0.0,19.9,4.0
2025-08-06,SKU106,Denim Jeans,Apparel,Vendor C,South,Retail Store,44.0,264.0,87,9,71.61,120.54,5303.76,False,0.0,3.9,3.5
2025-08-06,SKU111,Water Bottle,Fitness,Vendor A,North,Online,22.0,118.0,79,12,24.6,52.01,1144.22,False,0.0,18.6,3.9
2025-12-12,SKU110,Smart Watch,Electronics,Vendor D,North,Online,78.0,170.0,88,6,77.96,163.29,12736.62,False,0.0,30.4,3.5
2025-09-21,SKU110,Smart Watch,Electronics,Vendor D,North,Online,86.0,92.0,88,6,77.96,163.29,14042.94,False,0.0,26.4,4.5
2025-04-22,SKU112,Hoodie,Apparel,Vendor B,South,Online,76.0,220.0,73,11,65.48,148.54,11289.04,True,20.0,22.1,4.7
2025-07-30,SKU111,Water Bottle,Fitness,Vendor A,North,Online,26.0,324.0,79,12,24.6,52.01,1352.26,False,0.0,13.0,3.8
2025-09-21,SKU103,Yoga Mat,Fitness,Vendor C,East,Online,71.0,80.0,42,8,28.05,51.04,3623.84,False,0.0,30.2,3.7
2025-11-13,SKU105,Sunglasses,Accessories,Vendor A,North,Online,26.0,79.0,59,3,85.64,143.16,3722.16,False,0.0,16.6,4.2
2025-09-17,SKU103,Yoga Mat,Fitness,Vendor C,East,Retail Store,42.0,46.0,42,8,28.05,51.04,2143.68,False,0.0,38.2,3.8
2025-02-17,SKU105,Sunglasses,Accessories,Vendor A,North,Retail Store,13.0,112.0,59,3,85.64,143.16,1861.08,False,0.0,30.7,4.7
2025-11-22,SKU112,Hoodie,Apparel,Vendor B,South,Wholesale,96.0,95.0,73,11,65.48,148.54,14259.84,False,0.0,30.9,5.0
2025-01-20,SKU109,Gym Bag,Fitness,Vendor C,West,Retail Store,5.0,278.0,45,12,73.66,161.49,807.45,False,0.0,29.9,3.7
2025-10-08,SKU110,Smart Watch,Electronics,Vendor D,North,Online,67.0,145.0,88,6,77.96,163.29,10940.43,False,0.0,13.8,4.2
2025-08-28,SKU111,Water Bottle,Fitness,Vendor A,North,Online,19.0,81.0,79,12,24.6,52.01,988.19,False,0.0,23.0,4.2
2025-12-22,SKU101,Cotton T-Shirt,Apparel,Vendor A,North,Online,32.0,88.0,74,6,33.5,57.73,1847.36,False,0.0,21.7,4.2
2025-02-14,SKU106,Denim Jeans,Apparel,Vendor C,South,Online,84.0,340.0,87,9,71.61,120.54,10125.36,False,0.0,34.7,4.5
2025-07-08,SKU103,Yoga Mat,Fitness,Vendor C,East,Online,24.0,213.0,42,8,28.05,51.04,1224.96,False,0.0,26.1,4.9
2025-05-06,SKU105,Sunglasses,Accessories,Vendor A,North,Online,43.0,236.0,59,3,85.64,143.16,6155.88,True,28.0,16.1,4.9
2025-10-11,SKU104,Protein Powder,Health,Vendor B,East,Retail Store,36.0,78.0,70,9,49.68,111.64,4019.04,False,0.0,28.9,3.8
2025-09-29,SKU107,Baseball Cap,Accessories,Vendor A,South,Online,51.0,179.0,74,13,46.67,72.31,3687.81,False,0.0,26.2,3.7
2025-03-12,SKU102,Running Shoes,Footwear,Vendor B,West,Online,41.0,268.0,51,14,48.81,90.37,3705.17,False,0.0,35.2,3.9
2025-01-20,SKU106,Denim Jeans,Apparel,Vendor C,South,Retail Store,52.0,140.0,87,9,71.61,120.54,6268.08,False,0.0,26.5,3.1
2025-06-24,SKU104,Protein Powder,Health,Vendor B,East,Online,21.0,292.0,70,9,49.68,111.64,2344.44,False,0.0,34.7,4.1
2025-09-22,SKU108,Sports Socks,Apparel,Vendor B,East,Online,60.0,259.0,64,3,56.21,111.36,6681.6,False,0.0,26.4,4.8
2025-01-09,SKU107,Baseball Cap,Accessories,Vendor A,South,Retail Store,30.0,270.0,74,13,46.67,72.31,2169.3,False,0.0,37.3,3.5
2025-06-16,SKU109,Gym Bag,Fitness,Vendor C,West,Online,5.0,125.0,45,12,73.66,161.49,807.45,False,0.0,9.5,3.5
2025-12-17,SKU109,Gym Bag,Fitness,Vendor C,West,Retail Store,17.0,159.0,45,12,73.66,161.49,2745.33,False,0.0,32.8,3.7
2025-04-07,SKU101,Cotton T-Shirt,Apparel,Vendor A,North,Retail Store,20.0,179.0,74,6,33.5,57.73,1154.6,False,0.0,26.2,5.0
2025-08-13,SKU107,Baseball Cap,Accessories,Vendor A,South,Online,52.0,213.0,74,13,46.67,72.31,3760.12,False,0.0,23.5,4.7
2025-10-18,SKU110,Smart Watch,Electronics,Vendor D,North,Online,158.0,127.0,88,6,77.96,163.29,25799.82,True,13.0,9.4,4.4
2025-06-23,SKU110,Smart Watch,Electronics,Vendor D,North,Online,94.0,133.0,88,6,77.96,163.29,15349.26,True,24.0,35.7,4.4
2025-10-10,SKU112,Hoodie,Apparel,Vendor B,South,Retail Store,48.0,190.0,73,11,65.48,148.54,7129.92,False,0.0,20.2,4.1
2025-06-10,SKU101,Cotton T-Shirt,Apparel,Vendor A,North,Retail Store,17.0,265.0,74,6,33.5,57.73,981.41,False,0.0,36.3,3.8
2025-06-07,SKU105,Sunglasses,Accessories,Vendor A,North,Retail Store,23.0,220.0,59,3,85.64,143.16,3292.68,False,0.0,27.0,4.7
2025-04-30,SKU108,Sports Socks,Apparel,Vendor B,East,Retail Store,60.0,64.0,64,3,56.21,111.36,6681.6,False,0.0,26.3,4.4
2025-11-17,SKU107,Baseball Cap,Accessories,Vendor A,South,Wholesale,100.0,254.0,74,13,46.67,72.31,7231.0,False,0.0,30.4,4.5
2025-11-04,SKU109,Gym Bag,Fitness,Vendor C,West,Online,17.0,247.0,45,12,73.66,161.49,2745.33,False,0.0,28.1,3.3
2025-01-23,SKU101,Cotton T-Shirt,Apparel,Vendor A,North,Online,20.0,217.0,74,6,33.5,57.73,1154.6,False,0.0,16.4,4.1
2025-01-03,SKU105,Sunglasses,Accessories,Vendor A,North,Online,17.0,381.0,59,3,85.64,143.16,2433.72,False,0.0,17.3,4.4
2025-10-29,SKU111,Water Bottle,Fitness,Vendor A,North,Retail Store,26.0,226.0,79,12,24.6,52.01,1352.26,False,0.0,15.0,3.9
2025-04-12,SKU110,Smart Watch,Electronics,Vendor D,North,Online,92.0,251.0,88,6,77.96,163.29,15022.68,False,0.0,16.4,4.0
2025-02-15,SKU106,Denim Jeans,Apparel,Vendor C,South,Wholesale,71.0,269.0,87,9,71.61,120.54,8558.34,False,0.0,28.3,4.2
2025-08-29,SKU105,Sunglasses,Accessories,Vendor A,North,Online,23.0,95.0,59,3,85.64,143.16,3292.68,False,0.0,35.3,4.1
2025-09-08,SKU106,Denim Jeans,Apparel,Vendor C,South,Wholesale,64.0,260.0,87,9,71.61,120.54,7714.56,False,0.0,28.1,4.1
2025-06-26,SKU107,Baseball Cap,Accessories,Vendor A,South,Retail Store,75.0,254.0,74,13,46.67,72.31,5423.25,False,0.0,24.2,4.1
2025-05-27,SKU106,Denim Jeans,Apparel,Vendor C,South,Retail Store,69.0,116.0,87,9,71.61,120.54,8317.26,False,0.0,31.4,4.1
2025-09-06,SKU101,Cotton T-Shirt,Apparel,Vendor A,North,Online,28.0,251.0,74,6,33.5,57.73,1616.44,False,0.0,14.0,4.0
2025-03-27,SKU112,Hoodie,Apparel,Vendor B,South,Retail Store,34.0,287.0,73,11,65.48,148.54,5050.36,False,0.0,4.4,4.8
2025-10-30,SKU105,Sunglasses,Accessories,Vendor A,North,Retail Store,20.0,172.0,59,3,85.64,143.16,2863.2,False,0.0,41.4,3.9
2025-09-28,SKU112,Hoodie,Apparel,Vendor B,South,Online,48.0,166.0,73,11,65.48,148.54,7129.92,False,0.0,18.5,4.0
2025-07-08,SKU112,Hoodie,Apparel,Vendor B,South,Wholesale,28.0,205.0,73,11,65.48,148.54,4159.12,False,0.0,26.6,3.6
2025-05-29,SKU106,Denim Jeans,Apparel,Vendor C,South,Retail Store,71.0,265.0,87,9,71.61,120.54,8558.34,False,0.0,13.7,4.9
2025-06-15,SKU108,Sports Socks,Apparel,Vendor B,East,Retail Store,85.0,248.0,64,3,56.21,111.36,9465.6,False,0.0,6.5,3.6
2025-01-10,SKU112,Hoodie,Apparel,Vendor B,South,Retail Store,16.0,139.0,73,11,65.48,148.54,2376.64,False,0.0,21.3,3.9
2025-10-29,SKU109,Gym Bag,Fitness,Vendor C,West,Online,10.0,88.0,45,12,73.66,161.49,1614.9,False,0.0,19.6,4.1
2025-02-16,SKU107,Baseball Cap,Accessories,Vendor A,South,Retail Store,38.0,80.0,74,13,46.67,72.31,2747.78,False,0.0,21.8,4.2
2025-05-13,SKU101,Cotton T-Shirt,Apparel,Vendor A,North,Online,17.0,306.0,74,6,33.5,57.73,981.41,False,0.0,34.9,4.3
2025-04-25,SKU106,Denim Jeans,Apparel,Vendor C,South,Online,45.0,227.0,87,9,71.61,120.54,5424.3,False,0.0,17.7,4.5
2025-11-03,SKU102,Running Shoes,Footwear,Vendor B,West,Online,63.0,143.0,51,14,48.81,90.37,5693.31,False,0.0,20.9,4.5
2025-02-22,SKU111,Water Bottle,Fitness,Vendor A,North,Online,18.0,91.0,79,12,24.6,52.01,936.18,False,0.0,12.6,4.7
2025-02-25,SKU104,Protein Powder,Health,Vendor B,East,Retail Store,15.0,88.0,70,9,49.68,111.64,1674.6,False,0.0,27.7,3.6
2025-09-29,SKU101,Cotton T-Shirt,Apparel,Vendor A,North,Online,21.0,149.0,74,6,33.5,57.73,1212.33,False,0.0,12.8,4.5
2025-04-10,SKU104,Protein Powder,Health,Vendor B,East,Retail Store,24.0,174.0,70,9,49.68,111.64,2679.36,False,0.0,28.8,4.7
2025-07-28,SKU106,Denim Jeans,Apparel,Vendor C,South,Online,81.0,147.0,87,9,71.61,120.54,9763.74,False,0.0,19.3,4.1
2025-09-07,SKU101,Cotton T-Shirt,Apparel,Vendor A,North,Online,24.0,227.0,74,6,33.5,57.73,1385.52,False,0.0,19.2,3.5
2025-10-08,SKU106,Denim Jeans,Apparel,Vendor C,South,Online,,99.0,87,9,71.61,120.54,7714.56,False,0.0,11.6,3.4
2025-11-04,SKU106,Denim Jeans,Apparel,Vendor C,South,Retail Store,,115.0,87,9,71.61,120.54,12777.24,False,0.0,26.0,4.0
2025-04-25,SKU108,Sports Socks,Apparel,Vendor B,East,Retail Store,46.0,120.0,64,3,56.21,111.36,5122.56,False,0.0,26.3,4.1
2025-03-12,SKU107,Baseball Cap,Accessories,Vendor A,South,Retail Store,42.0,92.0,74,13,46.67,72.31,3037.02,False,0.0,33.4,4.2
2025-03-19,SKU105,Sunglasses,Accessories,Vendor A,North,Wholesale,33.0,77.0,59,3,85.64,143.16,4724.28,True,40.0,29.2,3.9
2025-12-07,SKU105,Sunglasses,Accessories,Vendor A,North,Retail Store,47.0,78.0,59,3,85.64,143.16,6728.52,False,0.0,38.0,3.3
2025-02-04,SKU104,Protein Powder,Health,Vendor B,East,Online,17.0,125.0,70,9,49.68,111.64,1897.88,False,0.0,17.9,4.1
2025-10-16,SKU107,Baseball Cap,Accessories,Vendor A,South,Online,68.0,98.0,74,13,46.67,72.31,4917.08,False,0.0,29.0,4.0
2025-12-04,SKU111,Water Bottle,Fitness,Vendor A,North,Online,37.0,338.0,79,12,24.6,52.01,1924.37,False,0.0,20.2,4.7
2025-12-12,SKU102,Running Shoes,Footwear,Vendor B,West,Online,116.0,104.0,51,14,48.81,90.37,10482.92,True,17.0,22.3,3.6
2025-09-17,SKU106,Denim Jeans,Apparel,Vendor C,South,Retail Store,49.0,102.0,87,9,71.61,120.54,5906.46,False,0.0,27.6,3.7
2025-09-02,SKU109,Gym Bag,Fitness,Vendor C,West,Online,8.0,119.0,45,12,73.66,161.49,1291.92,False,0.0,26.1,4.0
2025-04-15,SKU103,Yoga Mat,Fitness,Vendor C,East,Online,42.0,283.0,42,8,28.05,51.04,2143.68,False,0.0,13.6,4.6
2025-05-27,SKU109,Gym Bag,Fitness,Vendor C,West,Retail Store,5.0,174.0,45,12,73.66,161.49,807.45,False,0.0,9.7,4.9
2025-06-28,SKU105,Sunglasses,Accessories,Vendor A,North,Online,29.0,107.0,59,3,85.64,143.16,4151.64,False,0.0,15.8,4.7
2025-03-22,SKU110,Smart Watch,Electronics,Vendor D,North,Online,95.0,257.0,88,6,77.96,163.29,15512.55,False,0.0,31.6,4.4
2025-08-21,SKU111,Water Bottle,Fitness,Vendor A,North,Online,31.0,286.0,79,12,24.6,52.01,1612.31,False,0.0,29.6,4.5
2025-11-29,SKU110,Smart Watch,Electronics,Vendor D,North,Wholesale,138.0,250.0,88,6,77.96,163.29,22534.02,False,0.0,25.6,3.2
2025-12-18,SKU107,Baseball Cap,Accessories,Vendor A,South,Retail Store,49.0,116.0,74,13,46.67,72.31,3543.19,False,0.0,25.3,3.5
2025-03-01,SKU101,Cotton T-Shirt,Apparel,Vendor A,North,Online,26.0,129.0,74,6,33.5,57.73,1500.98,False,0.0,27.4,
2025-09-01,SKU102,Running Shoes,Footwear,Vendor B,West,Online,39.0,156.0,51,14,48.81,90.37,3524.43,False,0.0,43.0,4.6
2025-06-01,SKU109,Gym Bag,Fitness,Vendor C,West,Online,17.0,102.0,45,12,73.66,161.49,2745.33,False,0.0,24.4,4.6
2025-08-14,SKU109,Gym Bag,Fitness,Vendor C,West,Wholesale,10.0,221.0,45,12,73.66,161.49,1614.9,False,0.0,20.1,3.3
2025-12-18,SKU105,Sunglasses,Accessories,Vendor A,North,Online,32.0,214.0,59,3,85.64,143.16,4581.12,False,0.0,25.1,4.0
2025-01-15,SKU102,Running Shoes,Footwear,Vendor B,West,Retail Store,57.0,140.0,51,14,48.81,90.37,5151.09,False,0.0,25.7,4.3
2025-12-05,SKU104,Protein Powder,Health,Vendor B,East,Online,32.0,205.0,70,9,49.68,111.64,3572.48,False,0.0,30.3,4.4
2025-10-01,SKU107,Baseball Cap,Accessories,Vendor A,South,Wholesale,33.0,304.0,74,13,46.67,72.31,2386.23,False,0.0,27.0,5.0
2025-05-20,SKU102,Running Shoes,Footwear,Vendor B,West,Online,51.0,280.0,51,14,48.81,90.37,4608.87,False,0.0,19.9,4.3
2025-09-18,SKU112,Hoodie,Apparel,Vendor B,South,Online,48.0,80.0,73,11,65.48,148.54,7129.92,False,0.0,35.4,3.5
2025-04-09,SKU108,Sports Socks,Apparel,Vendor B,East,Wholesale,48.0,189.0,64,3,56.21,111.36,5345.28,False,0.0,21.5,3.9
2025-08-04,SKU104,Protein Powder,Health,Vendor B,East,Online,25.0,285.0,70,9,49.68,111.64,2791.0,False,0.0,23.3,3.9
2025-10-24,SKU103,Yoga Mat,Fitness,Vendor C,East,Online,29.0,205.0,42,8,28.05,51.04,1480.16,False,0.0,18.5,4.4
2025-06-24,SKU111,Water Bottle,Fitness,Vendor A,North,Online,29.0,213.0,79,12,24.6,52.01,1508.29,False,0.0,32.7,3.9
2025-07-31,SKU103,Yoga Mat,Fitness,Vendor C,East,Retail Store,33.0,44.0,42,8,28.05,51.04,1684.32,False,0.0,17.9,2.9
2025-03-23,SKU107,Baseball Cap,Accessories,Vendor A,South,Retail Store,85.0,219.0,74,13,46.67,72.31,6146.35,False,0.0,28.8,4.9
2025-05-30,SKU112,Hoodie,Apparel,Vendor B,South,Online,52.0,101.0,73,11,65.48,148.54,7724.08,False,0.0,31.4,3.8
2025-10-21,SKU101,Cotton T-Shirt,Apparel,Vendor A,North,Retail Store,13.0,117.0,74,6,33.5,57.73,750.49,False,0.0,21.2,4.1
2025-10-20,SKU103,Yoga Mat,Fitness,Vendor C,East,Online,42.0,140.0,42,8,28.05,51.04,2143.68,False,0.0,27.7,4.1
2025-07-19,SKU110,Smart Watch,Electronics,Vendor D,North,Retail Store,82.0,177.0,88,6,77.96,163.29,13389.78,False,0.0,22.6,4.5
2025-09-23,SKU101,Cotton T-Shirt,Apparel,Vendor A,North,Online,22.0,271.0,74,6,33.5,57.73,1270.06,False,0.0,24.7,5.0
2025-07-21,SKU106,Denim Jeans,Apparel,Vendor C,South,Retail Store,74.0,272.0,87,9,71.61,120.54,8919.96,False,0.0,33.2,4.8
2025-08-12,SKU103,Yoga Mat,Fitness,Vendor C,East,Retail Store,41.0,95.0,42,8,28.05,51.04,2092.64,False,0.0,20.4,4.9
2025-03-08,SKU106,Denim Jeans,Apparel,Vendor C,South,Online,89.0,359.0,87,9,71.61,120.54,10728.06,False,0.0,28.9,4.8
2025-05-06,SKU112,Hoodie,Apparel,Vendor B,South,Online,,174.0,73,11,65.48,148.54,7129.92,False,0.0,35.1,5.0
2025-08-20,SKU106,Denim Jeans,Apparel,Vendor C,South,Online,65.0,356.0,87,9,71.61,120.54,7835.1,False,0.0,21.9,3.9
2025-06-09,SKU101,Cotton T-Shirt,Apparel,Vendor A,North,Retail Store,21.0,282.0,74,6,33.5,57.73,1212.33,False,0.0,29.0,3.9
2025-06-21,SKU106,Denim Jeans,Apparel,Vendor C,South,Online,,280.0,87,9,71.61,120.54,14585.34,False,0.0,27.7,4.3
2025-11-10,SKU102,Running Shoes,Footwear,Vendor B,West,Retail Store,82.0,77.0,51,14,48.81,90.37,7410.34,False,0.0,15.2,3.2
2025-06-14,SKU111,Water Bottle,Fitness,Vendor A,North,Online,30.0,286.0,79,12,24.6,52.01,1560.3,False,0.0,35.7,4.9
2025-12-06,SKU106,Denim Jeans,Apparel,Vendor C,South,Online,138.0,195.0,87,9,71.61,120.54,16634.52,False,0.0,27.7,4.4
2025-10-02,SKU101,Cotton T-Shirt,Apparel,Vendor A,North,Retail Store,16.0,111.0,74,6,33.5,57.73,923.68,False,0.0,29.1,4.6
2025-02-16,SKU108,Sports Socks,Apparel,Vendor B,East,Retail Store,66.0,136.0,64,3,56.21,111.36,7349.76,False,0.0,30.8,4.3
2025-01-28,SKU107,Baseball Cap,Accessories,Vendor A,South,Online,14.0,321.0,74,13,46.67,72.31,1012.34,False,0.0,17.5,4.2
2025-10-03,SKU105,Sunglasses,Accessories,Vendor A,North,Online,17.0,148.0,59,3,85.64,143.16,2433.72,False,0.0,44.7,4.6
2025-01-11,SKU105,Sunglasses,Accessories,Vendor A,North,Online,24.0,225.0,59,3,85.64,143.16,3435.84,False,0.0,27.2,4.7
2025-12-12,SKU109,Gym Bag,Fitness,Vendor C,West,Online,20.0,255.0,45,12,73.66,161.49,3229.8,False,0.0,13.8,3.5
2025-06-06,SKU103,Yoga Mat,Fitness,Vendor C,East,Online,54.0,100.0,42,8,28.05,51.04,2756.16,False,0.0,17.6,5.0
2025-08-21,SKU101,Cotton T-Shirt,Apparel,Vendor A,North,Online,18.0,256.0,74,6,33.5,57.73,1039.14,False,0.0,44.1,3.9
2025-09-06,SKU102,Running Shoes,Footwear,Vendor B,West,Wholesale,88.0,251.0,51,14,48.81,90.37,7952.56,False,0.0,13.0,4.0
2025-03-02,SKU106,Denim Jeans,Apparel,Vendor C,South,Wholesale,147.0,218.0,87,9,71.61,120.54,17719.38,True,12.0,34.7,4.6
2025-06-11,SKU104,Protein Powder,Health,Vendor B,East,Wholesale,20.0,,70,9,49.68,111.64,2232.8,False,0.0,17.4,4.6
2025-02-14,SKU106,Denim Jeans,Apparel,Vendor C,South,Online,84.0,340.0,87,9,71.61,120.54,10125.36,False,0.0,34.7,4.5
2025-05-24,SKU103,Yoga Mat,Fitness,Vendor C,East,Retail Store,82.0,76.0,42,8,28.05,51.04,4185.28,False,0.0,20.9,4.0
2025-01-17,SKU112,Hoodie,Apparel,Vendor B,South,Online,45.0,73.0,73,11,65.48,148.54,6684.3,False,0.0,18.8,4.4
2025-12-22,SKU105,Sunglasses,Accessories,Vendor A,North,Retail Store,29.0,65.0,59,3,85.64,143.16,4151.64,False,0.0,22.1,4.9
2025-09-21,SKU108,Sports Socks,Apparel,Vendor B,East,Online,72.0,114.0,64,3,56.21,111.36,8017.92,False,0.0,34.8,4.6
2025-10-21,SKU105,Sunglasses,Accessories,Vendor A,North,Online,30.0,202.0,59,3,85.64,143.16,4294.8,False,0.0,19.8,3.5
2025-02-02,SKU106,Denim Jeans,Apparel,Vendor C,South,Online,66.0,163.0,87,9,71.61,120.54,7955.64,False,0.0,22.3,4.5
2025-10-15,SKU101,Cotton T-Shirt,Apparel,Vendor A,North,Online,26.0,236.0,74,6,33.5,57.73,1500.98,False,0.0,23.4,4.8
2025-09-15,SKU110,Smart Watch,Electronics,Vendor D,North,Online,65.0,228.0,88,6,77.96,163.29,10613.85,False,0.0,25.4,4.5
2025-03-27,SKU105,Sunglasses,Accessories,Vendor A,North,Online,19.0,156.0,59,3,85.64,143.16,2720.04,False,0.0,25.7,4.0
2025-10-25,SKU108,Sports Socks,Apparel,Vendor B,East,Retail Store,79.0,70.0,64,3,56.21,111.36,8797.44,False,0.0,25.3,3.9
2025-08-08,SKU109,Gym Bag,Fitness,Vendor C,West,Retail Store,10.0,79.0,45,12,73.66,161.49,1614.9,False,0.0,15.6,4.3
2025-05-31,SKU103,Yoga Mat,Fitness,Vendor C,East,Online,74.0,131.0,42,8,28.05,51.04,3776.96,False,0.0,20.6,4.1
2025-11-30,SKU105,Sunglasses,Accessories,Vendor A,North,Online,43.0,81.0,59,3,85.64,143.16,6155.88,False,0.0,35.3,4.4
2025-02-19,SKU111,Water Bottle,Fitness,Vendor A,North,Online,25.0,158.0,79,12,24.6,52.01,1300.25,False,0.0,37.2,4.3
2025-02-13,SKU109,Gym Bag,Fitness,Vendor C,West,Online,9.0,71.0,45,12,73.66,161.49,1453.41,False,0.0,29.5,4.6
2025-05-30,SKU105,Sunglasses,Accessories,Vendor A,North,Online,16.0,173.0,59,3,85.64,143.16,2290.56,False,0.0,19.8,4.4
2025-10-10,SKU102,Running Shoes,Footwear,Vendor B,West,Retail Store,77.0,149.0,51,14,48.81,90.37,6958.49,False,0.0,13.4,3.8
2025-09-03,SKU106,Denim Jeans,Apparel,Vendor C,South,Online,64.0,214.0,87,9,71.61,120.54,7714.56,False,0.0,28.3,5.0
2025-01-11,SKU107,Baseball Cap,Accessories,Vendor A,South,Online,35.0,186.0,74,13,46.67,72.31,2530.85,False,0.0,18.0,3.9
2025-11-15,SKU110,Smart Watch,Electronics,Vendor D,North,Online,156.0,206.0,88,6,77.96,163.29,25473.24,False,0.0,26.5,4.5
2025-07-30,SKU110,Smart Watch,Electronics,Vendor D,North,Online,66.0,110.0,88,6,77.96,163.29,10777.14,False,0.0,25.1,4.0
2025-05-14,SKU106,Denim Jeans,Apparel,Vendor C,South,Online,46.0,265.0,87,9,71.61,120.54,5544.84,False,0.0,25.9,3.5
2025-02-06,SKU101,Cotton T-Shirt,Apparel,Vendor A,North,Wholesale,14.0,253.0,74,6,33.5,57.73,808.22,False,0.0,42.8,4.0
2025-06-30,SKU112,Hoodie,Apparel,Vendor B,South,Online,54.0,122.0,73,11,65.48,148.54,8021.16,False,0.0,18.6,4.5
2025-05-17,SKU106,Denim Jeans,Apparel,Vendor C,South,Online,105.0,296.0,87,9,71.61,120.54,12656.7,False,0.0,15.7,3.6
2025-12-10,SKU107,Baseball Cap,Accessories,Vendor A,South,Retail Store,62.0,217.0,74,13,46.67,72.31,4483.22,False,0.0,19.8,4.9
2025-06-07,SKU109,Gym Bag,Fitness,Vendor C,West,Online,17.0,244.0,45,12,73.66,161.49,2745.33,False,0.0,24.9,3.7
2025-02-18,SKU107,Baseball Cap,Accessories,Vendor A,South,Retail Store,,270.0,74,13,46.67,72.31,1590.82,False,0.0,15.1,4.7
2025-07-21,SKU101,Cotton T-Shirt,Apparel,Vendor A,North,Retail Store,23.0,252.0,74,6,33.5,57.73,1327.79,False,0.0,28.2,4.6
2025-07-09,SKU110,Smart Watch,Electronics,Vendor D,North,Online,58.0,324.0,88,6,77.96,163.29,9470.82,False,0.0,25.5,4.0
2025-01-31,SKU101,Cotton T-Shirt,Apparel,Vendor A,North,Online,8.0,93.0,74,6,33.5,57.73,461.84,False,0.0,20.5,4.5
2025-05-11,SKU105,Sunglasses,Accessories,Vendor A,North,Wholesale,27.0,107.0,59,3,85.64,143.16,3865.32,False,0.0,28.0,4.3
2025-09-20,SKU108,Sports Socks,Apparel,Vendor B,East,Online,83.0,186.0,64,3,56.21,111.36,9242.88,False,0.0,29.2,4.5
2025-04-11,SKU105,Sunglasses,Accessories,Vendor A,North,Retail Store,21.0,147.0,59,3,85.64,143.16,3006.36,False,0.0,18.2,4.7
2025-04-03,SKU103,Yoga Mat,Fitness,Vendor C,East,Wholesale,45.0,226.0,42,8,28.05,51.04,2296.8,False,0.0,25.3,3.7
2025-07-27,SKU103,Yoga Mat,Fitness,Vendor C,East,Wholesale,68.0,103.0,42,8,28.05,51.04,3470.72,False,0.0,18.5,3.9
2025-06-23,SKU103,Yoga Mat,Fitness,Vendor C,East,Online,31.0,149.0,42,8,28.05,51.04,1582.24,False,0.0,26.5,4.1
2025-12-31,SKU104,Protein Powder,Health,Vendor B,East,Online,33.0,301.0,70,9,49.68,111.64,3684.12,False,0.0,35.2,4.8
2025-01-16,SKU105,Sunglasses,Accessories,Vendor A,North,Online,16.0,159.0,59,3,85.64,143.16,2290.56,False,0.0,47.9,4.5
2025-03-25,SKU110,Smart Watch,Electronics,Vendor D,North,Retail Store,68.0,241.0,88,6,77.96,163.29,11103.72,False,0.0,23.5,3.2
2025-10-04,SKU107,Baseball Cap,Accessories,Vendor A,South,Retail Store,60.0,144.0,74,13,46.67,72.31,4338.6,False,0.0,31.7,4.5
2025-06-02,SKU105,Sunglasses,Accessories,Vendor A,North,Retail Store,28.0,78.0,59,3,85.64,143.16,4008.48,False,0.0,24.5,3.8
2025-05-21,SKU108,Sports Socks,Apparel,Vendor B,East,Online,43.0,243.0,64,3,56.21,111.36,4788.48,False,0.0,33.2,4.2
2025-06-22,SKU107,Baseball Cap,Accessories,Vendor A,South,Online,91.0,105.0,74,13,46.67,72.31,6580.21,False,0.0,22.6,3.8
2025-03-30,SKU107,Baseball Cap,Accessories,Vendor A,South,Retail Store,76.0,296.0,74,13,46.67,72.31,5495.56,False,0.0,28.9,3.9
2025-04-15,SKU105,Sunglasses,Accessories,Vendor A,North,Online,21.0,180.0,59,3,85.64,143.16,3006.36,False,0.0,27.2,4.7
2025-08-22,SKU107,Baseball Cap,Accessories,Vendor A,South,Online,61.0,184.0,74,13,46.67,72.31,4410.91,False,0.0,42.0,4.3
2025-07-08,SKU110,Smart Watch,Electronics,Vendor D,North,Retail Store,58.0,125.0,88,6,77.96,163.29,9470.82,False,0.0,35.5,4.2
2025-05-08,SKU112,Hoodie,Apparel,Vendor B,South,Retail Store,53.0,218.0,73,11,65.48,148.54,7872.62,False,0.0,25.7,4.0
2025-05-04,SKU109,Gym Bag,Fitness,Vendor C,West,Wholesale,14.0,,45,12,73.66,161.49,2260.86,False,0.0,29.4,4.2
2025-05-20,SKU105,Sunglasses,Accessories,Vendor A,North,Online,26.0,210.0,59,3,85.64,143.16,3722.16,False,0.0,15.5,4.3
2025-03-19,SKU112,Hoodie,Apparel,Vendor B,South,Retail Store,43.0,155.0,73,11,65.48,148.54,6387.22,False,0.0,19.0,2.7
2025-02-20,SKU108,Sports Socks,Apparel,Vendor B,East,Online,47.0,242.0,64,3,56.21,111.36,5233.92,False,0.0,22.3,3.6
2025-08-18,SKU110,Smart Watch,Electronics,Vendor D,North,Online,91.0,155.0,88,6,77.96,163.29,14859.39,False,0.0,29.0,4.5
2025-10-21,SKU104,Protein Powder,Health,Vendor B,East,Online,23.0,179.0,70,9,49.68,111.64,2567.72,False,0.0,24.3,4.3
2025-03-03,SKU106,Denim Jeans,Apparel,Vendor C,South,Online,31.0,187.0,87,9,71.61,120.54,3736.74,False,0.0,11.2,4.1
2025-10-13,SKU109,Gym Bag,Fitness,Vendor C,West,Online,9.0,298.0,45,12,73.66,161.49,1453.41,False,0.0,21.8,5.0
2025-05-26,SKU104,Protein Powder,Health,Vendor B,East,Online,14.0,285.0,70,9,49.68,111.64,1562.96,False,0.0,24.5,4.2
2025-11-18,SKU106,Denim Jeans,Apparel,Vendor C,South,Online,49.0,169.0,87,9,71.61,120.54,5906.46,False,0.0,37.1,5.0
2025-05-02,SKU105,Sunglasses,Accessories,Vendor A,North,Retail Store,24.0,118.0,59,3,85.64,143.16,3435.84,False,0.0,19.9,4.1
2025-05-08,SKU107,Baseball Cap,Accessories,Vendor A,South,Retail Store,52.0,112.0,74,13,46.67,72.31,3760.12,False,0.0,35.4,4.2
2025-10-01,SKU111,Water Bottle,Fitness,Vendor A,North,Online,22.0,189.0,79,12,24.6,52.01,1144.22,False,0.0,7.5,4.4
2025-10-05,SKU110,Smart Watch,Electronics,Vendor D,North,Online,90.0,166.0,88,6,77.96,163.29,14696.1,False,0.0,25.1,3.9
2025-08-18,SKU104,Protein Powder,Health,Vendor B,East,Online,40.0,107.0,70,9,49.68,111.64,4465.6,True,27.0,29.5,4.2
2025-12-30,SKU112,Hoodie,Apparel,Vendor B,South,Online,,146.0,73,11,65.48,148.54,18418.96,True,32.0,33.1,4.5
2025-03-31,SKU103,Yoga Mat,Fitness,Vendor C,East,Retail Store,49.0,84.0,42,8,28.05,51.04,2500.96,False,0.0,28.1,4.4
2025-09-05,SKU102,Running Shoes,Footwear,Vendor B,West,Retail Store,53.0,108.0,51,14,48.81,90.37,4789.61,False,0.0,21.5,3.9
2025-09-29,SKU109,Gym Bag,Fitness,Vendor C,West,Online,12.0,226.0,45,12,73.66,161.49,1937.88,False,0.0,27.0,4.9
2025-12-06,SKU105,Sunglasses,Accessories,Vendor A,North,Retail Store,43.0,125.0,59,3,85.64,143.16,6155.88,False,0.0,31.2,3.6
2025-11-14,SKU110,Smart Watch,Electronics,Vendor D,North,Online,96.0,168.0,88,6,77.96,163.29,15675.84,False,0.0,31.5,4.1
2025-10-24,SKU107,Baseball Cap,Accessories,Vendor A,South,Wholesale,62.0,266.0,74,13,46.67,72.31,4483.22,False,0.0,34.7,3.1
2025-05-08,SKU111,Water Bottle,Fitness,Vendor A,North,Online,19.0,212.0,79,12,24.6,52.01,988.19,False,0.0,37.9,4.6
2025-09-20,SKU102,Running Shoes,Footwear,Vendor B,West,Online,64.0,68.0,51,14,48.81,90.37,5783.68,False,0.0,20.0,4.4
2025-06-15,SKU102,Running Shoes,Footwear,Vendor B,West,Online,72.0,106.0,51,14,48.81,90.37,6506.64,False,0.0,38.1,4.5
2025-11-09,SKU109,Gym Bag,Fitness,Vendor C,West,Retail Store,24.0,145.0,45,12,73.66,161.49,3875.76,False,0.0,24.8,4.4
2025-05-26,SKU110,Smart Watch,Electronics,Vendor D,North,Retail Store,85.0,208.0,88,6,77.96,163.29,13879.65,False,0.0,31.2,4.3
2025-08-17,SKU109,Gym Bag,Fitness,Vendor C,West,Online,14.0,179.0,45,12,73.66,161.49,2260.86,False,0.0,26.2,3.9
2025-01-09,SKU102,Running Shoes,Footwear,Vendor B,West,Online,57.0,212.0,51,14,48.81,90.37,5151.09,False,0.0,36.8,4.5
2025-06-05,SKU106,Denim Jeans,Apparel,Vendor C,South,Retail Store,55.0,179.0,87,9,71.61,120.54,6629.7,False,0.0,20.6,4.0
2025-04-25,SKU103,Yoga Mat,Fitness,Vendor C,East,Retail Store,48.0,252.0,42,8,28.05,51.04,2449.92,False,0.0,18.2,4.3
2025-04-12,SKU105,Sunglasses,Accessories,Vendor A,North,Online,31.0,116.0,59,3,85.64,143.16,4437.96,False,0.0,26.4,3.6
2025-10-26,SKU112,Hoodie,Apparel,Vendor B,South,Online,53.0,280.0,73,11,65.48,148.54,7872.62,False,0.0,10.0,4.4
2025-08-15,SKU101,Cotton T-Shirt,Apparel,Vendor A,North,Online,20.0,200.0,74,6,33.5,57.73,1154.6,False,0.0,20.3,4.6
2025-04-01,SKU107,Baseball Cap,Accessories,Vendor A,South,Online,52.0,199.0,74,13,46.67,72.31,3760.12,False,0.0,16.7,4.1
2025-07-13,SKU101,Cotton T-Shirt,Apparel,Vendor A,North,Online,28.0,161.0,74,6,33.5,57.73,1616.44,False,0.0,33.8,4.6
2025-07-20,SKU110,Smart Watch,Electronics,Vendor D,North,Online,92.0,312.0,88,6,77.96,163.29,15022.68,False,0.0,28.9,4.2
2025-10-09,SKU103,Yoga Mat,Fitness,Vendor C,East,Online,43.0,76.0,42,8,28.05,51.04,2194.72,False,0.0,26.5,4.3
2025-01-08,SKU111,Water Bottle,Fitness,Vendor A,North,Retail Store,16.0,247.0,79,12,24.6,52.01,832.16,False,0.0,23.0,4.9
2025-04-19,SKU112,Hoodie,Apparel,Vendor B,South,Wholesale,65.0,185.0,73,11,65.48,148.54,9655.1,False,0.0,34.0,5.0
2025-02-27,SKU105,Sunglasses,Accessories,Vendor A,North,Retail Store,19.0,107.0,59,3,85.64,143.16,2720.04,False,0.0,18.2,3.5
2025-06-03,SKU104,Protein Powder,Health,Vendor B,East,Online,24.0,77.0,70,9,49.68,111.64,2679.36,False,0.0,35.5,3.9
2025-01-08,SKU108,Sports Socks,Apparel,Vendor B,East,Retail Store,44.0,79.0,64,3,56.21,111.36,4899.84,False,0.0,9.6,5.0
2025-09-27,SKU112,Hoodie,Apparel,Vendor B,South,Retail Store,67.0,214.0,73,11,65.48,148.54,9952.18,False,0.0,38.8,3.6
2025-08-19,SKU105,Sunglasses,Accessories,Vendor A,North,Online,28.0,102.0,59,3,85.64,143.16,4008.48,False,0.0,24.0,4.2
2025-06-24,SKU112,Hoodie,Apparel,Vendor B,South,Online,40.0,121.0,73,11,65.48,148.54,5941.6,False,0.0,20.3,4.5
2025-10-26,SKU103,Yoga Mat,Fitness,Vendor C,East,Online,56.0,84.0,42,8,28.05,51.04,2858.24,False,0.0,27.3,4.0
2025-05-23,SKU104,Protein Powder,Health,Vendor B,East,Online,20.0,99.0,70,9,49.68,111.64,2232.8,False,0.0,20.2,5.0
2025-06-02,SKU108,Sports Socks,Apparel,Vendor B,East,Online,50.0,77.0,64,3,56.21,111.36,5568.0,False,0.0,17.8,4.2
2025-07-28,SKU101,Cotton T-Shirt,Apparel,Vendor A,North,Online,20.0,104.0,74,6,33.5,57.73,1154.6,False,0.0,27.8,4.6
2025-11-22,SKU109,Gym Bag,Fitness,Vendor C,West,Online,28.0,159.0,45,12,73.66,161.49,4521.72,False,0.0,17.5,4.2
2025-10-29,SKU112,Hoodie,Apparel,Vendor B,South,Online,53.0,132.0,73,11,65.48,148.54,7872.62,False,0.0,28.3,4.3
2025-03-31,SKU105,Sunglasses,Accessories,Vendor A,North,Online,27.0,229.0,59,3,85.64,143.16,3865.32,False,0.0,29.2,4.4
2025-07-04,SKU103,Yoga Mat,Fitness,Vendor C,East,Retail Store,41.0,165.0,42,8,28.05,51.04,2092.64,False,0.0,27.5,4.8
2025-12-21,SKU108,Sports Socks,Apparel,Vendor B,East,Online,129.0,201.0,64,3,56.21,111.36,14365.44,False,0.0,16.6,4.0
2025-07-04,SKU101,Cotton T-Shirt,Apparel,Vendor A,North,Online,4.0,104.0,74,6,33.5,57.73,230.92,False,0.0,18.0,4.7
2025-12-29,SKU102,Running Shoes,Footwear,Vendor B,West,Online,80.0,183.0,51,14,48.81,90.37,7229.6,False,0.0,32.3,4.5
2025-10-26,SKU111,Water Bottle,Fitness,Vendor A,North,Retail Store,35.0,113.0,79,12,24.6,52.01,1820.35,False,0.0,35.3,5.0
2025-01-14,SKU104,Protein Powder,Health,Vendor B,East,Retail Store,9.0,79.0,70,9,49.68,111.64,1004.76,False,0.0,42.1,4.4
2025-09-29,SKU103,Yoga Mat,Fitness,Vendor C,East,Online,62.0,69.0,42,8,28.05,51.04,3164.48,False,0.0,30.2,3.8
2025-05-11,SKU110,Smart Watch,Electronics,Vendor D,North,Online,108.0,289.0,88,6,77.96,163.29,17635.32,False,0.0,11.1,3.7
2025-01-09,SKU111,Water Bottle,Fitness,Vendor A,North,Online,17.0,230.0,79,12,24.6,52.01,884.17,False,0.0,18.5,3.9
2025-08-18,SKU101,Cotton T-Shirt,Apparel,Vendor A,North,Online,16.0,121.0,74,6,33.5,57.73,923.68,False,0.0,29.5,4.0
2025-06-22,SKU106,Denim Jeans,Apparel,Vendor C,South,Online,86.0,194.0,87,9,71.61,120.54,10366.44,False,0.0,25.8,3.7
2025-06-16,SKU101,Cotton T-Shirt,Apparel,Vendor A,North,Online,38.0,,74,6,33.5,57.73,2193.74,True,23.0,24.6,4.4
2025-11-21,SKU102,Running Shoes,Footwear,Vendor B,West,Online,75.0,237.0,51,14,48.81,90.37,6777.75,False,0.0,19.3,4.4
2025-06-26,SKU104,Protein Powder,Health,Vendor B,East,Retail Store,35.0,237.0,70,9,49.68,111.64,3907.4,True,34.0,28.1,3.7
2025-11-01,SKU101,Cotton T-Shirt,Apparel,Vendor A,North,Online,41.0,254.0,74,6,33.5,57.73,2366.93,False,0.0,19.5,4.9
2025-11-17,SKU105,Sunglasses,Accessories,Vendor A,North,Retail Store,33.0,74.0,59,3,85.64,143.16,4724.28,False,0.0,42.1,3.7
2025-04-07,SKU108,Sports Socks,Apparel,Vendor B,East,Wholesale,35.0,120.0,64,3,56.21,111.36,3897.6,False,0.0,24.5,
2025-01-16,SKU104,Protein Powder,Health,Vendor B,East,Online,5.0,186.0,70,9,49.68,111.64,558.2,False,0.0,39.9,3.8
2025-11-19,SKU105,Sunglasses,Accessories,Vendor A,North,Online,40.0,122.0,59,3,85.64,143.16,5726.4,False,0.0,25.0,4.5
2025-09-23,SKU106,Denim Jeans,Apparel,Vendor C,South,Online,66.0,114.0,87,9,71.61,120.54,7955.64,False,0.0,29.4,4.0
2025-05-25,SKU106,Denim Jeans,Apparel,Vendor C,South,Retail Store,68.0,247.0,87,9,71.61,120.54,8196.72,False,0.0,20.1,5.0
2025-01-14,SKU106,Denim Jeans,Apparel,Vendor C,South,Retail Store,36.0,201.0,87,9,71.61,120.54,4339.44,False,0.0,24.5,4.0
2025-06-10,SKU111,Water Bottle,Fitness,Vendor A,North,Retail Store,26.0,148.0,79,12,24.6,52.01,1352.26,False,0.0,29.8,4.3
2025-12-26,SKU110,Smart Watch,Electronics,Vendor D,North,Online,74.0,170.0,88,6,77.96,163.29,12083.46,False,0.0,22.2,4.2
2025-08-01,SKU106,Denim Jeans,Apparel,Vendor C,South,Online,59.0,100.0,87,9,71.61,120.54,7111.86,False,0.0,28.6,3.3
2025-01-13,SKU108,Sports Socks,Apparel,Vendor B,East,Wholesale,38.0,223.0,64,3,56.21,111.36,4231.68,False,0.0,27.4,4.1
2025-06-06,SKU109,Gym Bag,Fitness,Vendor C,West,Online,9.0,49.0,45,12,73.66,161.49,1453.41,False,0.0,17.0,4.5
2025-02-08,SKU102,Running Shoes,Footwear,Vendor B,West,Online,54.0,188.0,51,14,48.81,90.37,4879.98,False,0.0,31.6,4.3
2025-12-31,SKU111,Water Bottle,Fitness,Vendor A,North,Online,47.0,283.0,79,12,24.6,52.01,2444.47,False,0.0,39.3,3.9
2025-02-13,SKU105,Sunglasses,Accessories,Vendor A,North,Online,8.0,193.0,59,3,85.64,143.16,1145.28,False,0.0,18.2,4.3
2025-03-16,SKU112,Hoodie,Apparel,Vendor B,South,Wholesale,64.0,300.0,73,11,65.48,148.54,9506.56,False,0.0,29.7,3.6
2025-02-04,SKU112,Hoodie,Apparel,Vendor B,South,Online,39.0,84.0,73,11,65.48,148.54,5793.06,False,0.0,23.2,3.6
2025-06-02,SKU101,Cotton T-Shirt,Apparel,Vendor A,North,Retail Store,22.0,219.0,74,6,33.5,57.73,1270.06,False,0.0,17.5,4.0
2025-03-27,SKU103,Yoga Mat,Fitness,Vendor C,East,Online,44.0,113.0,42,8,28.05,51.04,2245.76,False,0.0,20.1,3.8
2025-03-02,SKU111,Water Bottle,Fitness,Vendor A,North,Online,31.0,166.0,79,12,24.6,52.01,1612.31,False,0.0,18.1,4.3
2025-06-12,SKU103,Yoga Mat,Fitness,Vendor C,East,Retail Store,47.0,248.0,42,8,28.05,51.04,2398.88,False,0.0,16.9,3.6
2025-07-03,SKU106,Denim Jeans,Apparel,Vendor C,South,Online,80.0,252.0,87,9,71.61,120.54,9643.2,False,0.0,37.7,4.7
2025-12-30,SKU103,Yoga Mat,Fitness,Vendor C,East,Online,62.0,56.0,42,8,28.05,51.04,3164.48,False,0.0,29.6,4.6
2025-05-21,SKU111,Water Bottle,Fitness,Vendor A,North,Retail Store,21.0,117.0,79,12,24.6,52.01,1092.21,False,0.0,26.7,3.6
2025-01-05,SKU103,Yoga Mat,Fitness,Vendor C,East,Online,27.0,52.0,42,8,28.05,51.04,1378.08,False,0.0,30.7,5.0
2025-11-29,SKU108,Sports Socks,Apparel,Vendor B,East,Online,106.0,168.0,64,3,56.21,111.36,11804.16,False,0.0,11.1,4.5
2025-07-16,SKU103,Yoga Mat,Fitness,Vendor C,East,Wholesale,49.0,70.0,42,8,28.05,51.04,2500.96,False,0.0,19.7,3.8
2025-04-08,SKU105,Sunglasses,Accessories,Vendor A,North,Retail Store,23.0,196.0,59,3,85.64,143.16,3292.68,False,0.0,26.5,4.8
2025-04-23,SKU103,Yoga Mat,Fitness,Vendor C,East,Retail Store,30.0,86.0,42,8,28.05,51.04,1531.2,False,0.0,14.6,4.2
2025-03-14,SKU105,Sunglasses,Accessories,Vendor A,North,Online,27.0,236.0,59,3,85.64,143.16,3865.32,False,0.0,24.1,4.1
2025-11-05,SKU108,Sports Socks,Apparel,Vendor B,East,Online,79.0,166.0,64,3,56.21,111.36,8797.44,False,0.0,29.1,2.8
2025-06-16,SKU111,Water Bottle,Fitness,Vendor A,North,Retail Store,20.0,230.0,79,12,24.6,52.01,1040.2,False,0.0,24.9,4.3
2025-07-07,SKU107,Baseball Cap,Accessories,Vendor A,South,Retail Store,41.0,143.0,74,13,46.67,72.31,2964.71,False,0.0,29.6,3.6
2025-10-30,SKU103,Yoga Mat,Fitness,Vendor C,East,Wholesale,42.0,44.0,42,8,28.05,51.04,2143.68,False,0.0,36.3,4.3
2025-08-28,SKU106,Denim Jeans,Apparel,Vendor C,South,Online,106.0,119.0,87,9,71.61,120.54,12777.24,False,0.0,24.2,4.4
2025-12-17,SKU112,Hoodie,Apparel,Vendor B,South,Online,110.0,190.0,73,11,65.48,148.54,16339.4,True,21.0,31.6,3.7
2025-11-25,SKU109,Gym Bag,Fitness,Vendor C,West,Online,15.0,107.0,45,12,73.66,161.49,2422.35,False,0.0,22.3,3.9
2025-12-08,SKU102,Running Shoes,Footwear,Vendor B,West,Retail Store,84.0,166.0,51,14,48.81,90.37,7591.08,False,0.0,25.0,3.9
2025-12-22,SKU102,Running Shoes,Footwear,Vendor B,West,Online,70.0,234.0,51,14,48.81,90.37,6325.9,False,0.0,40.4,2.9
2025-10-07,SKU104,Protein Powder,Health,Vendor B,East,Online,21.0,190.0,70,9,49.68,111.64,2344.44,False,0.0,17.0,4.5
2025-06-08,SKU109,Gym Bag,Fitness,Vendor C,West,Online,16.0,228.0,45,12,73.66,161.49,2583.84,False,0.0,28.0,4.3
2025-03-25,SKU111,Water Bottle,Fitness,Vendor A,North,Online,28.0,231.0,79,12,24.6,52.01,1456.28,False,0.0,19.1,4.0
2025-03-16,SKU105,Sunglasses,Accessories,Vendor A,North,Online,56.0,156.0,59,3,85.64,143.16,8016.96,True,15.0,18.1,3.2
2025-02-22,SKU109,Gym Bag,Fitness,Vendor C,West,Online,11.0,163.0,45,12,73.66,161.49,1776.39,False,0.0,37.5,4.7
2025-08-05,SKU106,Denim Jeans,Apparel,Vendor C,South,Retail Store,42.0,308.0,87,9,71.61,120.54,5062.68,False,0.0,24.0,4.2
2025-09-01,SKU107,Baseball Cap,Accessories,Vendor A,South,Retail Store,68.0,221.0,74,13,46.67,72.31,4917.08,False,0.0,40.1,4.0
2025-04-06,SKU103,Yoga Mat,Fitness,Vendor C,East,Retail Store,63.0,53.0,42,8,28.05,51.04,3215.52,False,0.0,15.1,3.1
2025-08-10,SKU101,Cotton T-Shirt,Apparel,Vendor A,North,Retail Store,27.0,153.0,74,6,33.5,57.73,1558.71,False,0.0,13.5,4.2
2025-08-11,SKU109,Gym Bag,Fitness,Vendor C,West,Online,11.0,258.0,45,12,73.66,161.49,1776.39,False,0.0,42.1,4.3
2025-03-01,SKU112,Hoodie,Apparel,Vendor B,South,Online,59.0,150.0,73,11,65.48,148.54,8763.86,False,0.0,41.0,3.9
2025-03-12,SKU108,Sports Socks,Apparel,Vendor B,East,Wholesale,53.0,180.0,64,3,56.21,111.36,5902.08,False,0.0,28.1,3.2
2025-10-01,SKU110,Smart Watch,Electronics,Vendor D,North,Online,81.0,186.0,88,6,77.96,163.29,13226.49,False,0.0,17.7,3.4
2025-12-12,SKU108,Sports Socks,Apparel,Vendor B,East,Retail Store,84.0,215.0,64,3,56.21,111.36,9354.24,False,0.0,31.2,4.6
2025-07-11,SKU107,Baseball Cap,Accessories,Vendor A,South,Retail Store,47.0,211.0,74,13,46.67,72.31,3398.57,False,0.0,30.9,4.3
2025-05-05,SKU112,Hoodie,Apparel,Vendor B,South,Online,34.0,222.0,73,11,65.48,148.54,5050.36,False,0.0,20.4,4.2
2025-03-11,SKU112,Hoodie,Apparel,Vendor B,South,Online,88.0,230.0,73,11,65.48,148.54,13071.52,True,17.0,37.2,3.7
2025-05-10,SKU112,Hoodie,Apparel,Vendor B,South,Retail Store,59.0,113.0,73,11,65.48,148.54,8763.86,False,0.0,19.7,3.6
2025-06-12,SKU105,Sunglasses,Accessories,Vendor A,North,Online,22.0,99.0,59,3,85.64,143.16,3149.52,False,0.0,32.1,4.1
2025-09-26,SKU108,Sports Socks,Apparel,Vendor B,East,Retail Store,72.0,306.0,64,3,56.21,111.36,8017.92,False,0.0,20.9,5.0
2025-10-07,SKU105,Sunglasses,Accessories,Vendor A,North,Retail Store,19.0,324.0,59,3,85.64,143.16,2720.04,False,0.0,12.2,4.5
2025-02-09,SKU104,Protein Powder,Health,Vendor B,East,Online,13.0,205.0,70,9,49.68,111.64,1451.32,False,0.0,29.2,4.2
2025-07-27,SKU107,Baseball Cap,Accessories,Vendor A,South,Online,81.0,130.0,74,13,46.67,72.31,5857.11,False,0.0,31.2,4.0
2025-10-07,SKU109,Gym Bag,Fitness,Vendor C,West,Online,12.0,113.0,45,12,73.66,161.49,1937.88,False,0.0,24.4,5.0
2025-02-13,SKU112,Hoodie,Apparel,Vendor B,South,Retail Store,76.0,113.0,73,11,65.48,148.54,11289.04,True,15.0,16.2,3.6
2025-05-06,SKU102,Running Shoes,Footwear,Vendor B,West,Retail Store,70.0,172.0,51,14,48.81,90.37,6325.9,False,0.0,27.7,3.9
2025-10-15,SKU104,Protein Powder,Health,Vendor B,East,Online,26.0,149.0,70,9,49.68,111.64,2902.64,False,0.0,6.1,4.7
2025-05-17,SKU108,Sports Socks,Apparel,Vendor B,East,Online,83.0,284.0,64,3,56.21,111.36,9242.88,False,0.0,29.3,4.5
2025-03-08,SKU101,Cotton T-Shirt,Apparel,Vendor A,North,Online,25.0,115.0,74,6,33.5,57.73,1443.25,False,0.0,12.8,4.4
2025-02-19,SKU105,Sunglasses,Accessories,Vendor A,North,Online,27.0,80.0,59,3,85.64,143.16,3865.32,True,28.0,35.1,4.0
2025-01-27,SKU102,Running Shoes,Footwear,Vendor B,West,Online,26.0,179.0,51,14,48.81,90.37,2349.62,False,0.0,25.5,4.4
2025-01-18,SKU112,Hoodie,Apparel,Vendor B,South,Retail Store,48.0,160.0,73,11,65.48,148.54,7129.92,False,0.0,31.3,4.8
2025-09-25,SKU105,Sunglasses,Accessories,Vendor A,North,Retail Store,32.0,321.0,59,3,85.64,143.16,4581.12,True,12.0,22.2,4.7
2025-09-26,SKU104,Protein Powder,Health,Vendor B,East,Wholesale,30.0,123.0,70,9,49.68,111.64,3349.2,False,0.0,11.1,5.0
2025-03-28,SKU110,Smart Watch,Electronics,Vendor D,North,Online,37.0,284.0,88,6,77.96,163.29,6041.73,False,0.0,30.8,4.7
2025-01-28,SKU106,Denim Jeans,Apparel,Vendor C,South,Retail Store,16.0,154.0,87,9,71.61,120.54,1928.64,False,0.0,21.5,3.6
2025-02-27,SKU108,Sports Socks,Apparel,Vendor B,East,Wholesale,26.0,244.0,64,3,56.21,111.36,2895.36,False,0.0,29.4,4.7
2025-04-06,SKU107,Baseball Cap,Accessories,Vendor A,South,Online,84.0,81.0,74,13,46.67,72.31,6074.04,True,39.0,8.3,3.3
2025-07-18,SKU109,Gym Bag,Fitness,Vendor C,West,Online,10.0,130.0,45,12,73.66,161.49,1614.9,False,0.0,37.5,3.5
2025-06-29,SKU105,Sunglasses,Accessories,Vendor A,North,Online,32.0,75.0,59,3,85.64,143.16,4581.12,False,0.0,22.1,3.8
2025-01-06,SKU110,Smart Watch,Electronics,Vendor D,North,Online,34.0,171.0,88,6,77.96,163.29,5551.86,False,0.0,22.7,4.6
2025-09-09,SKU102,Running Shoes,Footwear,Vendor B,West,Wholesale,73.0,244.0,51,14,48.81,90.37,6597.01,False,0.0,24.1,5.0
2025-01-22,SKU111,Water Bottle,Fitness,Vendor A,North,Wholesale,24.0,172.0,79,12,24.6,52.01,1248.24,True,20.0,12.6,3.4
2025-01-30,SKU101,Cotton T-Shirt,Apparel,Vendor A,North,Online,17.0,101.0,74,6,33.5,57.73,981.41,False,0.0,16.6,4.0
2025-12-28,SKU109,Gym Bag,Fitness,Vendor C,West,Online,21.0,70.0,45,12,73.66,161.49,3391.29,False,0.0,33.4,4.7
2025-08-17,SKU105,Sunglasses,Accessories,Vendor A,North,Retail Store,28.0,146.0,59,3,85.64,143.16,4008.48,False,0.0,8.3,4.3
2025-06-09,SKU112,Hoodie,Apparel,Vendor B,South,Online,57.0,291.0,73,11,65.48,148.54,8466.78,False,0.0,11.9,3.9
2025-09-08,SKU109,Gym Bag,Fitness,Vendor C,West,Online,13.0,287.0,45,12,73.66,161.49,2099.37,False,0.0,7.8,3.7
2025-07-23,SKU101,Cotton T-Shirt,Apparel,Vendor A,North,Retail Store,19.0,217.0,74,6,33.5,57.73,1096.87,False,0.0,30.9,4.4
2025-11-26,SKU108,Sports Socks,Apparel,Vendor B,East,Online,69.0,195.0,64,3,56.21,111.36,7683.84,False,0.0,22.0,4.1
2025-08-18,SKU105,Sunglasses,Accessories,Vendor A,North,Retail Store,16.0,130.0,59,3,85.64,143.16,2290.56,False,0.0,26.9,4.4
2025-11-02,SKU106,Denim Jeans,Apparel,Vendor C,South,Online,121.0,93.0,87,9,71.61,120.54,14585.34,False,0.0,18.8,3.2
2025-01-16,SKU111,Water Bottle,Fitness,Vendor A,North,Online,21.0,98.0,79,12,24.6,52.01,1092.21,False,0.0,32.3,4.5
2025-02-05,SKU105,Sunglasses,Accessories,Vendor A,North,Online,13.0,162.0,59,3,85.64,143.16,1861.08,False,0.0,20.7,4.6
2025-09-30,SKU111,Water Bottle,Fitness,Vendor A,North,Online,33.0,211.0,79,12,24.6,52.01,1716.33,False,0.0,18.6,3.9
2025-08-24,SKU107,Baseball Cap,Accessories,Vendor A,South,Online,77.0,272.0,74,13,46.67,72.31,5567.87,False,0.0,50.4,4.3
2025-10-15,SKU107,Baseball Cap,Accessories,Vendor A,South,Retail Store,63.0,166.0,74,13,46.67,72.31,4555.53,False,0.0,18.8,4.7
2025-08-02,SKU107,Baseball Cap,Accessories,Vendor A,South,Online,82.0,272.0,74,13,46.67,72.31,5929.42,False,0.0,18.6,3.9
2025-12-22,SKU108,Sports Socks,Apparel,Vendor B,East,Online,76.0,125.0,64,3,56.21,111.36,8463.36,False,0.0,24.2,4.3
2025-02-23,SKU110,Smart Watch,Electronics,Vendor D,North,Retail Store,59.0,103.0,88,6,77.96,163.29,9634.11,False,0.0,11.1,5.0
2025-07-04,SKU109,Gym Bag,Fitness,Vendor C,West,Retail Store,22.0,138.0,45,12,73.66,161.49,3552.78,True,12.0,17.1,4.5
2025-12-29,SKU109,Gym Bag,Fitness,Vendor C,West,Online,14.0,56.0,45,12,73.66,161.49,2260.86,False,0.0,25.8,3.2
2025-04-16,SKU108,Sports Socks,Apparel,Vendor B,East,Retail Store,100.0,,64,3,56.21,111.36,11136.0,True,37.0,37.1,4.5
2025-11-25,SKU104,Protein Powder,Health,Vendor B,East,Online,34.0,77.0,70,9,49.68,111.64,3795.76,False,0.0,31.8,3.8
2025-10-02,SKU106,Denim Jeans,Apparel,Vendor C,South,Online,104.0,242.0,87,9,71.61,120.54,12536.16,True,16.0,28.5,4.5
2025-04-15,SKU110,Smart Watch,Electronics,Vendor D,North,Online,73.0,234.0,88,6,77.96,163.29,11920.17,False,0.0,10.6,3.5
2025-03-18,SKU105,Sunglasses,Accessories,Vendor A,North,Online,23.0,110.0,59,3,85.64,143.16,3292.68,False,0.0,23.1,5.0
2025-06-28,SKU109,Gym Bag,Fitness,Vendor C,West,Online,16.0,219.0,45,12,73.66,161.49,2583.84,False,0.0,23.3,3.7
2025-02-09,SKU109,Gym Bag,Fitness,Vendor C,West,Online,11.0,99.0,45,12,73.66,161.49,1776.39,False,0.0,28.5,3.9
2025-05-16,SKU102,Running Shoes,Footwear,Vendor B,West,Online,57.0,95.0,51,14,48.81,90.37,5151.09,False,0.0,17.5,4.9
2025-01-06,SKU112,Hoodie,Apparel,Vendor B,South,Online,31.0,244.0,73,11,65.48,148.54,4604.74,False,0.0,25.1,4.0
2025-04-19,SKU107,Baseball Cap,Accessories,Vendor A,South,Online,80.0,251.0,74,13,46.67,72.31,5784.8,False,0.0,14.9,4.2
2025-12-20,SKU111,Water Bottle,Fitness,Vendor A,North,Retail Store,57.0,238.0,79,12,24.6,52.01,2964.57,False,0.0,25.6,3.3
2025-01-14,SKU101,Cotton T-Shirt,Apparel,Vendor A,North,Online,12.0,160.0,74,6,33.5,57.73,692.76,False,0.0,26.0,4.0
2025-03-10,SKU110,Smart Watch,Electronics,Vendor D,North,Wholesale,85.0,220.0,88,6,77.96,163.29,13879.65,False,0.0,31.4,4.1
2025-07-09,SKU106,Denim Jeans,Apparel,Vendor C,South,Online,89.0,119.0,87,9,71.61,120.54,10728.06,True,33.0,29.4,4.5
2025-11-25,SKU108,Sports Socks,Apparel,Vendor B,East,Retail Store,71.0,104.0,64,3,56.21,111.36,7906.56,False,0.0,18.3,4.0
2025-03-21,SKU112,Hoodie,Apparel,Vendor B,South,Retail Store,40.0,74.0,73,11,65.48,148.54,5941.6,False,0.0,35.7,4.3
2025-03-03,SKU105,Sunglasses,Accessories,Vendor A,North,Retail Store,21.0,231.0,59,3,85.64,143.16,3006.36,False,0.0,33.1,3.8
2025-09-19,SKU105,Sunglasses,Accessories,Vendor A,North,Online,24.0,198.0,59,3,85.64,143.16,3435.84,False,0.0,25.0,4.3
2025-01-26,SKU101,Cotton T-Shirt,Apparel,Vendor A,North,Retail Store,25.0,160.0,74,6,33.5,57.73,1443.25,True,19.0,32.8,4.5
2025-09-21,SKU107,Baseball Cap,Accessories,Vendor A,South,Online,89.0,187.0,74,13,46.67,72.31,6435.59,False,0.0,9.8,3.9
2025-09-05,SKU104,Protein Powder,Health,Vendor B,East,Online,21.0,233.0,70,9,49.68,111.64,2344.44,False,0.0,48.3,4.2
2025-04-05,SKU109,Gym Bag,Fitness,Vendor C,West,Online,14.0,174.0,45,12,73.66,161.49,2260.86,False,0.0,27.8,4.2
2025-07-26,SKU103,Yoga Mat,Fitness,Vendor C,East,Online,69.0,171.0,42,8,28.05,51.04,3521.76,False,0.0,12.0,4.4
2025-06-06,SKU111,Water Bottle,Fitness,Vendor A,North,Online,17.0,274.0,79,12,24.6,52.01,884.17,False,0.0,30.2,3.9
2025-09-14,SKU106,Denim Jeans,Apparel,Vendor C,South,Retail Store,105.0,261.0,87,9,71.61,120.54,12656.7,False,0.0,29.8,4.5
2025-07-18,SKU103,Yoga Mat,Fitness,Vendor C,East,Online,47.0,193.0,42,8,28.05,51.04,2398.88,False,0.0,18.8,3.7
2025-07-24,SKU110,Smart Watch,Electronics,Vendor D,North,Online,77.0,145.0,88,6,77.96,163.29,12573.33,False,0.0,18.6,4.1
2025-09-26,SKU103,Yoga Mat,Fitness,Vendor C,East,Wholesale,54.0,111.0,42,8,28.05,51.04,2756.16,False,0.0,31.4,4.5
2025-08-12,SKU105,Sunglasses,Accessories,Vendor A,North,Online,24.0,265.0,59,3,85.64,143.16,3435.84,False,0.0,18.0,4.7
2025-07-10,SKU101,Cotton T-Shirt,Apparel,Vendor A,North,Online,18.0,227.0,74,6,33.5,57.73,1039.14,False,0.0,31.4,4.1
2025-03-28,SKU102,Running Shoes,Footwear,Vendor B,West,Online,44.0,114.0,51,14,48.81,90.37,3976.28,False,0.0,22.0,4.1
2025-03-18,SKU108,Sports Socks,Apparel,Vendor B,East,Wholesale,38.0,290.0,64,3,56.21,111.36,4231.68,False,0.0,16.2,4.4
2025-02-05,SKU111,Water Bottle,Fitness,Vendor A,North,Retail Store,12.0,194.0,79,12,24.6,52.01,624.12,False,0.0,10.6,3.3
2025-04-09,SKU105,Sunglasses,Accessories,Vendor A,North,Retail Store,13.0,183.0,59,3,85.64,143.16,1861.08,False,0.0,15.5,3.6
2025-04-30,SKU109,Gym Bag,Fitness,Vendor C,West,Online,11.0,260.0,45,12,73.66,161.49,1776.39,False,0.0,16.5,3.7
2025-12-14,SKU112,Hoodie,Apparel,Vendor B,South,Retail Store,84.0,174.0,73,11,65.48,148.54,12477.36,False,0.0,30.7,3.5
2025-03-18,SKU101,Cotton T-Shirt,Apparel,Vendor A,North,Online,14.0,289.0,74,6,33.5,57.73,808.22,False,0.0,18.4,3.7
2025-03-16,SKU111,Water Bottle,Fitness,Vendor A,North,Online,38.0,149.0,79,12,24.6,52.01,1976.38,False,0.0,37.7,4.5
2025-07-29,SKU105,Sunglasses,Accessories,Vendor A,North,Retail Store,41.0,101.0,59,3,85.64,143.16,5869.56,True,21.0,26.1,4.2
2025-10-28,SKU103,Yoga Mat,Fitness,Vendor C,East,Retail Store,53.0,125.0,42,8,28.05,51.04,2705.12,False,0.0,39.1,4.7
2025-03-09,SKU103,Yoga Mat,Fitness,Vendor C,East,Retail Store,69.0,75.0,42,8,28.05,51.04,3521.76,False,0.0,36.7,4.9
2025-09-22,SKU105,Sunglasses,Accessories,Vendor A,North,Online,21.0,112.0,59,3,85.64,143.16,3006.36,False,0.0,10.5,4.7
2025-02-20,SKU101,Cotton T-Shirt,Apparel,Vendor A,North,Retail Store,13.0,257.0,74,6,33.5,57.73,750.49,False,0.0,31.1,3.6
2025-05-07,SKU105,Sunglasses,Accessories,Vendor A,North,Online,25.0,211.0,59,3,85.64,143.16,3579.0,False,0.0,23.0,4.5
2025-06-23,SKU107,Baseball Cap,Accessories,Vendor A,South,Retail Store,51.0,207.0,74,13,46.67,72.31,3687.81,False,0.0,32.4,4.2
2025-04-14,SKU107,Baseball Cap,Accessories,Vendor A,South,Online,84.0,98.0,74,13,46.67,72.31,6074.04,True,15.0,33.1,4.4
2025-07-25,SKU105,Sunglasses,Accessories,Vendor A,North,Online,18.0,216.0,59,3,85.64,143.16,2576.88,False,0.0,26.0,3.3
2025-10-10,SKU107,Baseball Cap,Accessories,Vendor A,South,Online,59.0,211.0,74,13,46.67,72.31,4266.29,False,0.0,22.3,4.6
2025-12-30,SKU111,Water Bottle,Fitness,Vendor A,North,Online,35.0,99.0,79,12,24.6,52.01,1820.35,False,0.0,29.5,3.7
2025-06-17,SKU103,Yoga Mat,Fitness,Vendor C,East,Online,56.0,206.0,42,8,28.05,51.04,2858.24,False,0.0,13.0,4.2
2025-02-07,SKU104,Protein Powder,Health,Vendor B,East,Online,16.0,82.0,70,9,49.68,111.64,1786.24,False,0.0,21.8,4.3
2025-02-14,SKU103,Yoga Mat,Fitness,Vendor C,East,Online,20.0,169.0,42,8,28.05,51.04,1020.8,False,0.0,25.1,3.1
2025-12-08,SKU104,Protein Powder,Health,Vendor B,East,Online,34.0,104.0,70,9,49.68,111.64,3795.76,False,0.0,18.0,4.2
2025-02-09,SKU112,Hoodie,Apparel,Vendor B,South,Online,47.0,261.0,73,11,65.48,148.54,6981.38,False,0.0,14.2,4.1
2025-10-24,SKU101,Cotton T-Shirt,Apparel,Vendor A,North,Wholesale,21.0,260.0,74,6,33.5,57.73,1212.33,False,0.0,20.7,4.0
2025-07-27,SKU106,Denim Jeans,Apparel,Vendor C,South,Retail Store,87.0,228.0,87,9,71.61,120.54,10486.98,False,0.0,21.8,5.0
2025-04-13,SKU111,Water Bottle,Fitness,Vendor A,North,Online,39.0,276.0,79,12,24.6,52.01,2028.39,False,0.0,16.1,4.7
2025-02-04,SKU109,Gym Bag,Fitness,Vendor C,West,Wholesale,11.0,151.0,45,12,73.66,161.49,1776.39,False,0.0,25.4,3.6
2025-02-11,SKU101,Cotton T-Shirt,Apparel,Vendor A,North,Retail Store,8.0,184.0,74,6,33.5,57.73,461.84,False,0.0,9.4,4.7
2025-02-02,SKU111,Water Bottle,Fitness,Vendor A,North,Online,33.0,243.0,79,12,24.6,52.01,1716.33,False,0.0,30.1,4.5
2025-11-10,SKU107,Baseball Cap,Accessories,Vendor A,South,Retail Store,100.0,181.0,74,13,46.67,72.31,7231.0,False,0.0,21.5,4.3
2025-09-24,SKU102,Running Shoes,Footwear,Vendor B,West,Online,72.0,91.0,51,14,48.81,90.37,6506.64,False,0.0,23.5,4.7
2025-12-07,SKU101,Cotton T-Shirt,Apparel,Vendor A,North,Online,40.0,213.0,74,6,33.5,57.73,2309.2,False,0.0,17.8,4.4
2025-05-27,SKU101,Cotton T-Shirt,Apparel,Vendor A,North,Retail Store,18.0,99.0,74,6,33.5,57.73,1039.14,False,0.0,31.5,3.8
2025-08-06,SKU110,Smart Watch,Electronics,Vendor D,North,Online,74.0,148.0,88,6,77.96,163.29,12083.46,False,0.0,22.3,4.4
2025-09-09,SKU107,Baseball Cap,Accessories,Vendor A,South,Online,49.0,181.0,74,13,46.67,72.31,3543.19,False,0.0,31.6,4.9
2025-08-31,SKU110,Smart Watch,Electronics,Vendor D,North,Wholesale,81.0,232.0,88,6,77.96,163.29,13226.49,False,0.0,31.4,4.5
2025-03-16,SKU107,Baseball Cap,Accessories,Vendor A,South,Retail Store,85.0,289.0,74,13,46.67,72.31,6146.35,False,0.0,26.2,4.3
2025-01-28,SKU110,Smart Watch,Electronics,Vendor D,North,Online,44.0,168.0,88,6,77.96,163.29,7184.76,False,0.0,21.5,3.9
2025-03-08,SKU112,Hoodie,Apparel,Vendor B,South,Wholesale,62.0,245.0,73,11,65.48,148.54,9209.48,False,0.0,16.0,4.0
2025-07-04,SKU110,Smart Watch,Electronics,Vendor D,North,Online,58.0,194.0,88,6,77.96,163.29,9470.82,False,0.0,19.0,4.4
2025-07-26,SKU101,Cotton T-Shirt,Apparel,Vendor A,North,Retail Store,27.0,151.0,74,6,33.5,57.73,1558.71,False,0.0,25.2,3.6
2025-05-15,SKU104,Protein Powder,Health,Vendor B,East,Online,20.0,275.0,70,9,49.68,111.64,2232.8,False,0.0,13.9,3.3
2025-06-19,SKU103,Yoga Mat,Fitness,Vendor C,East,Online,45.0,116.0,42,8,28.05,51.04,2296.8,False,0.0,27.9,3.7
2025-10-03,SKU104,Protein Powder,Health,Vendor B,East,Online,25.0,76.0,70,9,49.68,111.64,2791.0,False,0.0,32.1,4.3
2025-02-27,SKU104,Protein Powder,Health,Vendor B,East,Retail Store,24.0,168.0,70,9,49.68,111.64,2679.36,True,11.0,35.3,3.8
2025-10-28,SKU104,Protein Powder,Health,Vendor B,East,Online,19.0,188.0,70,9,49.68,111.64,2121.16,False,0.0,35.4,4.2
2025-01-28,SKU105,Sunglasses,Accessories,Vendor A,North,Online,10.0,150.0,59,3,85.64,143.16,1431.6,False,0.0,31.4,4.1
2025-10-16,SKU110,Smart Watch,Electronics,Vendor D,North,Online,63.0,143.0,88,6,77.96,163.29,10287.27,False,0.0,23.9,4.1
2025-07-01,SKU103,Yoga Mat,Fitness,Vendor C,East,Retail Store,35.0,135.0,42,8,28.05,51.04,1786.4,False,0.0,25.7,4.6
2025-07-03,SKU112,Hoodie,Apparel,Vendor B,South,Online,83.0,146.0,73,11,65.48,148.54,12328.82,True,36.0,17.6,4.8
2025-11-10,SKU106,Denim Jeans,Apparel,Vendor C,South,Online,102.0,209.0,87,9,71.61,120.54,12295.08,False,0.0,17.6,3.0
2025-02-06,SKU104,Protein Powder,Health,Vendor B,East,Online,20.0,98.0,70,9,49.68,111.64,2232.8,False,0.0,23.5,5.0
2025-10-13,SKU107,Baseball Cap,Accessories,Vendor A,South,Wholesale,59.0,148.0,74,13,46.67,72.31,4266.29,False,0.0,19.6,5.0
2025-12-19,SKU106,Denim Jeans,Apparel,Vendor C,South,Wholesale,115.0,336.0,87,9,71.61,120.54,13862.1,False,0.0,29.0,4.5
2025-03-17,SKU108,Sports Socks,Apparel,Vendor B,East,Online,55.0,68.0,64,3,56.21,111.36,6124.8,False,0.0,11.5,4.3
2025-08-17,SKU112,Hoodie,Apparel,Vendor B,South,Retail Store,62.0,182.0,73,11,65.48,148.54,9209.48,False,0.0,38.5,4.3
2025-06-01,SKU105,Sunglasses,Accessories,Vendor A,North,Online,34.0,106.0,59,3,85.64,143.16,4867.44,False,0.0,15.1,4.0
2025-07-16,SKU108,Sports Socks,Apparel,Vendor B,East,Wholesale,83.0,197.0,64,3,56.21,111.36,9242.88,True,32.0,26.9,4.3
2025-01-03,SKU106,Denim Jeans,Apparel,Vendor C,South,Online,44.0,216.0,87,9,71.61,120.54,5303.76,False,0.0,27.1,5.0
2025-01-14,SKU102,Running Shoes,Footwear,Vendor B,West,Retail Store,41.0,197.0,51,14,48.81,90.37,3705.17,False,0.0,20.1,4.6
2025-09-30,SKU101,Cotton T-Shirt,Apparel,Vendor A,North,Online,12.0,137.0,74,6,33.5,57.73,692.76,False,0.0,14.4,3.8
2025-07-27,SKU105,Sunglasses,Accessories,Vendor A,North,Online,30.0,158.0,59,3,85.64,143.16,4294.8,False,0.0,20.8,3.8
2025-08-13,SKU104,Protein Powder,Health,Vendor B,East,Online,21.0,256.0,70,9,49.68,111.64,2344.44,False,0.0,28.9,4.5
2025-06-21,SKU111,Water Bottle,Fitness,Vendor A,North,Retail Store,39.0,110.0,79,12,24.6,52.01,2028.39,False,0.0,31.8,4.4
2025-06-07,SKU108,Sports Socks,Apparel,Vendor B,East,Wholesale,83.0,155.0,64,3,56.21,111.36,9242.88,False,0.0,18.3,4.2
2025-12-07,SKU106,Denim Jeans,Apparel,Vendor C,South,Online,154.0,307.0,87,9,71.61,120.54,18563.16,False,0.0,12.4,4.0
2025-12-27,SKU112,Hoodie,Apparel,Vendor B,South,Online,100.0,230.0,73,11,65.48,148.54,14854.0,False,0.0,27.7,4.5
2025-10-21,SKU108,Sports Socks,Apparel,Vendor B,East,Retail Store,75.0,136.0,64,3,56.21,111.36,8352.0,False,0.0,35.8,5.0
2025-04-16,SKU110,Smart Watch,Electronics,Vendor D,North,Online,102.0,132.0,88,6,77.96,163.29,16655.58,True,35.0,27.8,4.0
2025-01-02,SKU104,Protein Powder,Health,Vendor B,East,Retail Store,14.0,286.0,70,9,49.68,111.64,1562.96,False,0.0,16.3,3.6
2025-02-25,SKU103,Yoga Mat,Fitness,Vendor C,East,Wholesale,45.0,190.0,42,8,28.05,51.04,2296.8,False,0.0,25.8,3.8
2025-09-12,SKU108,Sports Socks,Apparel,Vendor B,East,Retail Store,38.0,177.0,64,3,56.21,111.36,4231.68,False,0.0,9.7,3.8
2025-05-25,SKU111,Water Bottle,Fitness,Vendor A,North,Retail Store,28.0,206.0,79,12,24.6,52.01,1456.28,False,0.0,28.7,4.7
2025-11-22,SKU110,Smart Watch,Electronics,Vendor D,North,Retail Store,130.0,183.0,88,6,77.96,163.29,21227.7,False,0.0,11.9,3.7
2025-12-27,SKU105,Sunglasses,Accessories,Vendor A,North,Wholesale,44.0,214.0,59,3,85.64,143.16,6299.04,False,0.0,20.2,4.6
2025-08-03,SKU104,Protein Powder,Health,Vendor B,East,Wholesale,31.0,70.0,70,9,49.68,111.64,3460.84,False,0.0,14.5,3.4
2025-04-30,SKU110,Smart Watch,Electronics,Vendor D,North,Retail Store,46.0,274.0,88,6,77.96,163.29,7511.34,False,0.0,42.9,4.6
2025-10-11,SKU109,Gym Bag,Fitness,Vendor C,West,Online,18.0,54.0,45,12,73.66,161.49,2906.82,False,0.0,32.3,3.7
2025-06-24,SKU102,Running Shoes,Footwear,Vendor B,West,Retail Store,37.0,265.0,51,14,48.81,90.37,3343.69,False,0.0,23.8,4.1
2025-12-24,SKU111,Water Bottle,Fitness,Vendor A,North,Retail Store,30.0,339.0,79,12,24.6,52.01,1560.3,False,0.0,23.7,3.9
2025-02-07,SKU112,Hoodie,Apparel,Vendor B,South,Retail Store,31.0,120.0,73,11,65.48,148.54,4604.74,False,0.0,14.2,3.4
2025-05-10,SKU102,Running Shoes,Footwear,Vendor B,West,Retail Store,75.0,79.0,51,14,48.81,90.37,6777.75,False,0.0,31.9,4.1
2025-01-04,SKU106,Denim Jeans,Apparel,Vendor C,South,Retail Store,65.0,151.0,87,9,71.61,120.54,7835.1,False,0.0,21.2,3.1
2025-06-29,SKU112,Hoodie,Apparel,Vendor B,South,Retail Store,105.0,176.0,73,11,65.48,148.54,15596.7,True,30.0,20.4,4.8
2025-10-17,SKU110,Smart Watch,Electronics,Vendor D,North,Online,41.0,102.0,88,6,77.96,163.29,6694.89,False,0.0,22.9,3.7
2025-03-10,SKU102,Running Shoes,Footwear,Vendor B,West,Retail Store,51.0,129.0,51,14,48.81,90.37,4608.87,False,0.0,14.0,4.2
2025-04-27,SKU106,Denim Jeans,Apparel,Vendor C,South,Online,,230.0,87,9,71.61,120.54,11933.46,False,0.0,40.0,4.3
2025-10-22,SKU101,Cotton T-Shirt,Apparel,Vendor A,North,Retail Store,9.0,108.0,74,6,33.5,57.73,519.57,False,0.0,16.2,4.0
2025-02-03,SKU102,Running Shoes,Footwear,Vendor B,West,Retail Store,44.0,74.0,51,14,48.81,90.37,3976.28,False,0.0,21.2,4.9
2025-04-20,SKU106,Denim Jeans,Apparel,Vendor C,South,Online,77.0,341.0,87,9,71.61,120.54,9281.58,False,0.0,27.2,5.0
2025-04-03,SKU107,Baseball Cap,Accessories,Vendor A,South,Retail Store,53.0,89.0,74,13,46.67,72.31,3832.43,False,0.0,28.2,3.8
2025-10-30,SKU106,Denim Jeans,Apparel,Vendor C,South,Online,59.0,295.0,87,9,71.61,120.54,7111.86,False,0.0,25.4,4.6
2025-06-11,SKU108,Sports Socks,Apparel,Vendor B,East,Retail Store,47.0,259.0,64,3,56.21,111.36,5233.92,False,0.0,32.3,4.8
2025-06-07,SKU101,Cotton T-Shirt,Apparel,Vendor A,North,Online,27.0,110.0,74,6,33.5,57.73,1558.71,False,0.0,27.5,4.9
2025-10-08,SKU102,Running Shoes,Footwear,Vendor B,West,Retail Store,,278.0,51,14,48.81,90.37,5422.2,False,0.0,25.1,3.8
2025-04-26,SKU104,Protein Powder,Health,Vendor B,East,Online,32.0,235.0,70,9,49.68,111.64,3572.48,False,0.0,12.7,3.3
2025-05-03,SKU108,Sports Socks,Apparel,Vendor B,East,Online,52.0,169.0,64,3,56.21,111.36,5790.72,False,0.0,22.5,4.4
2025-09-29,SKU105,Sunglasses,Accessories,Vendor A,North,Retail Store,15.0,231.0,59,3,85.64,143.16,2147.4,False,0.0,37.0,4.5
2025-12-03,SKU112,Hoodie,Apparel,Vendor B,South,Online,100.0,196.0,73,11,65.48,148.54,14854.0,True,19.0,20.1,4.7
2025-07-14,SKU103,Yoga Mat,Fitness,Vendor C,East,Retail Store,54.0,160.0,42,8,28.05,51.04,2756.16,False,0.0,13.6,4.4
2025-04-08,SKU107,Baseball Cap,Accessories,Vendor A,South,Online,69.0,236.0,74,13,46.67,72.31,4989.39,False,0.0,39.9,3.8
2025-08-17,SKU106,Denim Jeans,Apparel,Vendor C,South,Online,104.0,278.0,87,9,71.61,120.54,12536.16,False,0.0,28.7,4.4
2025-04-06,SKU106,Denim Jeans,Apparel,Vendor C,South,Online,68.0,111.0,87,9,71.61,120.54,8196.72,False,0.0,8.5,3.8
2025-11-16,SKU108,Sports Socks,Apparel,Vendor B,East,Online,104.0,213.0,64,3,56.21,111.36,11581.44,False,0.0,14.5,4.0
2025-03-24,SKU112,Hoodie,Apparel,Vendor B,South,Retail Store,53.0,164.0,73,11,65.48,148.54,7872.62,False,0.0,37.1,4.1
2025-05-28,SKU103,Yoga Mat,Fitness,Vendor C,East,Retail Store,34.0,289.0,42,8,28.05,51.04,1735.36,False,0.0,26.2,5.0
2025-01-12,SKU103,Yoga Mat,Fitness,Vendor C,East,Online,43.0,79.0,42,8,28.05,51.04,2194.72,False,0.0,28.8,3.9
2025-10-04,SKU103,Yoga Mat,Fitness,Vendor C,East,Online,59.0,104.0,42,8,28.05,51.04,3011.36,False,0.0,15.4,5.0
2025-02-10,SKU104,Protein Powder,Health,Vendor B,East,Online,13.0,192.0,70,9,49.68,111.64,1451.32,False,0.0,33.0,4.7
2025-02-02,SKU102,Running Shoes,Footwear,Vendor B,West,Online,72.0,118.0,51,14,48.81,90.37,6506.64,False,0.0,26.1,4.5
2025-12-05,SKU103,Yoga Mat,Fitness,Vendor C,East,Online,72.0,195.0,42,8,28.05,51.04,3674.88,False,0.0,33.3,4.7
2025-09-24,SKU107,Baseball Cap,Accessories,Vendor A,South,Retail Store,46.0,282.0,74,13,46.67,72.31,3326.26,False,0.0,22.2,4.6
2025-08-07,SKU111,Water Bottle,Fitness,Vendor A,North,Online,16.0,102.0,79,12,24.6,52.01,832.16,False,0.0,26.3,4.4
2025-02-02,SKU112,Hoodie,Apparel,Vendor B,South,Online,38.0,161.0,73,11,65.48,148.54,5644.52,False,0.0,27.4,3.9
2025-12-30,SKU101,Cotton T-Shirt,Apparel,Vendor A,North,Retail Store,23.0,107.0,74,6,33.5,57.73,1327.79,False,0.0,21.9,4.0
2025-12-09,SKU108,Sports Socks,Apparel,Vendor B,East,Online,70.0,252.0,64,3,56.21,111.36,7795.2,False,0.0,25.1,4.2
2025-09-17,SKU104,Protein Powder,Health,Vendor B,East,Online,15.0,126.0,70,9,49.68,111.64,1674.6,False,0.0,35.4,3.7
2025-09-02,SKU101,Cotton T-Shirt,Apparel,Vendor A,North,Online,17.0,108.0,74,6,33.5,57.73,981.41,False,0.0,25.2,4.0
2025-08-03,SKU109,Gym Bag,Fitness,Vendor C,West,Online,17.0,150.0,45,12,73.66,161.49,2745.33,False,0.0,21.3,3.7
2025-08-14,SKU104,Protein Powder,Health,Vendor B,East,Online,24.0,232.0,70,9,49.68,111.64,2679.36,False,0.0,27.1,3.6
2025-05-06,SKU109,Gym Bag,Fitness,Vendor C,West,Wholesale,12.0,170.0,45,12,73.66,161.49,1937.88,False,0.0,14.5,4.3
2025-04-29,SKU105,Sunglasses,Accessories,Vendor A,North,Retail Store,23.0,189.0,59,3,85.64,143.16,3292.68,False,0.0,20.6,4.0
2025-08-24,SKU103,Yoga Mat,Fitness,Vendor C,East,Online,61.0,125.0,42,8,28.05,51.04,3113.44,False,0.0,31.3,4.3
2025-06-23,SKU112,Hoodie,Apparel,Vendor B,South,Online,49.0,161.0,73,11,65.48,148.54,7278.46,False,0.0,26.7,4.7
2025-12-15,SKU103,Yoga Mat,Fitness,Vendor C,East,Online,85.0,139.0,42,8,28.05,51.04,4338.4,False,0.0,36.5,3.7
2025-09-12,SKU101,Cotton T-Shirt,Apparel,Vendor A,North,Online,13.0,133.0,74,6,33.5,57.73,750.49,False,0.0,22.7,4.6
2025-02-16,SKU109,Gym Bag,Fitness,Vendor C,West,Online,12.0,214.0,45,12,73.66,161.49,1937.88,False,0.0,19.9,4.5
2025-07-05,SKU102,Running Shoes,Footwear,Vendor B,West,Online,76.0,81.0,51,14,48.81,90.37,6868.12,False,0.0,22.6,4.4
2025-06-19,SKU111,Water Bottle,Fitness,Vendor A,North,Retail Store,23.0,168.0,79,12,24.6,52.01,1196.23,False,0.0,31.2,4.0
2025-06-17,SKU102,Running Shoes,Footwear,Vendor B,West,Online,53.0,127.0,51,14,48.81,90.37,4789.61,False,0.0,26.4,4.5
2025-11-30,SKU101,Cotton T-Shirt,Apparel,Vendor A,North,Online,40.0,188.0,74,6,33.5,57.73,2309.2,False,0.0,33.4,3.2
2025-07-25,SKU107,Baseball Cap,Accessories,Vendor A,South,Retail Store,,310.0,74,13,46.67,72.31,4121.67,False,0.0,23.5,3.6
2025-06-14,SKU112,Hoodie,Apparel,Vendor B,South,Retail Store,64.0,329.0,73,11,65.48,148.54,9506.56,False,0.0,27.3,3.7
2025-09-15,SKU104,Protein Powder,Health,Vendor B,East,Online,29.0,159.0,70,9,49.68,111.64,3237.56,False,0.0,22.9,4.1
2025-06-19,SKU104,Protein Powder,Health,Vendor B,East,Online,21.0,169.0,70,9,49.68,111.64,2344.44,False,0.0,18.9,4.9
2025-08-14,SKU110,Smart Watch,Electronics,Vendor D,North,Retail Store,64.0,126.0,88,6,77.96,163.29,10450.56,False,0.0,24.6,4.5
2025-07-12,SKU103,Yoga Mat,Fitness,Vendor C,East,Retail Store,68.0,115.0,42,8,28.05,51.04,3470.72,False,0.0,18.1,3.9
2025-05-26,SKU107,Baseball Cap,Accessories,Vendor A,South,Online,100.0,159.0,74,13,46.67,72.31,7231.0,True,31.0,21.0,4.7
2025-02-07,SKU102,Running Shoes,Footwear,Vendor B,West,Online,46.0,83.0,51,14,48.81,90.37,4157.02,True,23.0,33.2,3.6
2025-12-12,SKU105,Sunglasses,Accessories,Vendor A,North,Wholesale,29.0,111.0,59,3,85.64,143.16,4151.64,False,0.0,18.1,4.2
2025-09-16,SKU109,Gym Bag,Fitness,Vendor C,West,Wholesale,16.0,163.0,45,12,73.66,161.49,2583.84,True,38.0,32.1,3.2
2025-01-01,SKU109,Gym Bag,Fitness,Vendor C,West,Online,12.0,189.0,45,12,73.66,161.49,1937.88,False,0.0,26.9,4.2
2025-05-20,SKU107,Baseball Cap,Accessories,Vendor A,South,Online,81.0,209.0,74,13,46.67,72.31,5857.11,False,0.0,28.0,4.0
2025-12-23,SKU110,Smart Watch,Electronics,Vendor D,North,Online,88.0,222.0,88,6,77.96,163.29,14369.52,False,0.0,27.3,4.0
2025-02-12,SKU102,Running Shoes,Footwear,Vendor B,West,Online,35.0,66.0,51,14,48.81,90.37,3162.95,False,0.0,13.1,4.8
2025-07-21,SKU104,Protein Powder,Health,Vendor B,East,Retail Store,14.0,115.0,70,9,49.68,111.64,1562.96,False,0.0,31.8,5.0
2025-02-14,SKU112,Hoodie,Apparel,Vendor B,South,Online,51.0,243.0,73,11,65.48,148.54,7575.54,True,18.0,34.6,4.1
2025-06-14,SKU104,Protein Powder,Health,Vendor B,East,Online,32.0,286.0,70,9,49.68,111.64,3572.48,False,0.0,31.7,4.3
2025-01-08,SKU104,Protein Powder,Health,Vendor B,East,Retail Store,13.0,171.0,70,9,49.68,111.64,1451.32,False,0.0,27.9,4.1
2025-03-24,SKU106,Denim Jeans,Apparel,Vendor C,South,Wholesale,92.0,219.0,87,9,71.61,120.54,11089.68,True,17.0,18.3,5.0
2025-10-14,SKU103,Yoga Mat,Fitness,Vendor C,East,Online,,151.0,42,8,28.05,51.04,2449.92,False,0.0,35.6,3.3
2025-10-01,SKU105,Sunglasses,Accessories,Vendor A,North,Online,24.0,185.0,59,3,85.64,143.16,3435.84,False,0.0,18.9,3.9
2025-09-08,SKU102,Running Shoes,Footwear,Vendor B,West,Retail Store,53.0,102.0,51,14,48.81,90.37,4789.61,False,0.0,30.9,3.8
2025-08-12,SKU109,Gym Bag,Fitness,Vendor C,West,Online,14.0,244.0,45,12,73.66,161.49,2260.86,False,0.0,34.4,4.2
2025-04-22,SKU107,Baseball Cap,Accessories,Vendor A,South,Retail Store,53.0,238.0,74,13,46.67,72.31,3832.43,False,0.0,28.3,4.5
2025-09-09,SKU111,Water Bottle,Fitness,Vendor A,North,Retail Store,27.0,141.0,79,12,24.6,52.01,1404.27,False,0.0,32.7,4.0
2025-01-23,SKU104,Protein Powder,Health,Vendor B,East,Online,15.0,71.0,70,9,49.68,111.64,1674.6,False,0.0,2.5,5.0
2025-06-20,SKU102,Running Shoes,Footwear,Vendor B,West,Online,102.0,77.0,51,14,48.81,90.37,9217.74,True,24.0,42.6,3.8
2025-07-16,SKU109,Gym Bag,Fitness,Vendor C,West,Retail Store,7.0,153.0,45,12,73.66,161.49,1130.43,False,0.0,26.9,3.7
2025-05-10,SKU103,Yoga Mat,Fitness,Vendor C,East,Online,64.0,97.0,42,8,28.05,51.04,3266.56,False,0.0,36.8,3.9
2025-09-07,SKU104,Protein Powder,Health,Vendor B,East,Retail Store,28.0,179.0,70,9,49.68,111.64,3125.92,False,0.0,43.3,3.7
2025-06-13,SKU111,Water Bottle,Fitness,Vendor A,North,Online,24.0,316.0,79,12,24.6,52.01,1248.24,False,0.0,13.3,3.9
2025-09-10,SKU106,Denim Jeans,Apparel,Vendor C,South,Retail Store,68.0,138.0,87,9,71.61,120.54,8196.72,False,0.0,22.8,4.3
2025-08-31,SKU112,Hoodie,Apparel,Vendor B,South,Retail Store,58.0,306.0,73,11,65.48,148.54,8615.32,False,0.0,19.2,4.5
2025-09-16,SKU107,Baseball Cap,Accessories,Vendor A,South,Online,48.0,160.0,74,13,46.67,72.31,3470.88,False,0.0,18.5,3.5
2025-05-13,SKU105,Sunglasses,Accessories,Vendor A,North,Wholesale,17.0,236.0,59,3,85.64,143.16,2433.72,False,0.0,17.4,3.9
2025-06-28,SKU112,Hoodie,Apparel,Vendor B,South,Online,50.0,122.0,73,11,65.48,148.54,7427.0,False,0.0,34.0,5.0
2025-03-18,SKU104,Protein Powder,Health,Vendor B,East,Online,15.0,223.0,70,9,49.68,111.64,1674.6,False,0.0,24.8,4.5
2025-10-01,SKU104,Protein Powder,Health,Vendor B,East,Retail Store,22.0,128.0,70,9,49.68,111.64,2456.08,False,0.0,22.0,4.5
2025-10-28,SKU107,Baseball Cap,Accessories,Vendor A,South,Retail Store,64.0,178.0,74,13,46.67,72.31,4627.84,False,0.0,29.3,4.1
2025-03-10,SKU104,Protein Powder,Health,Vendor B,East,Retail Store,21.0,116.0,70,9,49.68,111.64,2344.44,False,0.0,36.7,3.7
2025-12-03,SKU103,Yoga Mat,Fitness,Vendor C,East,Retail Store,66.0,137.0,42,8,28.05,51.04,3368.64,False,0.0,23.3,5.0
2025-05-22,SKU101,Cotton T-Shirt,Apparel,Vendor A,North,Retail Store,22.0,108.0,74,6,33.5,57.73,1270.06,False,0.0,27.7,4.4
2025-08-20,SKU102,Running Shoes,Footwear,Vendor B,West,Online,59.0,146.0,51,14,48.81,90.37,5331.83,False,0.0,14.3,3.8
2025-07-22,SKU107,Baseball Cap,Accessories,Vendor A,South,Online,62.0,220.0,74,13,46.67,72.31,4483.22,False,0.0,38.2,3.7
2025-03-02,SKU108,Sports Socks,Apparel,Vendor B,East,Wholesale,71.0,293.0,64,3,56.21,111.36,7906.56,False,0.0,29.0,3.7
2025-05-02,SKU112,Hoodie,Apparel,Vendor B,South,Online,49.0,174.0,73,11,65.48,148.54,7278.46,False,0.0,15.0,4.2
2025-02-07,SKU105,Sunglasses,Accessories,Vendor A,North,Retail Store,11.0,134.0,59,3,85.64,143.16,1574.76,False,0.0,28.3,4.6
2025-05-24,SKU111,Water Bottle,Fitness,Vendor A,North,Wholesale,42.0,234.0,79,12,24.6,52.01,2184.42,False,0.0,47.4,3.4
2025-06-16,SKU102,Running Shoes,Footwear,Vendor B,West,Online,69.0,180.0,51,14,48.81,90.37,6235.53,False,0.0,32.8,4.3
2025-02-06,SKU102,Running Shoes,Footwear,Vendor B,West,Online,39.0,129.0,51,14,48.81,90.37,3524.43,False,0.0,40.2,4.3
2025-08-02,SKU104,Protein Powder,Health,Vendor B,East,Retail Store,24.0,101.0,70,9,49.68,111.64,2679.36,False,0.0,41.7,4.9
2025-05-11,SKU107,Baseball Cap,Accessories,Vendor A,South,Online,63.0,101.0,74,13,46.67,72.31,4555.53,False,0.0,25.6,4.4
2025-10-10,SKU108,Sports Socks,Apparel,Vendor B,East,Online,47.0,76.0,64,3,56.21,111.36,5233.92,False,0.0,30.5,4.9
2025-01-23,SKU106,Denim Jeans,Apparel,Vendor C,South,Retail Store,30.0,231.0,87,9,71.61,120.54,3616.2,False,0.0,28.5,4.0
2025-09-29,SKU102,Running Shoes,Footwear,Vendor B,West,Retail Store,56.0,169.0,51,14,48.81,90.37,5060.72,False,0.0,21.3,4.5
2025-02-03,SKU106,Denim Jeans,Apparel,Vendor C,South,Retail Store,34.0,129.0,87,9,71.61,120.54,4098.36,False,0.0,8.5,3.7
2025-11-15,SKU109,Gym Bag,Fitness,Vendor C,West,Retail Store,21.0,167.0,45,12,73.66,161.49,3391.29,False,0.0,21.2,4.2
2025-11-12,SKU104,Protein Powder,Health,Vendor B,East,Retail Store,35.0,207.0,70,9,49.68,111.64,3907.4,False,0.0,28.8,4.7
2025-11-02,SKU104,Protein Powder,Health,Vendor B,East,Retail Store,50.0,284.0,70,9,49.68,111.64,5582.0,False,0.0,18.1,3.7
2025-01-13,SKU112,Hoodie,Apparel,Vendor B,South,Online,57.0,206.0,73,11,65.48,148.54,8466.78,True,34.0,10.4,3.8
2025-09-16,SKU106,Denim Jeans,Apparel,Vendor C,South,Online,60.0,151.0,87,9,71.61,120.54,7232.4,False,0.0,33.2,3.7
2025-07-09,SKU112,Hoodie,Apparel,Vendor B,South,Wholesale,56.0,149.0,73,11,65.48,148.54,8318.24,False,0.0,32.2,4.5
2025-05-05,SKU101,Cotton T-Shirt,Apparel,Vendor A,North,Online,21.0,127.0,74,6,33.5,57.73,1212.33,False,0.0,16.9,3.9
2025-09-25,SKU104,Protein Powder,Health,Vendor B,East,Online,28.0,153.0,70,9,49.68,111.64,3125.92,False,0.0,33.4,3.9
2025-03-14,SKU111,Water Bottle,Fitness,Vendor A,North,Retail Store,29.0,103.0,79,12,24.6,52.01,1508.29,False,0.0,28.3,4.6
2025-08-07,SKU104,Protein Powder,Health,Vendor B,East,Wholesale,25.0,203.0,70,9,49.68,111.64,2791.0,False,0.0,28.2,4.8
2025-03-27,SKU108,Sports Socks,Apparel,Vendor B,East,Retail Store,54.0,172.0,64,3,56.21,111.36,6013.44,False,0.0,21.7,5.0
2025-05-27,SKU104,Protein Powder,Health,Vendor B,East,Retail Store,32.0,253.0,70,9,49.68,111.64,3572.48,True,20.0,24.9,4.8
2025-09-28,SKU110,Smart Watch,Electronics,Vendor D,North,Wholesale,88.0,256.0,88,6,77.96,163.29,14369.52,False,0.0,15.7,4.6
2025-01-07,SKU101,Cotton T-Shirt,Apparel,Vendor A,North,Online,16.0,269.0,74,6,33.5,57.73,923.68,False,0.0,13.4,4.8
2025-11-12,SKU111,Water Bottle,Fitness,Vendor A,North,Online,39.0,121.0,79,12,24.6,52.01,2028.39,False,0.0,20.4,4.5
2025-02-26,SKU101,Cotton T-Shirt,Apparel,Vendor A,North,Retail Store,14.0,176.0,74,6,33.5,57.73,808.22,False,0.0,37.7,4.1
2025-08-25,SKU106,Denim Jeans,Apparel,Vendor C,South,Online,62.0,164.0,87,9,71.61,120.54,7473.48,False,0.0,28.1,4.4
2025-02-09,SKU108,Sports Socks,Apparel,Vendor B,East,Online,54.0,275.0,64,3,56.21,111.36,6013.44,False,0.0,25.7,4.7
2025-06-23,SKU111,Water Bottle,Fitness,Vendor A,North,Retail Store,16.0,242.0,79,12,24.6,52.01,832.16,False,0.0,30.2,4.0
2025-06-25,SKU105,Sunglasses,Accessories,Vendor A,North,Retail Store,20.0,177.0,59,3,85.64,143.16,2863.2,False,0.0,15.5,4.3
2025-11-25,SKU112,Hoodie,Apparel,Vendor B,South,Retail Store,79.0,343.0,73,11,65.48,148.54,11734.66,False,0.0,25.6,4.9
2025-02-21,SKU110,Smart Watch,Electronics,Vendor D,North,Wholesale,46.0,239.0,88,6,77.96,163.29,7511.34,False,0.0,20.7,5.0
2025-03-14,SKU107,Baseball Cap,Accessories,Vendor A,South,Retail Store,32.0,196.0,74,13,46.67,72.31,2313.92,False,0.0,19.7,4.7
2025-09-14,SKU108,Sports Socks,Apparel,Vendor B,East,Wholesale,67.0,311.0,64,3,56.21,111.36,7461.12,False,0.0,31.0,4.8
2025-08-13,SKU102,Running Shoes,Footwear,Vendor B,West,Online,71.0,137.0,51,14,48.81,90.37,6416.27,False,0.0,18.8,5.0
2025-09-23,SKU111,Water Bottle,Fitness,Vendor A,North,Retail Store,17.0,205.0,79,12,24.6,52.01,884.17,False,0.0,28.1,3.1
2025-08-25,SKU103,Yoga Mat,Fitness,Vendor C,East,Retail Store,31.0,94.0,42,8,28.05,51.04,1582.24,False,0.0,22.5,4.6
2025-04-01,SKU104,Protein Powder,Health,Vendor B,East,Online,22.0,239.0,70,9,49.68,111.64,2456.08,False,0.0,28.5,3.9
2025-02-02,SKU104,Protein Powder,Health,Vendor B,East,Online,20.0,,70,9,49.68,111.64,2232.8,False,0.0,26.8,4.4
2025-02-17,SKU111,Water Bottle,Fitness,Vendor A,North,Online,16.0,206.0,79,12,24.6,52.01,832.16,True,23.0,29.4,3.8
2025-07-09,SKU104,Protein Powder,Health,Vendor B,East,Online,21.0,151.0,70,9,49.68,111.64,2344.44,False,0.0,18.9,4.4
2025-10-21,SKU109,Gym Bag,Fitness,Vendor C,West,Online,13.0,206.0,45,12,73.66,161.49,2099.37,False,0.0,28.5,4.9
2025-12-25,SKU101,Cotton T-Shirt,Apparel,Vendor A,North,Retail Store,21.0,279.0,74,6,33.5,57.73,1212.33,False,0.0,35.1,4.7
2025-06-30,SKU108,Sports Socks,Apparel,Vendor B,East,Online,38.0,292.0,64,3,56.21,111.36,4231.68,False,0.0,18.2,3.9
2025-12-31,SKU112,Hoodie,Apparel,Vendor B,South,Online,54.0,92.0,73,11,65.48,148.54,8021.16,False,0.0,12.7,4.4
2025-11-04,SKU102,Running Shoes,Footwear,Vendor B,West,Online,76.0,67.0,51,14,48.81,90.37,6868.12,False,0.0,29.5,5.0
2025-11-11,SKU102,Running Shoes,Footwear,Vendor B,West,Wholesale,89.0,168.0,51,14,48.81,90.37,8042.93,False,0.0,18.6,4.3
2025-11-11,SKU112,Hoodie,Apparel,Vendor B,South,Retail Store,62.0,227.0,73,11,65.48,148.54,9209.48,False,0.0,30.8,4.0
2025-12-06,SKU107,Baseball Cap,Accessories,Vendor A,South,Retail Store,118.0,122.0,74,13,46.67,72.31,8532.58,False,0.0,34.6,3.8
2025-12-26,SKU106,Denim Jeans,Apparel,Vendor C,South,Wholesale,82.0,321.0,87,9,71.61,120.54,9884.28,False,0.0,23.6,4.0
2025-10-20,SKU101,Cotton T-Shirt,Apparel,Vendor A,North,Online,18.0,130.0,74,6,33.5,57.73,1039.14,False,0.0,36.6,4.1
2025-03-27,SKU101,Cotton T-Shirt,Apparel,Vendor A,North,Online,18.0,105.0,74,6,33.5,57.73,1039.14,False,0.0,17.8,4.2
2025-07-28,SKU110,Smart Watch,Electronics,Vendor D,North,Online,55.0,251.0,88,6,77.96,163.29,8980.95,False,0.0,31.3,3.8
2025-08-17,SKU103,Yoga Mat,Fitness,Vendor C,East,Online,81.0,75.0,42,8,28.05,51.04,4134.24,False,0.0,38.5,3.5
2025-08-02,SKU103,Yoga Mat,Fitness,Vendor C,East,Online,49.0,219.0,42,8,28.05,51.04,2500.96,False,0.0,27.1,4.2
2025-05-11,SKU101,Cotton T-Shirt,Apparel,Vendor A,North,Retail Store,19.0,111.0,74,6,33.5,57.73,1096.87,False,0.0,27.8,4.1
2025-10-18,SKU101,Cotton T-Shirt,Apparel,Vendor A,North,Retail Store,25.0,172.0,74,6,33.5,57.73,1443.25,False,0.0,22.3,4.6
2025-06-05,SKU101,Cotton T-Shirt,Apparel,Vendor A,North,Retail Store,23.0,157.0,74,6,33.5,57.73,1327.79,False,0.0,41.6,3.9
2025-03-05,SKU105,Sunglasses,Accessories,Vendor A,North,Retail Store,27.0,179.0,59,3,85.64,143.16,3865.32,False,0.0,21.7,3.5
2025-05-16,SKU110,Smart Watch,Electronics,Vendor D,North,Retail Store,60.0,186.0,88,6,77.96,163.29,9797.4,False,0.0,27.9,3.8
2025-08-06,SKU101,Cotton T-Shirt,Apparel,Vendor A,North,Retail Store,19.0,242.0,74,6,33.5,57.73,1096.87,False,0.0,32.3,4.0
2025-03-18,SKU110,Smart Watch,Electronics,Vendor D,North,Retail Store,83.0,139.0,88,6,77.96,163.29,13553.07,False,0.0,25.3,4.0
2025-07-13,SKU107,Baseball Cap,Accessories,Vendor A,South,Online,71.0,283.0,74,13,46.67,72.31,5134.01,False,0.0,32.8,4.3
2025-10-29,SKU110,Smart Watch,Electronics,Vendor D,North,Online,90.0,234.0,88,6,77.96,163.29,14696.1,False,0.0,21.5,4.6
2025-11-26,SKU111,Water Bottle,Fitness,Vendor A,North,Retail Store,36.0,198.0,79,12,24.6,52.01,1872.36,False,0.0,28.1,4.6
2025-02-10,SKU102,Running Shoes,Footwear,Vendor B,West,Online,36.0,118.0,51,14,48.81,90.37,3253.32,False,0.0,7.7,3.9
2025-09-18,SKU101,Cotton T-Shirt,Apparel,Vendor A,North,Online,24.0,162.0,74,6,33.5,57.73,1385.52,False,0.0,40.8,3.9
2025-12-28,SKU112,Hoodie,Apparel,Vendor B,South,Retail Store,116.0,114.0,73,11,65.48,148.54,17230.64,False,0.0,8.1,5.0
2025-12-11,SKU110,Smart Watch,Electronics,Vendor D,North,Online,87.0,248.0,88,6,77.96,163.29,14206.23,False,0.0,26.2,5.0
2025-12-05,SKU110,Smart Watch,Electronics,Vendor D,North,Online,108.0,178.0,88,6,77.96,163.29,17635.32,False,0.0,17.4,4.5
2025-02-03,SKU107,Baseball Cap,Accessories,Vendor A,South,Online,46.0,196.0,74,13,46.67,72.31,3326.26,False,0.0,16.4,3.8
2025-03-01,SKU104,Protein Powder,Health,Vendor B,East,Retail Store,30.0,129.0,70,9,49.68,111.64,3349.2,False,0.0,28.2,4.1
2025-01-24,SKU104,Protein Powder,Health,Vendor B,East,Retail Store,11.0,325.0,70,9,49.68,111.64,1228.04,False,0.0,9.0,4.0
2025-05-28,SKU102,Running Shoes,Footwear,Vendor B,West,Retail Store,58.0,135.0,51,14,48.81,90.37,5241.46,False,0.0,21.5,4.0
2025-04-04,SKU110,Smart Watch,Electronics,Vendor D,North,Online,58.0,107.0,88,6,77.96,163.29,9470.82,False,0.0,34.4,4.2
2025-08-01,SKU102,Running Shoes,Footwear,Vendor B,West,Online,57.0,187.0,51,14,48.81,90.37,5151.09,False,0.0,16.6,4.2
2025-04-22,SKU102,Running Shoes,Footwear,Vendor B,West,Online,59.0,113.0,51,14,48.81,90.37,5331.83,False,0.0,19.2,4.5
2025-03-20,SKU105,Sunglasses,Accessories,Vendor A,North,Retail Store,16.0,61.0,59,3,85.64,143.16,2290.56,False,0.0,18.4,4.3
2025-09-08,SKU105,Sunglasses,Accessories,Vendor A,North,Online,19.0,305.0,59,3,85.64,143.16,2720.04,False,0.0,26.1,3.4
2025-05-15,SKU102,Running Shoes,Footwear,Vendor B,West,Online,57.0,152.0,51,14,48.81,90.37,5151.09,False,0.0,20.6,3.5
2025-03-21,SKU104,Protein Powder,Health,Vendor B,East,Online,,158.0,70,9,49.68,111.64,1897.88,False,0.0,36.3,4.1
2025-05-14,SKU102,Running Shoes,Footwear,Vendor B,West,Online,69.0,209.0,51,14,48.81,90.37,6235.53,False,0.0,29.2,4.5
2025-06-30,SKU104,Protein Powder,Health,Vendor B,East,Online,15.0,120.0,70,9,49.68,111.64,1674.6,False,0.0,19.8,3.7
2025-03-28,SKU101,Cotton T-Shirt,Apparel,Vendor A,North,Online,16.0,89.0,74,6,33.5,57.73,923.68,False,0.0,35.5,4.5
2025-09-10,SKU110,Smart Watch,Electronics,Vendor D,North,Online,46.0,152.0,88,6,77.96,163.29,7511.34,False,0.0,21.4,4.5
2025-07-08,SKU104,Protein Powder,Health,Vendor B,East,Wholesale,15.0,172.0,70,9,49.68,111.64,1674.6,False,0.0,30.1,4.2
2025-11-29,SKU111,Water Bottle,Fitness,Vendor A,North,Retail Store,48.0,259.0,79,12,24.6,52.01,2496.48,False,0.0,17.0,4.4
2025-05-07,SKU104,Protein Powder,Health,Vendor B,East,Retail Store,35.0,217.0,70,9,49.68,111.64,3907.4,True,31.0,34.5,4.0
2025-09-22,SKU111,Water Bottle,Fitness,Vendor A,North,Wholesale,13.0,222.0,79,12,24.6,52.01,676.13,False,0.0,4.9,4.2
2025-07-03,SKU107,Baseball Cap,Accessories,Vendor A,South,Online,48.0,233.0,74,13,46.67,72.31,3470.88,False,0.0,16.1,4.4
2025-11-28,SKU107,Baseball Cap,Accessories,Vendor A,South,Retail Store,52.0,125.0,74,13,46.67,72.31,3760.12,False,0.0,30.5,4.4
2025-12-26,SKU104,Protein Powder,Health,Vendor B,East,Retail Store,36.0,75.0,70,9,49.68,111.64,4019.04,True,39.0,28.8,4.3
2025-10-11,SKU105,Sunglasses,Accessories,Vendor A,North,Wholesale,36.0,217.0,59,3,85.64,143.16,5153.76,False,0.0,16.3,4.1
2025-11-22,SKU105,Sunglasses,Accessories,Vendor A,North,Retail Store,,259.0,59,3,85.64,143.16,6871.68,False,0.0,15.1,4.2
2025-03-22,SKU104,Protein Powder,Health,Vendor B,East,Online,26.0,132.0,70,9,49.68,111.64,2902.64,False,0.0,27.5,3.6
2025-06-29,SKU101,Cotton T-Shirt,Apparel,Vendor A,North,Retail Store,31.0,185.0,74,6,33.5,57.73,1789.63,False,0.0,36.7,4.4
2025-12-25,SKU110,Smart Watch,Electronics,Vendor D,North,Online,94.0,244.0,88,6,77.96,163.29,15349.26,False,0.0,34.3,4.8
2025-04-12,SKU102,Running Shoes,Footwear,Vendor B,West,Retail Store,86.0,135.0,51,14,48.81,90.37,7771.82,False,0.0,24.7,3.9
2025-05-12,SKU110,Smart Watch,Electronics,Vendor D,North,Online,,239.0,88,6,77.96,163.29,8164.5,False,0.0,32.6,4.6
2025-11-05,SKU109,Gym Bag,Fitness,Vendor C,West,Online,19.0,228.0,45,12,73.66,161.49,3068.31,False,0.0,13.1,4.1
2025-03-28,SKU105,Sunglasses,Accessories,Vendor A,North,Online,20.0,136.0,59,3,85.64,143.16,2863.2,False,0.0,30.2,3.6
2025-07-13,SKU109,Gym Bag,Fitness,Vendor C,West,Online,14.0,182.0,45,12,73.66,161.49,2260.86,False,0.0,30.4,4.1
2025-05-04,SKU104,Protein Powder,Health,Vendor B,East,Online,28.0,292.0,70,9,49.68,111.64,3125.92,False,0.0,28.9,4.3
2025-02-12,SKU105,Sunglasses,Accessories,Vendor A,North,Retail Store,5.0,201.0,59,3,85.64,143.16,715.8,False,0.0,29.4,3.7
2025-11-10,SKU104,Protein Powder,Health,Vendor B,East,Online,29.0,270.0,70,9,49.68,111.64,3237.56,False,0.0,31.0,4.3
2025-09-20,SKU101,Cotton T-Shirt,Apparel,Vendor A,North,Retail Store,27.0,120.0,74,6,33.5,57.73,1558.71,False,0.0,35.6,4.2
2025-06-11,SKU102,Running Shoes,Footwear,Vendor B,West,Retail Store,53.0,183.0,51,14,48.81,90.37,4789.61,False,0.0,23.3,4.8
2025-04-28,SKU103,Yoga Mat,Fitness,Vendor C,East,Retail Store,64.0,179.0,42,8,28.05,51.04,3266.56,False,0.0,26.7,4.6
2025-10-13,SKU103,Yoga Mat,Fitness,Vendor C,East,Retail Store,60.0,199.0,42,8,28.05,51.04,3062.4,False,0.0,20.9,3.6
2025-11-13,SKU101,Cotton T-Shirt,Apparel,Vendor A,North,Retail Store,51.0,99.0,74,6,33.5,57.73,2944.23,True,20.0,34.5,4.2
2025-10-20,SKU112,Hoodie,Apparel,Vendor B,South,Wholesale,56.0,132.0,73,11,65.48,148.54,8318.24,False,0.0,29.2,3.5
2025-11-02,SKU103,Yoga Mat,Fitness,Vendor C,East,Retail Store,102.0,266.0,42,8,28.05,51.04,5206.08,False,0.0,37.8,5.0
2025-07-21,SKU102,Running Shoes,Footwear,Vendor B,West,Wholesale,56.0,193.0,51,14,48.81,90.37,5060.72,False,0.0,22.1,5.0
2025-03-08,SKU106,Denim Jeans,Apparel,Vendor C,South,Online,89.0,359.0,87,9,71.61,120.54,10728.06,False,0.0,28.9,4.8
2025-08-28,SKU102,Running Shoes,Footwear,Vendor B,West,Retail Store,54.0,255.0,51,14,48.81,90.37,4879.98,False,0.0,38.1,4.8
2025-09-13,SKU102,Running Shoes,Footwear,Vendor B,West,Online,74.0,180.0,51,14,48.81,90.37,6687.38,False,0.0,12.9,5.0
2025-10-19,SKU101,Cotton T-Shirt,Apparel,Vendor A,North,Online,24.0,148.0,74,6,33.5,57.73,1385.52,False,0.0,19.6,4.8
2025-12-04,SKU105,Sunglasses,Accessories,Vendor A,North,Wholesale,31.0,232.0,59,3,85.64,143.16,4437.96,False,0.0,19.5,4.7
2025-08-21,SKU106,Denim Jeans,Apparel,Vendor C,South,Retail Store,89.0,267.0,87,9,71.61,120.54,10728.06,True,22.0,27.7,4.7
2025-07-05,SKU107,Baseball Cap,Accessories,Vendor A,South,Retail Store,102.0,87.0,74,13,46.67,72.31,7375.62,True,29.0,18.0,4.7
2025-07-22,SKU111,Water Bottle,Fitness,Vendor A,North,Online,16.0,114.0,79,12,24.6,52.01,832.16,False,0.0,33.8,5.0
2025-03-07,SKU103,Yoga Mat,Fitness,Vendor C,East,Online,,199.0,42,8,28.05,51.04,1429.12,False,0.0,17.1,3.9
2025-09-29,SKU106,Denim Jeans,Apparel,Vendor C,South,Online,65.0,134.0,87,9,71.61,120.54,7835.1,False,0.0,21.3,3.7
2025-06-29,SKU109,Gym Bag,Fitness,Vendor C,West,Retail Store,19.0,200.0,45,12,73.66,161.49,3068.31,False,0.0,31.0,4.3
2025-10-15,SKU109,Gym Bag,Fitness,Vendor C,West,Online,9.0,282.0,45,12,73.66,161.49,1453.41,False,0.0,26.6,3.9
2025-10-24,SKU112,Hoodie,Apparel,Vendor B,South,Online,54.0,179.0,73,11,65.48,148.54,8021.16,False,0.0,25.9,4.1
2025-02-16,SKU102,Running Shoes,Footwear,Vendor B,West,Retail Store,47.0,93.0,51,14,48.81,90.37,4247.39,False,0.0,16.0,4.7
2025-10-16,SKU101,Cotton T-Shirt,Apparel,Vendor A,North,Online,19.0,217.0,74,6,33.5,57.73,1096.87,False,0.0,36.0,3.6
2025-09-02,SKU107,Baseball Cap,Accessories,Vendor A,South,Retail Store,45.0,176.0,74,13,46.67,72.31,3253.95,False,0.0,30.3,4.5
2025-12-24,SKU110,Smart Watch,Electronics,Vendor D,North,Retail Store,84.0,138.0,88,6,77.96,163.29,13716.36,False,0.0,20.2,4.0
2025-05-04,SKU103,Yoga Mat,Fitness,Vendor C,East,Online,63.0,73.0,42,8,28.05,51.04,3215.52,False,0.0,14.2,4.2
2025-01-06,SKU108,Sports Socks,Apparel,Vendor B,East,Retail Store,33.0,161.0,64,3,56.21,111.36,3674.88,False,0.0,37.5,4.1
2025-02-09,SKU107,Baseball Cap,Accessories,Vendor A,South,Wholesale,25.0,111.0,74,13,46.67,72.31,1807.75,False,0.0,30.2,4.4
2025-03-12,SKU103,Yoga Mat,Fitness,Vendor C,East,Retail Store,32.0,72.0,42,8,28.05,51.04,1633.28,False,0.0,30.0,4.6
2025-04-11,SKU108,Sports Socks,Apparel,Vendor B,East,Online,48.0,79.0,64,3,56.21,111.36,5345.28,False,0.0,13.9,5.0
2025-09-13,SKU111,Water Bottle,Fitness,Vendor A,North,Online,33.0,269.0,79,12,24.6,52.01,1716.33,False,0.0,20.7,5.0
2025-09-05,SKU108,Sports Socks,Apparel,Vendor B,East,Retail Store,41.0,153.0,64,3,56.21,111.36,4565.76,False,0.0,14.9,4.9
2025-09-19,SKU112,Hoodie,Apparel,Vendor B,South,Online,38.0,169.0,73,11,65.48,148.54,5644.52,False,0.0,20.0,4.9
2025-07-13,SKU108,Sports Socks,Apparel,Vendor B,East,Online,54.0,192.0,64,3,56.21,111.36,6013.44,False,0.0,13.8,4.2
2025-09-08,SKU104,Protein Powder,Health,Vendor B,East,Wholesale,27.0,152.0,70,9,49.68,111.64,3014.28,True,14.0,24.6,3.9
2025-09-10,SKU105,Sunglasses,Accessories,Vendor A,North,Online,19.0,265.0,59,3,85.64,143.16,2720.04,False,0.0,14.4,4.3
2025-05-18,SKU102,Running Shoes,Footwear,Vendor B,West,Retail Store,104.0,149.0,51,14,48.81,90.37,9398.48,False,0.0,18.1,3.7
2025-04-18,SKU108,Sports Socks,Apparel,Vendor B,East,Retail Store,44.0,221.0,64,3,56.21,111.36,4899.84,False,0.0,28.3,4.2
2025-05-17,SKU104,Protein Powder,Health,Vendor B,East,Wholesale,29.0,224.0,70,9,49.68,111.64,3237.56,False,0.0,25.8,4.8
2025-12-23,SKU104,Protein Powder,Health,Vendor B,East,Wholesale,28.0,165.0,70,9,49.68,111.64,3125.92,False,0.0,17.7,4.6
2025-03-27,SKU106,Denim Jeans,Apparel,Vendor C,South,Retail Store,66.0,249.0,87,9,71.61,120.54,7955.64,False,0.0,24.4,3.7
2025-03-20,SKU108,Sports Socks,Apparel,Vendor B,East,Retail Store,43.0,173.0,64,3,56.21,111.36,4788.48,False,0.0,30.3,4.1
2025-12-17,SKU107,Baseball Cap,Accessories,Vendor A,South,Retail Store,91.0,165.0,74,13,46.67,72.31,6580.21,False,0.0,23.7,
2025-09-14,SKU102,Running Shoes,Footwear,Vendor B,West,Online,65.0,115.0,51,14,48.81,90.37,5874.05,False,0.0,27.1,3.9
2025-02-04,SKU101,Cotton T-Shirt,Apparel,Vendor A,North,Online,14.0,278.0,74,6,33.5,57.73,808.22,True,16.0,27.0,4.5
2025-06-13,SKU107,Baseball Cap,Accessories,Vendor A,South,Online,43.0,124.0,74,13,46.67,72.31,3109.33,False,0.0,16.1,3.8
2025-11-02,SKU111,Water Bottle,Fitness,Vendor A,North,Online,45.0,86.0,79,12,24.6,52.01,2340.45,False,0.0,28.7,4.4
2025-12-16,SKU109,Gym Bag,Fitness,Vendor C,West,Wholesale,12.0,176.0,45,12,73.66,161.49,1937.88,False,0.0,18.5,4.0
2025-04-22,SKU108,Sports Socks,Apparel,Vendor B,East,Online,44.0,75.0,64,3,56.21,111.36,4899.84,False,0.0,18.2,4.3
2025-10-06,SKU104,Protein Powder,Health,Vendor B,East,Retail Store,20.0,211.0,70,9,49.68,111.64,2232.8,False,0.0,29.0,4.9
2025-09-01,SKU110,Smart Watch,Electronics,Vendor D,North,Online,96.0,136.0,88,6,77.96,163.29,15675.84,True,39.0,40.8,3.7
2025-12-23,SKU103,Yoga Mat,Fitness,Vendor C,East,Online,65.0,111.0,42,8,28.05,51.04,3317.6,False,0.0,31.5,3.5
2025-02-06,SKU108,Sports Socks,Apparel,Vendor B,East,Online,49.0,186.0,64,3,56.21,111.36,5456.64,True,19.0,18.4,5.0
2025-10-06,SKU108,Sports Socks,Apparel,Vendor B,East,Online,68.0,200.0,64,3,56.21,111.36,7572.48,False,0.0,35.7,3.8
2025-08-30,SKU105,Sunglasses,Accessories,Vendor A,North,Retail Store,28.0,67.0,59,3,85.64,143.16,4008.48,False,0.0,52.7,4.0
2025-12-18,SKU109,Gym Bag,Fitness,Vendor C,West,Retail Store,18.0,141.0,45,12,73.66,161.49,2906.82,False,0.0,24.9,4.8
2025-08-02,SKU102,Running Shoes,Footwear,Vendor B,West,Retail Store,93.0,94.0,51,14,48.81,90.37,8404.41,False,0.0,39.2,3.0
2025-03-14,SKU112,Hoodie,Apparel,Vendor B,South,Online,53.0,184.0,73,11,65.48,148.54,7872.62,False,0.0,35.1,3.9
2025-12-23,SKU106,Denim Jeans,Apparel,Vendor C,South,Online,90.0,94.0,87,9,71.61,120.54,10848.6,False,0.0,34.8,4.0
2025-03-20,SKU107,Baseball Cap,Accessories,Vendor A,South,Online,48.0,93.0,74,13,46.67,72.31,3470.88,False,0.0,13.3,4.9
2025-12-17,SKU103,Yoga Mat,Fitness,Vendor C,East,Online,81.0,136.0,42,8,28.05,51.04,4134.24,False,0.0,17.6,4.6
2025-08-21,SKU109,Gym Bag,Fitness,Vendor C,West,Online,10.0,132.0,45,12,73.66,161.49,1614.9,False,0.0,43.5,4.1
2025-07-27,SKU101,Cotton T-Shirt,Apparel,Vendor A,North,Retail Store,27.0,124.0,74,6,33.5,57.73,1558.71,False,0.0,16.5,4.4
2025-11-28,SKU102,Running Shoes,Footwear,Vendor B,West,Online,88.0,165.0,51,14,48.81,90.37,7952.56,False,0.0,18.9,4.6
2025-03-08,SKU105,Sunglasses,Accessories,Vendor A,North,Online,30.0,106.0,59,3,85.64,143.16,4294.8,False,0.0,30.0,4.4
2025-11-22,SKU104,Protein Powder,Health,Vendor B,East,Retail Store,45.0,199.0,70,9,49.68,111.64,5023.8,False,0.0,29.6,4.0
2025-02-01,SKU108,Sports Socks,Apparel,Vendor B,East,Retail Store,35.0,71.0,64,3,56.21,111.36,3897.6,False,0.0,28.8,4.4
2025-07-23,SKU108,Sports Socks,Apparel,Vendor B,East,Online,54.0,189.0,64,3,56.21,111.36,6013.44,False,0.0,24.6,4.8
2025-03-26,SKU103,Yoga Mat,Fitness,Vendor C,East,Retail Store,47.0,157.0,42,8,28.05,51.04,2398.88,False,0.0,20.9,4.1
2025-11-08,SKU106,Denim Jeans,Apparel,Vendor C,South,Retail Store,142.0,279.0,87,9,71.61,120.54,17116.68,False,0.0,28.9,3.9
2025-03-27,SKU102,Running Shoes,Footwear,Vendor B,West,Online,43.0,158.0,51,14,48.81,90.37,3885.91,False,0.0,25.3,4.1
2025-10-19,SKU112,Hoodie,Apparel,Vendor B,South,Wholesale,66.0,188.0,73,11,65.48,148.54,9803.64,False,0.0,11.8,4.8
2025-02-11,SKU105,Sunglasses,Accessories,Vendor A,North,Wholesale,24.0,61.0,59,3,85.64,143.16,3435.84,True,19.0,15.7,4.7
2025-04-19,SKU102,Running Shoes,Footwear,Vendor B,West,Retail Store,69.0,115.0,51,14,48.81,90.37,6235.53,False,0.0,32.5,4.5
2025-01-16,SKU106,Denim Jeans,Apparel,Vendor C,South,Retail Store,51.0,128.0,87,9,71.61,120.54,6147.54,False,0.0,34.8,4.1
2025-12-04,SKU102,Running Shoes,Footwear,Vendor B,West,Wholesale,79.0,98.0,51,14,48.81,90.37,7139.23,False,0.0,19.0,4.2
2025-09-19,SKU109,Gym Bag,Fitness,Vendor C,West,Online,8.0,136.0,45,12,73.66,161.49,1291.92,False,0.0,12.3,3.2
2025-02-09,SKU106,Denim Jeans,Apparel,Vendor C,South,Retail Store,52.0,325.0,87,9,71.61,120.54,6268.08,False,0.0,37.0,3.6
2025-06-09,SKU107,Baseball Cap,Accessories,Vendor A,South,Online,61.0,210.0,74,13,46.67,72.31,4410.91,False,0.0,23.0,2.8
2025-10-03,SKU106,Denim Jeans,Apparel,Vendor C,South,Online,42.0,200.0,87,9,71.61,120.54,5062.68,False,0.0,29.4,3.5
2025-01-01,SKU111,Water Bottle,Fitness,Vendor A,North,Wholesale,21.0,150.0,79,12,24.6,52.01,1092.21,False,0.0,12.0,4.3
2025-08-14,SKU107,Baseball Cap,Accessories,Vendor A,South,Online,60.0,153.0,74,13,46.67,72.31,4338.6,False,0.0,22.8,3.5
2025-05-21,SKU102,Running Shoes,Footwear,Vendor B,West,Wholesale,46.0,234.0,51,14,48.81,90.37,4157.02,False,0.0,31.6,3.6
2025-11-27,SKU103,Yoga Mat,Fitness,Vendor C,East,Online,78.0,137.0,42,8,28.05,51.04,3981.12,False,0.0,9.0,4.3
2025-08-02,SKU105,Sunglasses,Accessories,Vendor A,North,Online,25.0,260.0,59,3,85.64,143.16,3579.0,False,0.0,26.1,3.8
2025-03-06,SKU103,Yoga Mat,Fitness,Vendor C,East,Online,51.0,227.0,42,8,28.05,51.04,2603.04,False,0.0,42.4,4.2
2025-12-13,SKU109,Gym Bag,Fitness,Vendor C,West,Retail Store,29.0,226.0,45,12,73.66,161.49,4683.21,False,0.0,28.2,3.2
2025-09-24,SKU110,Smart Watch,Electronics,Vendor D,North,Retail Store,43.0,223.0,88,6,77.96,163.29,7021.47,False,0.0,20.7,3.2
2025-11-12,SKU109,Gym Bag,Fitness,Vendor C,West,Online,14.0,85.0,45,12,73.66,161.49,2260.86,False,0.0,19.7,4.3
2025-12-24,SKU107,Baseball Cap,Accessories,Vendor A,South,Retail Store,85.0,198.0,74,13,46.67,72.31,6146.35,False,0.0,30.1,3.7
2025-01-31,SKU109,Gym Bag,Fitness,Vendor C,West,Online,9.0,185.0,45,12,73.66,161.49,1453.41,False,0.0,24.9,4.1
2025-11-12,SKU105,Sunglasses,Accessories,Vendor A,North,Retail Store,35.0,105.0,59,3,85.64,143.16,5010.6,False,0.0,27.7,4.4
2025-07-04,SKU104,Protein Powder,Health,Vendor B,East,Wholesale,18.0,265.0,70,9,49.68,111.64,2009.52,False,0.0,21.5,3.9
2025-07-27,SKU110,Smart Watch,Electronics,Vendor D,North,Retail Store,168.0,306.0,88,6,77.96,163.29,27432.72,True,21.0,24.6,5.0
2025-04-03,SKU111,Water Bottle,Fitness,Vendor A,North,Online,26.0,206.0,79,12,24.6,52.01,1352.26,False,0.0,27.0,4.6
2025-05-10,SKU106,Denim Jeans,Apparel,Vendor C,South,Online,99.0,198.0,87,9,71.61,120.54,11933.46,False,0.0,20.4,3.8
2025-01-18,SKU102,Running Shoes,Footwear,Vendor B,West,Retail Store,49.0,184.0,51,14,48.81,90.37,4428.13,False,0.0,37.9,3.9
2025-03-06,SKU110,Smart Watch,Electronics,Vendor D,North,Online,66.0,306.0,88,6,77.96,163.29,10777.14,False,0.0,34.4,3.9
2025-09-26,SKU112,Hoodie,Apparel,Vendor B,South,Retail Store,35.0,281.0,73,11,65.48,148.54,5198.9,False,0.0,31.8,3.6
2025-09-04,SKU108,Sports Socks,Apparel,Vendor B,East,Retail Store,67.0,194.0,64,3,56.21,111.36,7461.12,False,0.0,22.3,4.6
2025-06-18,SKU112,Hoodie,Apparel,Vendor B,South,Online,47.0,119.0,73,11,65.48,148.54,6981.38,False,0.0,33.8,4.6
2025-08-06,SKU103,Yoga Mat,Fitness,Vendor C,East,Online,52.0,167.0,42,8,28.05,51.04,2654.08,False,0.0,39.7,3.9
2025-06-27,SKU112,Hoodie,Apparel,Vendor B,South,Retail Store,49.0,172.0,73,11,65.48,148.54,7278.46,False,0.0,21.1,4.0
2025-05-25,SKU103,Yoga Mat,Fitness,Vendor C,East,Online,73.0,176.0,42,8,28.05,51.04,3725.92,False,0.0,23.8,4.6
2025-08-19,SKU111,Water Bottle,Fitness,Vendor A,North,Retail Store,16.0,102.0,79,12,24.6,52.01,832.16,False,0.0,16.5,4.4
2025-06-07,SKU106,Denim Jeans,Apparel,Vendor C,South,Online,91.0,177.0,87,9,71.61,120.54,10969.14,False,0.0,19.4,4.3
2025-09-12,SKU102,Running Shoes,Footwear,Vendor B,West,Online,49.0,97.0,51,14,48.81,90.37,4428.13,False,0.0,30.7,5.0
2025-11-14,SKU109,Gym Bag,Fitness,Vendor C,West,Online,19.0,50.0,45,12,73.66,161.49,3068.31,False,0.0,22.0,4.1
2025-10-09,SKU101,Cotton T-Shirt,Apparel,Vendor A,North,Online,22.0,179.0,74,6,33.5,57.73,1270.06,False,0.0,22.5,3.6
2025-02-24,SKU103,Yoga Mat,Fitness,Vendor C,East,Online,31.0,55.0,42,8,28.05,51.04,1582.24,False,0.0,14.4,4.3
2025-04-15,SKU106,Denim Jeans,Apparel,Vendor C,South,Online,87.0,151.0,87,9,71.61,120.54,10486.98,False,0.0,23.3,4.5
2025-07-16,SKU106,Denim Jeans,Apparel,Vendor C,South,Online,51.0,267.0,87,9,71.61,120.54,6147.54,False,0.0,36.3,4.2
2025-02-06,SKU107,Baseball Cap,Accessories,Vendor A,South,Retail Store,30.0,76.0,74,13,46.67,72.31,2169.3,False,0.0,7.7,4.0
2025-07-10,SKU106,Denim Jeans,Apparel,Vendor C,South,Retail Store,44.0,316.0,87,9,71.61,120.54,5303.76,False,0.0,22.8,4.1
2025-04-22,SKU109,Gym Bag,Fitness,Vendor C,West,Retail Store,11.0,143.0,45,12,73.66,161.49,1776.39,False,0.0,29.7,3.7
2025-06-27,SKU105,Sunglasses,Accessories,Vendor A,North,Online,18.0,136.0,59,3,85.64,143.16,2576.88,False,0.0,16.0,4.6
2025-11-28,SKU105,Sunglasses,Accessories,Vendor A,North,Online,33.0,172.0,59,3,85.64,143.16,4724.28,False,0.0,33.0,3.9
2025-04-05,SKU110,Smart Watch,Electronics,Vendor D,North,Retail Store,101.0,255.0,88,6,77.96,163.29,16492.29,False,0.0,23.5,4.2
2025-04-29,SKU107,Baseball Cap,Accessories,Vendor A,South,Online,59.0,187.0,74,13,46.67,72.31,4266.29,False,0.0,15.2,4.1
2025-10-03,SKU107,Baseball Cap,Accessories,Vendor A,South,Wholesale,51.0,204.0,74,13,46.67,72.31,3687.81,False,0.0,30.3,3.9
2025-05-23,SKU109,Gym Bag,Fitness,Vendor C,West,Wholesale,11.0,222.0,45,12,73.66,161.49,1776.39,False,0.0,30.7,3.6
2025-11-30,SKU111,Water Bottle,Fitness,Vendor A,North,Online,55.0,204.0,79,12,24.6,52.01,2860.55,False,0.0,24.5,4.0
2025-11-10,SKU101,Cotton T-Shirt,Apparel,Vendor A,North,Online,34.0,211.0,74,6,33.5,57.73,1962.82,False,0.0,31.6,4.5
2025-11-24,SKU104,Protein Powder,Health,Vendor B,East,Retail Store,41.0,111.0,70,9,49.68,111.64,4577.24,False,0.0,1.6,4.4
2025-04-15,SKU112,Hoodie,Apparel,Vendor B,South,Retail Store,48.0,77.0,73,11,65.48,148.54,7129.92,False,0.0,22.1,4.7
2025-09-19,SKU111,Water Bottle,Fitness,Vendor A,North,Wholesale,19.0,126.0,79,12,24.6,52.01,988.19,False,0.0,21.5,4.2
2025-06-08,SKU107,Baseball Cap,Accessories,Vendor A,South,Retail Store,79.0,271.0,74,13,46.67,72.31,5712.49,False,0.0,27.8,4.0
2025-12-12,SKU101,Cotton T-Shirt,Apparel,Vendor A,North,Online,,234.0,74,6,33.5,57.73,2020.55,False,0.0,26.7,4.0
2025-06-11,SKU112,Hoodie,Apparel,Vendor B,South,Online,40.0,197.0,73,11,65.48,148.54,5941.6,False,0.0,30.0,5.0
2025-03-04,SKU103,Yoga Mat,Fitness,Vendor C,East,Online,36.0,74.0,42,8,28.05,51.04,1837.44,False,0.0,34.2,4.5
2025-01-31,SKU112,Hoodie,Apparel,Vendor B,South,Retail Store,34.0,246.0,73,11,65.48,148.54,5050.36,False,0.0,40.8,4.4
2025-07-13,SKU112,Hoodie,Apparel,Vendor B,South,Retail Store,56.0,148.0,73,11,65.48,148.54,8318.24,False,0.0,34.3,
2025-04-07,SKU106,Denim Jeans,Apparel,Vendor C,South,Retail Store,55.0,284.0,87,9,71.61,120.54,6629.7,False,0.0,27.3,4.0
2025-04-19,SKU104,Protein Powder,Health,Vendor B,East,Online,27.0,200.0,70,9,49.68,111.64,3014.28,False,0.0,15.4,4.7
2025-07-26,SKU102,Running Shoes,Footwear,Vendor B,West,Online,72.0,169.0,51,14,48.81,90.37,6506.64,False,0.0,40.0,4.3
2025-10-03,SKU112,Hoodie,Apparel,Vendor B,South,Retail Store,40.0,124.0,73,11,65.48,148.54,5941.6,False,0.0,23.5,4.7
2025-09-13,SKU112,Hoodie,Apparel,Vendor B,South,Online,43.0,319.0,73,11,65.48,148.54,6387.22,False,0.0,12.9,4.1
2025-12-11,SKU103,Yoga Mat,Fitness,Vendor C,East,Retail Store,75.0,51.0,42,8,28.05,51.04,3828.0,False,0.0,40.0,3.7
2025-10-17,SKU102,Running Shoes,Footwear,Vendor B,West,Retail Store,91.0,123.0,51,14,48.81,90.37,8223.67,True,20.0,27.3,3.4
2025-12-06,SKU104,Protein Powder,Health,Vendor B,East,Retail Store,34.0,171.0,70,9,49.68,111.64,3795.76,False,0.0,27.3,3.8
2025-07-15,SKU108,Sports Socks,Apparel,Vendor B,East,Online,50.0,70.0,64,3,56.21,111.36,5568.0,False,0.0,25.8,4.3
2025-06-19,SKU101,Cotton T-Shirt,Apparel,Vendor A,North,Wholesale,20.0,194.0,74,6,33.5,57.73,1154.6,False,0.0,28.7,5.0
2025-05-20,SKU103,Yoga Mat,Fitness,Vendor C,East,Online,72.0,153.0,42,8,28.05,51.04,3674.88,True,24.0,12.4,4.2
2025-02-16,SKU104,Protein Powder,Health,Vendor B,East,Wholesale,18.0,90.0,70,9,49.68,111.64,2009.52,False,0.0,26.6,4.2
2025-12-19,SKU101,Cotton T-Shirt,Apparel,Vendor A,North,Online,24.0,199.0,74,6,33.5,57.73,1385.52,False,0.0,34.3,4.7
2025-09-13,SKU107,Baseball Cap,Accessories,Vendor A,South,Online,76.0,74.0,74,13,46.67,72.31,5495.56,False,0.0,22.6,3.3
2025-09-27,SKU110,Smart Watch,Electronics,Vendor D,North,Retail Store,168.0,114.0,88,6,77.96,163.29,27432.72,True,20.0,15.7,4.6
2025-01-29,SKU111,Water Bottle,Fitness,Vendor A,North,Online,10.0,322.0,79,12,24.6,52.01,520.1,False,0.0,10.7,4.4
2025-06-06,SKU101,Cotton T-Shirt,Apparel,Vendor A,North,Online,20.0,137.0,74,6,33.5,57.73,1154.6,False,0.0,33.1,4.2
2025-04-10,SKU105,Sunglasses,Accessories,Vendor A,North,Wholesale,15.0,168.0,59,3,85.64,143.16,2147.4,False,0.0,29.8,3.5
2025-08-23,SKU102,Running Shoes,Footwear,Vendor B,West,Wholesale,83.0,141.0,51,14,48.81,90.37,7500.71,False,0.0,23.1,5.0
2025-10-19,SKU108,Sports Socks,Apparel,Vendor B,East,Retail Store,74.0,254.0,64,3,56.21,111.36,8240.64,False,0.0,20.4,4.7
2025-01-16,SKU112,Hoodie,Apparel,Vendor B,South,Wholesale,25.0,118.0,73,11,65.48,148.54,3713.5,False,0.0,16.9,5.0
2025-08-13,SKU105,Sunglasses,Accessories,Vendor A,North,Online,22.0,243.0,59,3,85.64,143.16,3149.52,False,0.0,23.5,5.0
2025-06-02,SKU106,Denim Jeans,Apparel,Vendor C,South,Online,58.0,196.0,87,9,71.61,120.54,6991.32,False,0.0,22.6,3.6
2025-01-20,SKU108,Sports Socks,Apparel,Vendor B,East,Online,38.0,195.0,64,3,56.21,111.36,4231.68,False,0.0,22.1,5.0
2025-11-07,SKU109,Gym Bag,Fitness,Vendor C,West,Online,16.0,196.0,45,12,73.66,161.49,2583.84,False,0.0,15.2,4.2
2025-05-10,SKU105,Sunglasses,Accessories,Vendor A,North,Retail Store,33.0,134.0,59,3,85.64,143.16,4724.28,False,0.0,19.2,4.4
2025-07-24,SKU102,Running Shoes,Footwear,Vendor B,West,Online,61.0,105.0,51,14,48.81,90.37,5512.57,False,0.0,21.2,4.6
2025-07-19,SKU109,Gym Bag,Fitness,Vendor C,West,Online,27.0,103.0,45,12,73.66,161.49,4360.23,True,11.0,23.8,3.5
2025-01-21,SKU101,Cotton T-Shirt,Apparel,Vendor A,North,Online,12.0,267.0,74,6,33.5,57.73,692.76,False,0.0,27.8,4.1
2025-05-27,SKU103,Yoga Mat,Fitness,Vendor C,East,Wholesale,53.0,64.0,42,8,28.05,51.04,2705.12,False,0.0,14.4,4.5
2025-01-03,SKU107,Baseball Cap,Accessories,Vendor A,South,Online,32.0,297.0,74,13,46.67,72.31,2313.92,False,0.0,22.3,4.7
2025-10-18,SKU111,Water Bottle,Fitness,Vendor A,North,Wholesale,35.0,93.0,79,12,24.6,52.01,1820.35,False,0.0,42.6,3.9
2025-02-28,SKU111,Water Bottle,Fitness,Vendor A,North,Online,14.0,236.0,79,12,24.6,52.01,728.14,False,0.0,26.7,4.0
2025-12-15,SKU110,Smart Watch,Electronics,Vendor D,North,Retail Store,89.0,187.0,88,6,77.96,163.29,14532.81,False,0.0,14.1,3.5
2025-11-09,SKU108,Sports Socks,Apparel,Vendor B,East,Online,111.0,179.0,64,3,56.21,111.36,12360.96,False,0.0,11.2,4.5
2025-02-08,SKU109,Gym Bag,Fitness,Vendor C,West,Online,13.0,110.0,45,12,73.66,161.49,2099.37,False,0.0,35.2,4.1
2025-10-09,SKU106,Denim Jeans,Apparel,Vendor C,South,Online,65.0,305.0,87,9,71.61,120.54,7835.1,False,0.0,22.4,3.9
2025-12-21,SKU107,Baseball Cap,Accessories,Vendor A,South,Online,114.0,264.0,74,13,46.67,72.31,8243.34,False,0.0,26.1,4.6
2025-05-15,SKU111,Water Bottle,Fitness,Vendor A,North,Retail Store,18.0,310.0,79,12,24.6,52.01,936.18,False,0.0,32.0,4.8
2025-02-25,SKU106,Denim Jeans,Apparel,Vendor C,South,Online,33.0,207.0,87,9,71.61,120.54,3977.82,False,0.0,18.3,4.2
2025-02-17,SKU104,Protein Powder,Health,Vendor B,East,Online,17.0,73.0,70,9,49.68,111.64,1897.88,False,0.0,41.6,4.6
2025-05-16,SKU108,Sports Socks,Apparel,Vendor B,East,Online,,130.0,64,3,56.21,111.36,5568.0,False,0.0,23.5,3.7
2025-05-14,SKU112,Hoodie,Apparel,Vendor B,South,Online,59.0,78.0,73,11,65.48,148.54,8763.86,False,0.0,18.6,3.3
2025-01-08,SKU112,Hoodie,Apparel,Vendor B,South,Retail Store,35.0,190.0,73,11,65.48,148.54,5198.9,False,0.0,12.4,4.7
2025-02-21,SKU112,Hoodie,Apparel,Vendor B,South,Online,34.0,117.0,73,11,65.48,148.54,5050.36,False,0.0,22.2,4.1
2025-07-05,SKU104,Protein Powder,Health,Vendor B,East,Retail Store,31.0,234.0,70,9,49.68,111.64,3460.84,False,0.0,23.5,3.4
2025-09-21,SKU111,Water Bottle,Fitness,Vendor A,North,Online,36.0,235.0,79,12,24.6,52.01,1872.36,False,0.0,38.5,4.4
2025-05-21,SKU106,Denim Jeans,Apparel,Vendor C,South,Online,41.0,189.0,87,9,71.61,120.54,4942.14,False,0.0,19.2,4.6
2025-10-16,SKU105,Sunglasses,Accessories,Vendor A,North,Online,18.0,96.0,59,3,85.64,143.16,2576.88,False,0.0,19.1,4.7
2025-04-10,SKU109,Gym Bag,Fitness,Vendor C,West,Wholesale,14.0,105.0,45,12,73.66,161.49,2260.86,True,25.0,24.7,3.8
2025-03-23,SKU103,Yoga Mat,Fitness,Vendor C,East,Retail Store,,165.0,42,8,28.05,51.04,3011.36,False,0.0,22.5,4.6
2025-12-26,SKU105,Sunglasses,Accessories,Vendor A,North,Online,38.0,64.0,59,3,85.64,143.16,5440.08,False,0.0,26.6,3.8
2025-05-28,SKU107,Baseball Cap,Accessories,Vendor A,South,Online,47.0,216.0,74,13,46.67,72.31,3398.57,False,0.0,36.0,4.1
2025-02-06,SKU110,Smart Watch,Electronics,Vendor D,North,Online,59.0,190.0,88,6,77.96,163.29,9634.11,False,0.0,31.3,4.0
2025-03-07,SKU102,Running Shoes,Footwear,Vendor B,West,Online,63.0,252.0,51,14,48.81,90.37,5693.31,False,0.0,29.9,4.5
2025-07-16,SKU111,Water Bottle,Fitness,Vendor A,North,Retail Store,37.0,286.0,79,12,24.6,52.01,1924.37,False,0.0,19.2,4.7
2025-04-29,SKU103,Yoga Mat,Fitness,Vendor C,East,Retail Store,49.0,130.0,42,8,28.05,51.04,2500.96,False,0.0,27.3,4.6
2025-02-20,SKU104,Protein Powder,Health,Vendor B,East,Online,16.0,171.0,70,9,49.68,111.64,1786.24,False,0.0,23.5,3.7
2025-02-24,SKU109,Gym Bag,Fitness,Vendor C,West,Online,10.0,142.0,45,12,73.66,161.49,1614.9,False,0.0,22.9,4.9
2025-08-08,SKU106,Denim Jeans,Apparel,Vendor C,South,Online,49.0,150.0,87,9,71.61,120.54,5906.46,False,0.0,13.6,4.0
2025-12-11,SKU106,Denim Jeans,Apparel,Vendor C,South,Online,98.0,319.0,87,9,71.61,120.54,11812.92,False,0.0,29.6,4.3
2025-07-03,SKU111,Water Bottle,Fitness,Vendor A,North,Retail Store,27.0,241.0,79,12,24.6,52.01,1404.27,False,0.0,23.1,4.2
2025-02-14,SKU109,Gym Bag,Fitness,Vendor C,West,Online,6.0,65.0,45,12,73.66,161.49,968.94,False,0.0,32.0,4.1
2025-12-07,SKU110,Smart Watch,Electronics,Vendor D,North,Retail Store,138.0,247.0,88,6,77.96,163.29,22534.02,False,0.0,41.9,4.5
2025-12-23,SKU111,Water Bottle,Fitness,Vendor A,North,Online,36.0,93.0,79,12,24.6,52.01,1872.36,False,0.0,18.0,3.8
2025-04-27,SKU109,Gym Bag,Fitness,Vendor C,West,Online,15.0,67.0,45,12,73.66,161.49,2422.35,False,0.0,24.8,3.7
2025-05-14,SKU109,Gym Bag,Fitness,Vendor C,West,Online,9.0,84.0,45,12,73.66,161.49,1453.41,False,0.0,12.1,4.3
2025-10-01,SKU106,Denim Jeans,Apparel,Vendor C,South,Online,81.0,118.0,87,9,71.61,120.54,9763.74,True,26.0,29.3,3.1
2025-06-08,SKU101,Cotton T-Shirt,Apparel,Vendor A,North,Wholesale,27.0,83.0,74,6,33.5,57.73,1558.71,False,0.0,33.4,4.6
2025-07-16,SKU102,Running Shoes,Footwear,Vendor B,West,Retail Store,66.0,66.0,51,14,48.81,90.37,5964.42,False,0.0,31.3,3.6
2025-06-10,SKU103,Yoga Mat,Fitness,Vendor C,East,Retail Store,32.0,112.0,42,8,28.05,51.04,1633.28,False,0.0,25.4,4.5
2025-07-22,SKU103,Yoga Mat,Fitness,Vendor C,East,Online,37.0,116.0,42,8,28.05,51.04,1888.48,False,0.0,19.0,4.2
2025-11-05,SKU105,Sunglasses,Accessories,Vendor A,North,Online,39.0,150.0,59,3,85.64,143.16,5583.24,False,0.0,26.1,4.4
2025-12-07,SKU103,Yoga Mat,Fitness,Vendor C,East,Wholesale,105.0,254.0,42,8,28.05,51.04,5359.2,False,0.0,30.1,4.2
2025-05-09,SKU110,Smart Watch,Electronics,Vendor D,North,Wholesale,57.0,272.0,88,6,77.96,163.29,9307.53,False,0.0,32.5,3.7
2025-12-26,SKU102,Running Shoes,Footwear,Vendor B,West,Online,79.0,200.0,51,14,48.81,90.37,7139.23,False,0.0,8.9,4.3
2025-07-28,SKU102,Running Shoes,Footwear,Vendor B,West,Online,69.0,219.0,51,14,48.81,90.37,6235.53,False,0.0,21.1,4.3
2025-08-10,SKU104,Protein Powder,Health,Vendor B,East,Online,19.0,128.0,70,9,49.68,111.64,2121.16,False,0.0,21.2,3.9
2025-06-19,SKU107,Baseball Cap,Accessories,Vendor A,South,Online,44.0,209.0,74,13,46.67,72.31,3181.64,False,0.0,21.0,4.7
2025-06-04,SKU107,Baseball Cap,Accessories,Vendor A,South,Online,60.0,265.0,74,13,46.67,72.31,4338.6,False,0.0,36.2,4.4
2025-07-21,SKU110,Smart Watch,Electronics,Vendor D,North,Online,78.0,234.0,88,6,77.96,163.29,12736.62,False,0.0,21.1,4.5
2025-07-29,SKU107,Baseball Cap,Accessories,Vendor A,South,Retail Store,53.0,240.0,74,13,46.67,72.31,3832.43,False,0.0,16.4,4.0
2025-07-06,SKU112,Hoodie,Apparel,Vendor B,South,Retail Store,59.0,266.0,73,11,65.48,148.54,8763.86,False,0.0,38.7,4.2
2025-09-14,SKU112,Hoodie,Apparel,Vendor B,South,Online,58.0,261.0,73,11,65.48,148.54,8615.32,False,0.0,32.4,3.9
2025-12-15,SKU101,Cotton T-Shirt,Apparel,Vendor A,North,Online,27.0,118.0,74,6,33.5,57.73,1558.71,False,0.0,25.4,3.1
2025-10-03,SKU110,Smart Watch,Electronics,Vendor D,North,Online,53.0,216.0,88,6,77.96,163.29,8654.37,False,0.0,12.0,4.3
2025-01-09,SKU108,Sports Socks,Apparel,Vendor B,East,Retail Store,36.0,234.0,64,3,56.21,111.36,4008.96,False,0.0,21.9,4.3
2025-11-16,SKU104,Protein Powder,Health,Vendor B,East,Online,45.0,70.0,70,9,49.68,111.64,5023.8,False,0.0,19.2,3.8
2025-03-09,SKU101,Cotton T-Shirt,Apparel,Vendor A,North,Wholesale,26.0,89.0,74,6,33.5,57.73,1500.98,False,0.0,11.7,4.4
2025-07-06,SKU109,Gym Bag,Fitness,Vendor C,West,Retail Store,18.0,107.0,45,12,73.66,161.49,2906.82,False,0.0,33.7,4.3
2025-09-15,SKU112,Hoodie,Apparel,Vendor B,South,Retail Store,50.0,211.0,73,11,65.48,148.54,7427.0,False,0.0,16.2,4.8
2025-01-30,SKU108,Sports Socks,Apparel,Vendor B,East,Wholesale,16.0,150.0,64,3,56.21,111.36,1781.76,False,0.0,38.2,4.3
2025-03-08,SKU110,Smart Watch,Electronics,Vendor D,North,Wholesale,67.0,193.0,88,6,77.96,163.29,10940.43,False,0.0,47.3,3.9
2025-12-03,SKU106,Denim Jeans,Apparel,Vendor C,South,Retail Store,109.0,142.0,87,9,71.61,120.54,13138.86,False,0.0,13.3,3.8
2025-06-08,SKU110,Smart Watch,Electronics,Vendor D,North,Retail Store,93.0,150.0,88,6,77.96,163.29,15185.97,False,0.0,23.7,3.9
2025-02-01,SKU101,Cotton T-Shirt,Apparel,Vendor A,North,Online,11.0,82.0,74,6,33.5,57.73,635.03,False,0.0,33.4,4.6
2025-11-17,SKU103,Yoga Mat,Fitness,Vendor C,East,Online,79.0,143.0,42,8,28.05,51.04,4032.16,False,0.0,26.4,4.6
2025-08-18,SKU111,Water Bottle,Fitness,Vendor A,North,Retail Store,18.0,118.0,79,12,24.6,52.01,936.18,False,0.0,19.5,4.7
2025-12-04,SKU109,Gym Bag,Fitness,Vendor C,West,Online,17.0,195.0,45,12,73.66,161.49,2745.33,False,0.0,30.3,4.4
2025-06-06,SKU110,Smart Watch,Electronics,Vendor D,North,Online,100.0,174.0,88,6,77.96,163.29,16329.0,False,0.0,19.2,4.1
2025-07-22,SKU102,Running Shoes,Footwear,Vendor B,West,Retail Store,99.0,94.0,51,14,48.81,90.37,8946.63,True,13.0,12.3,3.6
2025-08-23,SKU101,Cotton T-Shirt,Apparel,Vendor A,North,Online,31.0,208.0,74,6,33.5,57.73,1789.63,False,0.0,34.0,3.9
2025-08-16,SKU106,Denim Jeans,Apparel,Vendor C,South,Retail Store,70.0,187.0,87,9,71.61,120.54,8437.8,False,0.0,30.5,5.0
2025-06-28,SKU103,Yoga Mat,Fitness,Vendor C,East,Online,,155.0,42,8,28.05,51.04,2705.12,False,0.0,39.5,3.5
2025-10-23,SKU109,Gym Bag,Fitness,Vendor C,West,Online,11.0,184.0,45,12,73.66,161.49,1776.39,False,0.0,34.0,3.8
2025-09-02,SKU102,Running Shoes,Footwear,Vendor B,West,Online,51.0,105.0,51,14,48.81,90.37,4608.87,False,0.0,13.5,3.6
2025-06-12,SKU104,Protein Powder,Health,Vendor B,East,Retail Store,22.0,99.0,70,9,49.68,111.64,2456.08,False,0.0,16.0,4.2
2025-04-09,SKU110,Smart Watch,Electronics,Vendor D,North,Online,70.0,164.0,88,6,77.96,163.29,11430.3,False,0.0,-2.2,4.4
2025-04-10,SKU106,Denim Jeans,Apparel,Vendor C,South,Retail Store,64.0,100.0,87,9,71.61,120.54,7714.56,False,0.0,25.3,3.7
2025-07-25,SKU111,Water Bottle,Fitness,Vendor A,North,Retail Store,30.0,197.0,79,12,24.6,52.01,1560.3,False,0.0,28.7,4.9
2025-06-21,SKU102,Running Shoes,Footwear,Vendor B,West,Retail Store,85.0,189.0,51,14,48.81,90.37,7681.45,False,0.0,23.0,3.6
2025-07-27,SKU108,Sports Socks,Apparel,Vendor B,East,Online,82.0,126.0,64,3,56.21,111.36,9131.52,False,0.0,17.4,4.2
2025-08-03,SKU107,Baseball Cap,Accessories,Vendor A,South,Online,65.0,207.0,74,13,46.67,72.31,4700.15,False,0.0,24.8,2.6
2025-09-29,SKU112,Hoodie,Apparel,Vendor B,South,Online,36.0,130.0,73,11,65.48,148.54,5347.44,False,0.0,17.0,3.6
2025-02-20,SKU103,Yoga Mat,Fitness,Vendor C,East,Online,10.0,220.0,42,8,28.05,51.04,510.4,False,0.0,38.0,4.7
2025-06-22,SKU111,Water Bottle,Fitness,Vendor A,North,Retail Store,34.0,258.0,79,12,24.6,52.01,1768.34,False,0.0,24.0,3.5
2025-10-02,SKU111,Water Bottle,Fitness,Vendor A,North,Retail Store,21.0,168.0,79,12,24.6,52.01,1092.21,False,0.0,27.1,4.5
2025-07-02,SKU105,Sunglasses,Accessories,Vendor A,North,Retail Store,25.0,189.0,59,3,85.64,143.16,3579.0,False,0.0,22.7,3.8
2025-11-09,SKU104,Protein Powder,Health,Vendor B,East,Online,44.0,299.0,70,9,49.68,111.64,4912.16,False,0.0,32.3,4.2
2025-04-18,SKU101,Cotton T-Shirt,Apparel,Vendor A,North,Retail Store,16.0,106.0,74,6,33.5,57.73,923.68,False,0.0,28.4,4.1
2025-03-25,SKU108,Sports Socks,Apparel,Vendor B,East,Online,64.0,124.0,64,3,56.21,111.36,7127.04,False,0.0,27.4,4.4
2025-05-10,SKU109,Gym Bag,Fitness,Vendor C,West,Retail Store,14.0,125.0,45,12,73.66,161.49,2260.86,False,0.0,28.0,4.2
2025-04-27,SKU101,Cotton T-Shirt,Apparel,Vendor A,North,Retail Store,32.0,155.0,74,6,33.5,57.73,1847.36,False,0.0,12.7,4.2
2025-04-23,SKU106,Denim Jeans,Apparel,Vendor C,South,Online,82.0,98.0,87,9,71.61,120.54,9884.28,False,0.0,16.4,4.0
2025-10-04,SKU106,Denim Jeans,Apparel,Vendor C,South,Online,68.0,132.0,87,9,71.61,120.54,8196.72,False,0.0,29.7,5.0
2025-10-24,SKU105,Sunglasses,Accessories,Vendor A,North,Online,22.0,144.0,59,3,85.64,143.16,3149.52,False,0.0,17.5,4.3
2025-07-27,SKU112,Hoodie,Apparel,Vendor B,South,Online,72.0,101.0,73,11,65.48,148.54,10694.88,False,0.0,30.4,3.9
2025-07-02,SKU102,Running Shoes,Footwear,Vendor B,West,Online,,124.0,51,14,48.81,90.37,3614.8,False,0.0,26.3,4.1
2025-07-01,SKU104,Protein Powder,Health,Vendor B,East,Online,19.0,101.0,70,9,49.68,111.64,2121.16,False,0.0,29.9,4.1
2025-08-15,SKU111,Water Bottle,Fitness,Vendor A,North,Retail Store,32.0,200.0,79,12,24.6,52.01,1664.32,True,25.0,30.0,3.6
2025-08-12,SKU108,Sports Socks,Apparel,Vendor B,East,Online,60.0,169.0,64,3,56.21,111.36,6681.6,False,0.0,28.5,3.9
2025-12-03,SKU109,Gym Bag,Fitness,Vendor C,West,Online,20.0,212.0,45,12,73.66,161.49,3229.8,False,0.0,25.2,4.4
2025-08-19,SKU102,Running Shoes,Footwear,Vendor B,West,Online,64.0,205.0,51,14,48.81,90.37,5783.68,False,0.0,20.5,4.1
2025-01-29,SKU103,Yoga Mat,Fitness,Vendor C,East,Online,53.0,107.0,42,8,28.05,51.04,2705.12,False,0.0,15.2,3.7
2025-08-03,SKU105,Sunglasses,Accessories,Vendor A,North,Retail Store,35.0,225.0,59,3,85.64,143.16,5010.6,False,0.0,19.7,3.8
2025-11-11,SKU107,Baseball Cap,Accessories,Vendor A,South,Wholesale,77.0,104.0,74,13,46.67,72.31,5567.87,False,0.0,17.2,4.7
2025-07-12,SKU111,Water Bottle,Fitness,Vendor A,North,Retail Store,40.0,143.0,79,12,24.6,52.01,2080.4,False,0.0,33.9,3.7
2025-02-26,SKU111,Water Bottle,Fitness,Vendor A,North,Online,16.0,260.0,79,12,24.6,52.01,832.16,False,0.0,19.2,3.5
2025-09-04,SKU106,Denim Jeans,Apparel,Vendor C,South,Wholesale,60.0,154.0,87,9,71.61,120.54,7232.4,False,0.0,9.4,4.8
2025-09-16,SKU105,Sunglasses,Accessories,Vendor A,North,Online,20.0,107.0,59,3,85.64,143.16,2863.2,False,0.0,29.8,4.5
2025-02-21,SKU109,Gym Bag,Fitness,Vendor C,West,Online,7.0,174.0,45,12,73.66,161.49,1130.43,False,0.0,47.5,4.5
2025-03-11,SKU109,Gym Bag,Fitness,Vendor C,West,Online,9.0,138.0,45,12,73.66,161.49,1453.41,False,0.0,18.3,3.7
2025-10-08,SKU108,Sports Socks,Apparel,Vendor B,East,Online,100.0,188.0,64,3,56.21,111.36,11136.0,True,23.0,21.9,3.5
2025-03-09,SKU111,Water Bottle,Fitness,Vendor A,North,Online,30.0,226.0,79,12,24.6,52.01,1560.3,False,0.0,25.9,4.0
2025-05-16,SKU111,Water Bottle,Fitness,Vendor A,North,Online,22.0,288.0,79,12,24.6,52.01,1144.22,False,0.0,37.2,3.9
2025-08-18,SKU110,Smart Watch,Electronics,Vendor D,North,Online,91.0,155.0,88,6,77.96,163.29,14859.39,False,0.0,29.0,4.5
2025-04-17,SKU101,Cotton T-Shirt,Apparel,Vendor A,North,Online,22.0,122.0,74,6,33.5,57.73,1270.06,True,39.0,13.3,3.3
2025-06-29,SKU108,Sports Socks,Apparel,Vendor B,East,Retail Store,84.0,83.0,64,3,56.21,111.36,9354.24,False,0.0,15.4,4.0
2025-07-17,SKU106,Denim Jeans,Apparel,Vendor C,South,Online,79.0,188.0,87,9,71.61,120.54,9522.66,False,0.0,26.3,3.9
2025-04-28,SKU106,Denim Jeans,Apparel,Vendor C,South,Retail Store,65.0,165.0,87,9,71.61,120.54,7835.1,False,0.0,17.4,4.1
2025-07-12,SKU110,Smart Watch,Electronics,Vendor D,North,Online,81.0,144.0,88,6,77.96,163.29,13226.49,False,0.0,32.3,4.3
2025-12-01,SKU103,Yoga Mat,Fitness,Vendor C,East,Online,73.0,43.0,42,8,28.05,51.04,3725.92,False,0.0,32.8,4.4
2025-11-11,SKU108,Sports Socks,Apparel,Vendor B,East,Online,92.0,111.0,64,3,56.21,111.36,10245.12,False,0.0,40.4,4.9
2025-09-06,SKU105,Sunglasses,Accessories,Vendor A,North,Retail Store,24.0,104.0,59,3,85.64,143.16,3435.84,False,0.0,13.1,3.3
2025-12-06,SKU101,Cotton T-Shirt,Apparel,Vendor A,North,Online,,253.0,74,6,33.5,57.73,2020.55,False,0.0,33.3,3.8
2025-02-26,SKU110,Smart Watch,Electronics,Vendor D,North,Online,49.0,110.0,88,6,77.96,163.29,8001.21,False,0.0,19.7,4.5
2025-08-10,SKU106,Denim Jeans,Apparel,Vendor C,South,Online,84.0,248.0,87,9,71.61,120.54,10125.36,False,0.0,16.9,5.0
2025-09-27,SKU103,Yoga Mat,Fitness,Vendor C,East,Retail Store,76.0,198.0,42,8,28.05,51.04,3879.04,False,0.0,19.9,4.2
2025-09-28,SKU109,Gym Bag,Fitness,Vendor C,West,Retail Store,11.0,238.0,45,12,73.66,161.49,1776.39,False,0.0,25.3,4.4
2025-05-17,SKU110,Smart Watch,Electronics,Vendor D,North,Online,86.0,100.0,88,6,77.96,163.29,14042.94,False,0.0,32.8,
2025-08-01,SKU108,Sports Socks,Apparel,Vendor B,East,Online,37.0,66.0,64,3,56.21,111.36,4120.32,False,0.0,17.4,3.6
2025-11-28,SKU112,Hoodie,Apparel,Vendor B,South,Retail Store,58.0,140.0,73,11,65.48,148.54,8615.32,False,0.0,32.9,4.8
2025-08-26,SKU107,Baseball Cap,Accessories,Vendor A,South,Wholesale,36.0,177.0,74,13,46.67,72.31,2603.16,False,0.0,14.1,4.3
2025-04-13,SKU106,Denim Jeans,Apparel,Vendor C,South,Online,77.0,311.0,87,9,71.61,120.54,9281.58,False,0.0,34.3,3.4
2025-06-04,SKU106,Denim Jeans,Apparel,Vendor C,South,Online,71.0,234.0,87,9,71.61,120.54,8558.34,False,0.0,34.5,4.2
2025-12-22,SKU112,Hoodie,Apparel,Vendor B,South,Retail Store,84.0,162.0,73,11,65.48,148.54,12477.36,False,0.0,20.5,4.8
2025-03-12,SKU104,Protein Powder,Health,Vendor B,East,Online,21.0,82.0,70,9,49.68,111.64,2344.44,False,0.0,36.3,4.6
2025-05-25,SKU108,Sports Socks,Apparel,Vendor B,East,Retail Store,63.0,199.0,64,3,56.21,111.36,7015.68,False,0.0,20.7,3.2
2025-08-21,SKU110,Smart Watch,Electronics,Vendor D,North,Online,59.0,127.0,88,6,77.96,163.29,9634.11,False,0.0,29.0,4.6
2025-02-24,SKU108,Sports Socks,Apparel,Vendor B,East,Online,31.0,72.0,64,3,56.21,111.36,3452.16,False,0.0,31.0,3.0
2025-06-12,SKU109,Gym Bag,Fitness,Vendor C,West,Online,11.0,182.0,45,12,73.66,161.49,1776.39,False,0.0,23.4,3.6
2025-06-24,SKU105,Sunglasses,Accessories,Vendor A,North,Retail Store,23.0,60.0,59,3,85.64,143.16,3292.68,False,0.0,30.9,5.0
2025-12-29,SKU103,Yoga Mat,Fitness,Vendor C,East,Online,66.0,118.0,42,8,28.05,51.04,3368.64,False,0.0,40.3,3.8
2025-08-07,SKU105,Sunglasses,Accessories,Vendor A,North,Online,18.0,143.0,59,3,85.64,143.16,2576.88,False,0.0,20.3,4.5
2025-05-03,SKU104,Protein Powder,Health,Vendor B,East,Retail Store,29.0,320.0,70,9,49.68,111.64,3237.56,False,0.0,27.0,5.0
2025-04-03,SKU109,Gym Bag,Fitness,Vendor C,West,Online,14.0,198.0,45,12,73.66,161.49,2260.86,True,36.0,25.4,4.5
2025-04-08,SKU106,Denim Jeans,Apparel,Vendor C,South,Online,43.0,241.0,87,9,71.61,120.54,5183.22,False,0.0,26.5,4.5
2025-05-05,SKU103,Yoga Mat,Fitness,Vendor C,East,Online,55.0,206.0,42,8,28.05,51.04,2807.2,False,0.0,29.5,3.9
2025-08-25,SKU101,Cotton T-Shirt,Apparel,Vendor A,North,Retail Store,,159.0,74,6,33.5,57.73,1385.52,False,0.0,38.3,4.3
2025-01-04,SKU102,Running Shoes,Footwear,Vendor B,West,Online,43.0,110.0,51,14,48.81,90.37,3885.91,False,0.0,23.2,4.7
2025-08-20,SKU111,Water Bottle,Fitness,Vendor A,North,Retail Store,19.0,83.0,79,12,24.6,52.01,988.19,False,0.0,12.5,4.3
2025-09-26,SKU102,Running Shoes,Footwear,Vendor B,West,Retail Store,49.0,104.0,51,14,48.81,90.37,4428.13,False,0.0,31.0,4.1
2025-03-19,SKU111,Water Bottle,Fitness,Vendor A,North,Online,28.0,230.0,79,12,24.6,52.01,1456.28,False,0.0,25.7,4.2
2025-04-15,SKU101,Cotton T-Shirt,Apparel,Vendor A,North,Retail Store,15.0,164.0,74,6,33.5,57.73,865.95,False,0.0,14.0,4.8
2025-08-29,SKU103,Yoga Mat,Fitness,Vendor C,East,Wholesale,43.0,99.0,42,8,28.05,51.04,2194.72,False,0.0,13.4,4.0
2025-01-27,SKU103,Yoga Mat,Fitness,Vendor C,East,Wholesale,30.0,184.0,42,8,28.05,51.04,1531.2,False,0.0,18.4,4.4
2025-01-17,SKU105,Sunglasses,Accessories,Vendor A,North,Online,16.0,143.0,59,3,85.64,143.16,2290.56,False,0.0,17.5,3.1
2025-10-25,SKU111,Water Bottle,Fitness,Vendor A,North,Wholesale,43.0,148.0,79,12,24.6,52.01,2236.43,False,0.0,29.4,4.5
2025-06-16,SKU107,Baseball Cap,Accessories,Vendor A,South,Online,32.0,202.0,74,13,46.67,72.31,2313.92,False,0.0,28.3,3.7
2025-06-26,SKU103,Yoga Mat,Fitness,Vendor C,East,Retail Store,57.0,264.0,42,8,28.05,51.04,2909.28,False,0.0,21.7,3.9
2025-10-28,SKU105,Sunglasses,Accessories,Vendor A,North,Online,30.0,222.0,59,3,85.64,143.16,4294.8,True,16.0,16.1,4.4
2025-06-27,SKU103,Yoga Mat,Fitness,Vendor C,East,Online,56.0,208.0,42,8,28.05,51.04,2858.24,False,0.0,29.4,4.7
2025-02-27,SKU101,Cotton T-Shirt,Apparel,Vendor A,North,Retail Store,8.0,168.0,74,6,33.5,57.73,461.84,False,0.0,38.4,3.8
2025-11-22,SKU111,Water Bottle,Fitness,Vendor A,North,Retail Store,48.0,197.0,79,12,24.6,52.01,2496.48,False,0.0,34.9,4.7
2025-05-04,SKU102,Running Shoes,Footwear,Vendor B,West,Retail Store,80.0,156.0,51,14,48.81,90.37,7229.6,False,0.0,25.8,3.9
2025-04-24,SKU107,Baseball Cap,Accessories,Vendor A,South,Retail Store,57.0,129.0,74,13,46.67,72.31,4121.67,True,16.0,24.1,5.0
2025-02-22,SKU104,Protein Powder,Health,Vendor B,East,Retail Store,17.0,139.0,70,9,49.68,111.64,1897.88,False,0.0,35.8,4.3
2025-06-02,SKU103,Yoga Mat,Fitness,Vendor C,East,Retail Store,48.0,167.0,42,8,28.05,51.04,2449.92,False,0.0,31.4,4.7
2025-12-20,SKU108,Sports Socks,Apparel,Vendor B,East,Wholesale,124.0,155.0,64,3,56.21,111.36,13808.64,False,0.0,22.1,3.4
2025-09-09,SKU109,Gym Bag,Fitness,Vendor C,West,Retail Store,10.0,277.0,45,12,73.66,161.49,1614.9,False,0.0,26.3,4.1
2025-12-03,SKU102,Running Shoes,Footwear,Vendor B,West,Online,88.0,,51,14,48.81,90.37,7952.56,False,0.0,29.7,4.8
2025-12-15,SKU106,Denim Jeans,Apparel,Vendor C,South,Online,98.0,286.0,87,9,71.61,120.54,11812.92,False,0.0,24.9,4.1
2025-02-02,SKU105,Sunglasses,Accessories,Vendor A,North,Online,24.0,215.0,59,3,85.64,143.16,3435.84,False,0.0,19.5,4.7
2025-07-29,SKU102,Running Shoes,Footwear,Vendor B,West,Retail Store,71.0,148.0,51,14,48.81,90.37,6416.27,False,0.0,34.5,4.8
2025-03-28,SKU106,Denim Jeans,Apparel,Vendor C,South,Retail Store,72.0,177.0,87,9,71.61,120.54,8678.88,False,0.0,16.4,5.0
2025-04-16,SKU109,Gym Bag,Fitness,Vendor C,West,Retail Store,11.0,223.0,45,12,73.66,161.49,1776.39,False,0.0,39.6,3.9
2025-07-01,SKU110,Smart Watch,Electronics,Vendor D,North,Online,56.0,93.0,88,6,77.96,163.29,9144.24,False,0.0,44.0,3.5
2025-05-29,SKU105,Sunglasses,Accessories,Vendor A,North,Retail Store,21.0,189.0,59,3,85.64,143.16,3006.36,False,0.0,20.3,4.4
2025-07-14,SKU101,Cotton T-Shirt,Apparel,Vendor A,North,Retail Store,22.0,139.0,74,6,33.5,57.73,1270.06,False,0.0,19.0,4.2
2025-04-14,SKU108,Sports Socks,Apparel,Vendor B,East,Retail Store,69.0,68.0,64,3,56.21,111.36,7683.84,False,0.0,19.1,3.7
2025-06-13,SKU103,Yoga Mat,Fitness,Vendor C,East,Retail Store,84.0,164.0,42,8,28.05,51.04,4287.36,True,20.0,33.2,4.8
2025-08-09,SKU109,Gym Bag,Fitness,Vendor C,West,Online,13.0,66.0,45,12,73.66,161.49,2099.37,False,0.0,28.9,3.8
2025-01-22,SKU107,Baseball Cap,Accessories,Vendor A,South,Retail Store,36.0,154.0,74,13,46.67,72.31,2603.16,False,0.0,20.9,4.2
2025-10-16,SKU108,Sports Socks,Apparel,Vendor B,East,Retail Store,38.0,238.0,64,3,56.21,111.36,4231.68,False,0.0,22.3,4.0
2025-08-14,SKU101,Cotton T-Shirt,Apparel,Vendor A,North,Online,13.0,89.0,74,6,33.5,57.73,750.49,False,0.0,25.3,4.2
2025-04-23,SKU110,Smart Watch,Electronics,Vendor D,North,Online,99.0,118.0,88,6,77.96,163.29,16165.71,True,15.0,16.4,3.9
2025-03-14,SKU103,Yoga Mat,Fitness,Vendor C,East,Online,54.0,194.0,42,8,28.05,51.04,2756.16,False,0.0,21.0,4.6
2025-07-11,SKU105,Sunglasses,Accessories,Vendor A,North,Online,13.0,202.0,59,3,85.64,143.16,1861.08,False,0.0,17.9,4.9
2025-12-17,SKU105,Sunglasses,Accessories,Vendor A,North,Online,33.0,246.0,59,3,85.64,143.16,4724.28,False,0.0,9.5,4.2
2025-03-03,SKU101,Cotton T-Shirt,Apparel,Vendor A,North,Online,18.0,81.0,74,6,33.5,57.73,1039.14,False,0.0,15.8,3.6
2025-03-28,SKU107,Baseball Cap,Accessories,Vendor A,South,Online,61.0,183.0,74,13,46.67,72.31,4410.91,False,0.0,24.9,5.0
2025-12-19,SKU104,Protein Powder,Health,Vendor B,East,Online,29.0,147.0,70,9,49.68,111.64,3237.56,False,0.0,18.3,4.5
2025-08-29,SKU107,Baseball Cap,Accessories,Vendor A,South,Retail Store,61.0,166.0,74,13,46.67,72.31,4410.91,False,0.0,32.0,4.3
2025-07-14,SKU112,Hoodie,Apparel,Vendor B,South,Retail Store,57.0,91.0,73,11,65.48,148.54,8466.78,False,0.0,37.0,4.6
2025-04-09,SKU104,Protein Powder,Health,Vendor B,East,Online,24.0,198.0,70,9,49.68,111.64,2679.36,False,0.0,21.8,4.9
2025-03-04,SKU106,Denim Jeans,Apparel,Vendor C,South,Online,64.0,123.0,87,9,71.61,120.54,7714.56,True,28.0,9.2,4.1
2025-01-17,SKU111,Water Bottle,Fitness,Vendor A,North,Retail Store,25.0,297.0,79,12,24.6,52.01,1300.25,False,0.0,23.2,3.4
2025-06-03,SKU112,Hoodie,Apparel,Vendor B,South,Online,31.0,118.0,73,11,65.48,148.54,4604.74,False,0.0,34.8,3.7
2025-08-29,SKU104,Protein Powder,Health,Vendor B,East,Online,20.0,184.0,70,9,49.68,111.64,2232.8,False,0.0,22.2,4.0
2025-05-08,SKU102,Running Shoes,Footwear,Vendor B,West,Retail Store,50.0,68.0,51,14,48.81,90.37,4518.5,False,0.0,23.2,4.6
2025-02-20,SKU111,Water Bottle,Fitness,Vendor A,North,Online,32.0,126.0,79,12,24.6,52.01,1664.32,True,24.0,31.7,3.7
2025-08-30,SKU106,Denim Jeans,Apparel,Vendor C,South,Online,84.0,218.0,87,9,71.61,120.54,10125.36,False,0.0,20.6,4.2
2025-12-21,SKU104,Protein Powder,Health,Vendor B,East,Retail Store,42.0,214.0,70,9,49.68,111.64,4688.88,False,0.0,15.8,4.8
2025-02-01,SKU104,Protein Powder,Health,Vendor B,East,Online,19.0,181.0,70,9,49.68,111.64,2121.16,False,0.0,23.0,3.9
2025-12-14,SKU102,Running Shoes,Footwear,Vendor B,West,Online,127.0,74.0,51,14,48.81,90.37,11476.99,False,0.0,23.3,4.8
2025-01-07,SKU109,Gym Bag,Fitness,Vendor C,West,Retail Store,4.0,136.0,45,12,73.66,161.49,645.96,False,0.0,25.9,4.7
2025-05-07,SKU106,Denim Jeans,Apparel,Vendor C,South,Wholesale,76.0,236.0,87,9,71.61,120.54,9161.04,False,0.0,19.9,4.3
2025-04-30,SKU111,Water Bottle,Fitness,Vendor A,North,Retail Store,19.0,108.0,79,12,24.6,52.01,988.19,False,0.0,42.6,3.6
2025-08-31,SKU105,Sunglasses,Accessories,Vendor A,North,Online,36.0,239.0,59,3,85.64,143.16,5153.76,False,0.0,28.4,4.0
2025-06-08,SKU111,Water Bottle,Fitness,Vendor A,North,Retail Store,,202.0,79,12,24.6,52.01,2028.39,False,0.0,17.7,4.2
2025-05-28,SKU105,Sunglasses,Accessories,Vendor A,North,Wholesale,20.0,210.0,59,3,85.64,143.16,2863.2,False,0.0,10.9,4.5
2025-09-11,SKU104,Protein Powder,Health,Vendor B,East,Retail Store,15.0,85.0,70,9,49.68,111.64,1674.6,False,0.0,37.5,3.5
2025-01-14,SKU108,Sports Socks,Apparel,Vendor B,East,Retail Store,33.0,190.0,64,3,56.21,111.36,3674.88,False,0.0,29.6,4.5
2025-09-30,SKU104,Protein Powder,Health,Vendor B,East,Online,15.0,150.0,70,9,49.68,111.64,1674.6,False,0.0,27.9,4.2
2025-12-11,SKU102,Running Shoes,Footwear,Vendor B,West,Retail Store,,79.0,51,14,48.81,90.37,8223.67,False,0.0,20.8,4.7
2025-04-19,SKU109,Gym Bag,Fitness,Vendor C,West,Wholesale,15.0,183.0,45,12,73.66,161.49,2422.35,False,0.0,22.3,5.0
2025-01-27,SKU112,Hoodie,Apparel,Vendor B,South,Retail Store,30.0,131.0,73,11,65.48,148.54,4456.2,False,0.0,15.3,4.4
2025-11-08,SKU103,Yoga Mat,Fitness,Vendor C,East,Online,102.0,174.0,42,8,28.05,51.04,5206.08,False,0.0,31.8,4.6
2025-08-16,SKU104,Protein Powder,Health,Vendor B,East,Online,30.0,176.0,70,9,49.68,111.64,3349.2,False,0.0,26.7,4.2
2025-01-21,SKU108,Sports Socks,Apparel,Vendor B,East,Retail Store,33.0,162.0,64,3,56.21,111.36,3674.88,False,0.0,35.4,4.2
2025-04-26,SKU102,Running Shoes,Footwear,Vendor B,West,Online,132.0,82.0,51,14,48.81,90.37,11928.84,True,33.0,25.2,4.6
2025-10-20,SKU109,Gym Bag,Fitness,Vendor C,West,Online,10.0,219.0,45,12,73.66,161.49,1614.9,False,0.0,29.3,5.0
2025-10-17,SKU106,Denim Jeans,Apparel,Vendor C,South,Online,75.0,149.0,87,9,71.61,120.54,9040.5,False,0.0,21.3,4.2
2025-09-07,SKU106,Denim Jeans,Apparel,Vendor C,South,Retail Store,132.0,140.0,87,9,71.61,120.54,15911.28,True,29.0,28.8,3.8
2025-11-20,SKU110,Smart Watch,Electronics,Vendor D,North,Online,99.0,182.0,88,6,77.96,163.29,16165.71,False,0.0,25.9,4.1
2025-04-17,SKU111,Water Bottle,Fitness,Vendor A,North,Online,24.0,179.0,79,12,24.6,52.01,1248.24,False,0.0,16.4,4.6
2025-01-30,SKU105,Sunglasses,Accessories,Vendor A,North,Retail Store,,116.0,59,3,85.64,143.16,2433.72,False,0.0,26.7,4.8
2025-11-13,SKU108,Sports Socks,Apparel,Vendor B,East,Online,90.0,145.0,64,3,56.21,111.36,10022.4,False,0.0,26.8,4.9
2025-04-02,SKU102,Running Shoes,Footwear,Vendor B,West,Online,67.0,160.0,51,14,48.81,90.37,6054.79,False,0.0,26.4,3.7
2025-12-29,SKU108,Sports Socks,Apparel,Vendor B,East,Online,92.0,299.0,64,3,56.21,111.36,10245.12,False,0.0,17.7,4.5
2025-10-16,SKU103,Yoga Mat,Fitness,Vendor C,East,Online,42.0,74.0,42,8,28.05,51.04,2143.68,False,0.0,27.2,4.0
2025-05-12,SKU103,Yoga Mat,Fitness,Vendor C,East,Retail Store,40.0,112.0,42,8,28.05,51.04,2041.6,False,0.0,11.7,3.5
2025-08-31,SKU106,Denim Jeans,Apparel,Vendor C,South,Online,100.0,118.0,87,9,71.61,120.54,12054.0,False,0.0,17.1,4.6
2025-03-06,SKU107,Baseball Cap,Accessories,Vendor A,South,Retail Store,91.0,311.0,74,13,46.67,72.31,6580.21,True,20.0,21.7,5.0
2025-01-30,SKU103,Yoga Mat,Fitness,Vendor C,East,Online,33.0,74.0,42,8,28.05,51.04,1684.32,False,0.0,30.6,4.2
2025-05-22,SKU104,Protein Powder,Health,Vendor B,East,Online,27.0,119.0,70,9,49.68,111.64,3014.28,False,0.0,24.7,4.6
2025-09-12,SKU109,Gym Bag,Fitness,Vendor C,West,Retail Store,17.0,239.0,45,12,73.66,161.49,2745.33,True,14.0,28.7,3.6
2025-10-22,SKU106,Denim Jeans,Apparel,Vendor C,South,Online,75.0,205.0,87,9,71.61,120.54,9040.5,False,0.0,28.1,5.0
2025-05-01,SKU107,Baseball Cap,Accessories,Vendor A,South,Retail Store,44.0,302.0,74,13,46.67,72.31,3181.64,False,0.0,21.0,4.3
2025-03-10,SKU103,Yoga Mat,Fitness,Vendor C,East,Online,57.0,159.0,42,8,28.05,51.04,2909.28,False,0.0,30.2,4.3
2025-01-05,SKU110,Smart Watch,Electronics,Vendor D,North,Online,53.0,205.0,88,6,77.96,163.29,8654.37,False,0.0,18.0,3.5
2025-11-17,SKU102,Running Shoes,Footwear,Vendor B,West,Online,81.0,263.0,51,14,48.81,90.37,7319.97,False,0.0,32.4,4.2
2025-08-15,SKU107,Baseball Cap,Accessories,Vendor A,South,Online,40.0,113.0,74,13,46.67,72.31,2892.4,False,0.0,39.1,3.5
2025-09-02,SKU104,Protein Powder,Health,Vendor B,East,Online,16.0,302.0,70,9,49.68,111.64,1786.24,False,0.0,35.2,5.0
2025-01-29,SKU105,Sunglasses,Accessories,Vendor A,North,Online,17.0,133.0,59,3,85.64,143.16,2433.72,True,38.0,12.7,4.7
2025-11-29,SKU107,Baseball Cap,Accessories,Vendor A,South,Online,89.0,228.0,74,13,46.67,72.31,6435.59,False,0.0,30.0,3.5
2025-09-08,SKU108,Sports Socks,Apparel,Vendor B,East,Online,57.0,191.0,64,3,56.21,111.36,6347.52,False,0.0,27.2,4.9
2025-09-13,SKU106,Denim Jeans,Apparel,Vendor C,South,Retail Store,88.0,163.0,87,9,71.61,120.54,10607.52,False,0.0,29.5,4.7
2025-03-12,SKU110,Smart Watch,Electronics,Vendor D,North,Online,72.0,265.0,88,6,77.96,163.29,11756.88,False,0.0,47.7,5.0
2025-06-17,SKU107,Baseball Cap,Accessories,Vendor A,South,Online,,147.0,74,13,46.67,72.31,3977.05,False,0.0,25.5,4.8
2025-03-31,SKU106,Denim Jeans,Apparel,Vendor C,South,Online,72.0,247.0,87,9,71.61,120.54,8678.88,False,0.0,23.7,4.7
2025-06-25,SKU110,Smart Watch,Electronics,Vendor D,North,Retail Store,92.0,221.0,88,6,77.96,163.29,15022.68,True,27.0,37.3,3.8
2025-02-25,SKU108,Sports Socks,Apparel,Vendor B,East,Online,40.0,298.0,64,3,56.21,111.36,4454.4,False,0.0,8.6,4.9
2025-05-26,SKU101,Cotton T-Shirt,Apparel,Vendor A,North,Online,27.0,117.0,74,6,33.5,57.73,1558.71,False,0.0,30.1,4.3
2025-03-12,SKU111,Water Bottle,Fitness,Vendor A,North,Online,18.0,158.0,79,12,24.6,52.01,936.18,False,0.0,30.6,3.5
2025-07-20,SKU108,Sports Socks,Apparel,Vendor B,East,Retail Store,64.0,153.0,64,3,56.21,111.36,7127.04,False,0.0,32.3,4.3
2025-10-29,SKU108,Sports Socks,Apparel,Vendor B,East,Online,58.0,277.0,64,3,56.21,111.36,6458.88,False,0.0,19.0,3.4
2025-01-24,SKU110,Smart Watch,Electronics,Vendor D,North,Online,37.0,91.0,88,6,77.96,163.29,6041.73,False,0.0,21.9,4.3
2025-06-13,SKU108,Sports Socks,Apparel,Vendor B,East,Online,45.0,170.0,64,3,56.21,111.36,5011.2,False,0.0,25.7,4.0
2025-11-18,SKU104,Protein Powder,Health,Vendor B,East,Online,32.0,178.0,70,9,49.68,111.64,3572.48,False,0.0,30.4,4.6
2025-03-27,SKU107,Baseball Cap,Accessories,Vendor A,South,Online,51.0,244.0,74,13,46.67,72.31,3687.81,False,0.0,12.7,3.9
2025-05-01,SKU101,Cotton T-Shirt,Apparel,Vendor A,North,Online,17.0,74.0,74,6,33.5,57.73,981.41,False,0.0,38.2,4.6
2025-09-11,SKU105,Sunglasses,Accessories,Vendor A,North,Retail Store,17.0,248.0,59,3,85.64,143.16,2433.72,False,0.0,43.3,3.8
2025-07-09,SKU111,Water Bottle,Fitness,Vendor A,North,Retail Store,32.0,215.0,79,12,24.6,52.01,1664.32,False,0.0,27.6,4.4
2025-03-30,SKU112,Hoodie,Apparel,Vendor B,South,Retail Store,89.0,108.0,73,11,65.48,148.54,13220.06,True,12.0,24.6,4.2
2025-03-20,SKU112,Hoodie,Apparel,Vendor B,South,Retail Store,41.0,114.0,73,11,65.48,148.54,6090.14,False,0.0,31.9,3.9
2025-06-23,SKU102,Running Shoes,Footwear,Vendor B,West,Online,67.0,302.0,51,14,48.81,90.37,6054.79,False,0.0,17.6,4.4
2025-06-01,SKU102,Running Shoes,Footwear,Vendor B,West,Retail Store,89.0,121.0,51,14,48.81,90.37,8042.93,False,0.0,21.7,4.4
2025-10-31,SKU103,Yoga Mat,Fitness,Vendor C,East,Retail Store,51.0,237.0,42,8,28.05,51.04,2603.04,False,0.0,24.3,4.3
2025-05-21,SKU109,Gym Bag,Fitness,Vendor C,West,Online,22.0,246.0,45,12,73.66,161.49,3552.78,True,30.0,15.7,3.8
2025-08-01,SKU103,Yoga Mat,Fitness,Vendor C,East,Online,34.0,268.0,42,8,28.05,51.04,1735.36,False,0.0,34.3,4.3
2025-04-18,SKU110,Smart Watch,Electronics,Vendor D,North,Wholesale,80.0,221.0,88,6,77.96,163.29,13063.2,False,0.0,20.2,4.2
2025-11-14,SKU107,Baseball Cap,Accessories,Vendor A,South,Online,89.0,313.0,74,13,46.67,72.31,6435.59,False,0.0,26.5,4.6
2025-03-02,SKU107,Baseball Cap,Accessories,Vendor A,South,Online,70.0,87.0,74,13,46.67,72.31,5061.7,False,0.0,20.8,3.7
2025-06-18,SKU108,Sports Socks,Apparel,Vendor B,East,Online,61.0,71.0,64,3,56.21,111.36,6792.96,False,0.0,27.5,4.4
2025-08-06,SKU104,Protein Powder,Health,Vendor B,East,Retail Store,29.0,228.0,70,9,49.68,111.64,3237.56,False,0.0,21.1,4.3
2025-10-05,SKU111,Water Bottle,Fitness,Vendor A,North,Retail Store,40.0,309.0,79,12,24.6,52.01,2080.4,True,36.0,15.9,4.3
2025-04-06,SKU101,Cotton T-Shirt,Apparel,Vendor A,North,Online,24.0,199.0,74,6,33.5,57.73,1385.52,False,0.0,21.4,3.9
2025-08-09,SKU105,Sunglasses,Accessories,Vendor A,North,Retail Store,26.0,94.0,59,3,85.64,143.16,3722.16,False,0.0,30.2,3.5
2025-11-07,SKU104,Protein Powder,Health,Vendor B,East,Retail Store,27.0,133.0,70,9,49.68,111.64,3014.28,False,0.0,19.4,4.5
2025-05-18,SKU103,Yoga Mat,Fitness,Vendor C,East,Online,88.0,124.0,42,8,28.05,51.04,4491.52,False,0.0,19.2,4.4
2025-09-21,SKU112,Hoodie,Apparel,Vendor B,South,Retail Store,77.0,254.0,73,11,65.48,148.54,11437.58,False,0.0,30.4,3.8
2025-01-21,SKU111,Water Bottle,Fitness,Vendor A,North,Online,30.0,196.0,79,12,24.6,52.01,1560.3,True,14.0,39.1,4.9
2025-06-18,SKU107,Baseball Cap,Accessories,Vendor A,South,Online,51.0,96.0,74,13,46.67,72.31,3687.81,False,0.0,21.4,3.7
2025-07-01,SKU109,Gym Bag,Fitness,Vendor C,West,Retail Store,10.0,177.0,45,12,73.66,161.49,1614.9,False,0.0,49.1,4.2
2025-12-14,SKU111,Water Bottle,Fitness,Vendor A,North,Retail Store,50.0,,79,12,24.6,52.01,2600.5,False,0.0,16.0,4.5
2025-10-02,SKU112,Hoodie,Apparel,Vendor B,South,Online,36.0,164.0,73,11,65.48,148.54,5347.44,False,0.0,24.9,4.1
2025-10-07,SKU103,Yoga Mat,Fitness,Vendor C,East,Online,,176.0,42,8,28.05,51.04,2245.76,False,0.0,33.7,3.8
2025-04-26,SKU109,Gym Bag,Fitness,Vendor C,West,Retail Store,17.0,82.0,45,12,73.66,161.49,2745.33,False,0.0,19.9,5.0
2025-11-30,SKU103,Yoga Mat,Fitness,Vendor C,East,Retail Store,101.0,116.0,42,8,28.05,51.04,5155.04,False,0.0,25.6,4.9
2025-01-01,SKU103,Yoga Mat,Fitness,Vendor C,East,Retail Store,20.0,203.0,42,8,28.05,51.04,1020.8,False,0.0,28.8,4.5
2025-03-13,SKU112,Hoodie,Apparel,Vendor B,South,Online,56.0,74.0,73,11,65.48,148.54,8318.24,False,0.0,10.8,4.2
2025-10-17,SKU101,Cotton T-Shirt,Apparel,Vendor A,North,Retail Store,20.0,197.0,74,6,33.5,57.73,1154.6,False,0.0,43.2,4.3
2025-02-21,SKU104,Protein Powder,Health,Vendor B,East,Online,15.0,156.0,70,9,49.68,111.64,1674.6,False,0.0,26.7,5.0
2025-06-13,SKU102,Running Shoes,Footwear,Vendor B,West,Retail Store,59.0,62.0,51,14,48.81,90.37,5331.83,False,0.0,47.5,3.8
2025-04-12,SKU107,Baseball Cap,Accessories,Vendor A,South,Online,95.0,83.0,74,13,46.67,72.31,6869.45,False,0.0,24.4,4.8
2025-08-17,SKU102,Running Shoes,Footwear,Vendor B,West,Online,70.0,103.0,51,14,48.81,90.37,6325.9,False,0.0,19.0,4.6
2025-07-23,SKU110,Smart Watch,Electronics,Vendor D,North,Online,73.0,89.0,88,6,77.96,163.29,11920.17,False,0.0,19.8,3.6
2025-02-15,SKU102,Running Shoes,Footwear,Vendor B,West,Online,68.0,140.0,51,14,48.81,90.37,6145.16,False,0.0,29.8,4.3
2025-01-09,SKU105,Sunglasses,Accessories,Vendor A,North,Online,19.0,265.0,59,3,85.64,143.16,2720.04,False,0.0,25.0,4.8
2025-05-19,SKU112,Hoodie,Apparel,Vendor B,South,Wholesale,44.0,244.0,73,11,65.48,148.54,6535.76,False,0.0,4.2,3.9
2025-10-12,SKU110,Smart Watch,Electronics,Vendor D,North,Retail Store,105.0,245.0,88,6,77.96,163.29,17145.45,False,0.0,17.7,4.1
2025-05-29,SKU111,Water Bottle,Fitness,Vendor A,North,Online,31.0,98.0,79,12,24.6,52.01,1612.31,False,0.0,16.7,4.7
2025-09-10,SKU109,Gym Bag,Fitness,Vendor C,West,Online,11.0,266.0,45,12,73.66,161.49,1776.39,True,30.0,27.9,4.7
2025-08-30,SKU103,Yoga Mat,Fitness,Vendor C,East,Retail Store,64.0,173.0,42,8,28.05,51.04,3266.56,False,0.0,13.7,4.3
2025-08-09,SKU107,Baseball Cap,Accessories,Vendor A,South,Retail Store,123.0,75.0,74,13,46.67,72.31,8894.13,True,16.0,24.1,3.9
2025-09-18,SKU102,Running Shoes,Footwear,Vendor B,West,Retail Store,53.0,191.0,51,14,48.81,90.37,4789.61,False,0.0,25.0,4.0
2025-03-23,SKU102,Running Shoes,Footwear,Vendor B,West,Wholesale,87.0,91.0,51,14,48.81,90.37,7862.19,False,0.0,11.9,4.3
2025-11-04,SKU101,Cotton T-Shirt,Apparel,Vendor A,North,Online,32.0,157.0,74,6,33.5,57.73,1847.36,False,0.0,24.9,4.7
2025-12-18,SKU101,Cotton T-Shirt,Apparel,Vendor A,North,Retail Store,36.0,223.0,74,6,33.5,57.73,2078.28,False,0.0,26.4,4.9
2025-12-06,SKU102,Running Shoes,Footwear,Vendor B,West,Retail Store,120.0,153.0,51,14,48.81,90.37,10844.4,False,0.0,13.2,3.8
2025-03-29,SKU106,Denim Jeans,Apparel,Vendor C,South,Online,129.0,184.0,87,9,71.61,120.54,15549.66,True,16.0,29.9,3.5
2025-02-22,SKU108,Sports Socks,Apparel,Vendor B,East,Retail Store,43.0,146.0,64,3,56.21,111.36,4788.48,False,0.0,31.0,4.1
2025-11-13,SKU104,Protein Powder,Health,Vendor B,East,Online,29.0,178.0,70,9,49.68,111.64,3237.56,False,0.0,9.3,3.8
2025-01-06,SKU105,Sunglasses,Accessories,Vendor A,North,Online,20.0,317.0,59,3,85.64,143.16,2863.2,False,0.0,30.2,3.8
2025-10-14,SKU111,Water Bottle,Fitness,Vendor A,North,Online,30.0,217.0,79,12,24.6,52.01,1560.3,False,0.0,21.4,5.0
2025-08-09,SKU102,Running Shoes,Footwear,Vendor B,West,Wholesale,85.0,194.0,51,14,48.81,90.37,7681.45,False,0.0,9.1,4.6
2025-06-06,SKU108,Sports Socks,Apparel,Vendor B,East,Online,63.0,238.0,64,3,56.21,111.36,7015.68,False,0.0,27.0,3.6
2025-01-23,SKU103,Yoga Mat,Fitness,Vendor C,East,Retail Store,33.0,79.0,42,8,28.05,51.04,1684.32,False,0.0,21.4,3.6
2025-09-01,SKU104,Protein Powder,Health,Vendor B,East,Online,22.0,83.0,70,9,49.68,111.64,2456.08,False,0.0,18.1,4.3
2025-12-13,SKU102,Running Shoes,Footwear,Vendor B,West,Online,124.0,201.0,51,14,48.81,90.37,11205.88,False,0.0,29.3,3.4
2025-04-12,SKU103,Yoga Mat,Fitness,Vendor C,East,Online,57.0,171.0,42,8,28.05,51.04,2909.28,False,0.0,28.4,4.2
2025-05-06,SKU108,Sports Socks,Apparel,Vendor B,East,Retail Store,42.0,260.0,64,3,56.21,111.36,4677.12,False,0.0,19.9,3.7
2025-05-29,SKU101,Cotton T-Shirt,Apparel,Vendor A,North,Retail Store,16.0,310.0,74,6,33.5,57.73,923.68,False,0.0,15.1,4.1
2025-04-04,SKU112,Hoodie,Apparel,Vendor B,South,Wholesale,48.0,251.0,73,11,65.48,148.54,7129.92,False,0.0,29.7,5.0
2025-11-21,SKU111,Water Bottle,Fitness,Vendor A,North,Online,34.0,245.0,79,12,24.6,52.01,1768.34,False,0.0,34.5,4.4
2025-07-14,SKU105,Sunglasses,Accessories,Vendor A,North,Online,46.0,103.0,59,3,85.64,143.16,6585.36,True,25.0,30.4,3.7
2025-06-18,SKU105,Sunglasses,Accessories,Vendor A,North,Online,34.0,209.0,59,3,85.64,143.16,4867.44,False,0.0,22.2,5.0
2025-09-30,SKU109,Gym Bag,Fitness,Vendor C,West,Online,17.0,209.0,45,12,73.66,161.49,2745.33,True,26.0,13.4,3.9
2025-09-03,SKU110,Smart Watch,Electronics,Vendor D,North,Online,74.0,127.0,88,6,77.96,163.29,12083.46,False,0.0,33.9,4.1
2025-12-27,SKU101,Cotton T-Shirt,Apparel,Vendor A,North,Online,35.0,204.0,74,6,33.5,57.73,2020.55,False,0.0,40.4,4.3
2025-08-28,SKU107,Baseball Cap,Accessories,Vendor A,South,Retail Store,40.0,87.0,74,13,46.67,72.31,2892.4,False,0.0,19.7,3.7
2025-11-18,SKU108,Sports Socks,Apparel,Vendor B,East,Online,78.0,293.0,64,3,56.21,111.36,8686.08,False,0.0,27.5,4.9
2025-11-05,SKU107,Baseball Cap,Accessories,Vendor A,South,Online,94.0,142.0,74,13,46.67,72.31,6797.14,False,0.0,14.5,4.1
2025-10-25,SKU107,Baseball Cap,Accessories,Vendor A,South,Retail Store,132.0,134.0,74,13,46.67,72.31,9544.92,True,37.0,14.1,4.3
2025-05-24,SKU101,Cotton T-Shirt,Apparel,Vendor A,North,Wholesale,49.0,193.0,74,6,33.5,57.73,2828.77,True,25.0,27.7,3.5
2025-07-01,SKU102,Running Shoes,Footwear,Vendor B,West,Online,62.0,164.0,51,14,48.81,90.37,5602.94,False,0.0,23.2,4.4
2025-08-02,SKU109,Gym Bag,Fitness,Vendor C,West,Retail Store,16.0,167.0,45,12,73.66,161.49,2583.84,False,0.0,30.9,3.3
2025-03-17,SKU104,Protein Powder,Health,Vendor B,East,Retail Store,18.0,238.0,70,9,49.68,111.64,2009.52,False,0.0,19.9,4.0
2025-01-28,SKU109,Gym Bag,Fitness,Vendor C,West,Online,4.0,203.0,45,12,73.66,161.49,645.96,False,0.0,43.6,4.0
2025-10-17,SKU111,Water Bottle,Fitness,Vendor A,North,Retail Store,27.0,128.0,79,12,24.6,52.01,1404.27,False,0.0,34.7,4.2
2025-02-19,SKU107,Baseball Cap,Accessories,Vendor A,South,Retail Store,41.0,229.0,74,13,46.67,72.31,2964.71,False,0.0,11.0,4.5
2025-02-05,SKU107,Baseball Cap,Accessories,Vendor A,South,Online,45.0,106.0,74,13,46.67,72.31,3253.95,False,0.0,16.0,3.7
2025-08-15,SKU102,Running Shoes,Footwear,Vendor B,West,Retail Store,62.0,261.0,51,14,48.81,90.37,5602.94,False,0.0,21.9,3.9
2025-05-16,SKU109,Gym Bag,Fitness,Vendor C,West,Retail Store,,64.0,45,12,73.66,161.49,1614.9,False,0.0,24.6,4.2
2025-06-04,SKU101,Cotton T-Shirt,Apparel,Vendor A,North,Retail Store,20.0,180.0,74,6,33.5,57.73,1154.6,False,0.0,22.1,3.4
2025-07-11,SKU108,Sports Socks,Apparel,Vendor B,East,Retail Store,60.0,178.0,64,3,56.21,111.36,6681.6,False,0.0,15.8,4.5
2025-07-31,SKU104,Protein Powder,Health,Vendor B,East,Wholesale,11.0,166.0,70,9,49.68,111.64,1228.04,False,0.0,26.7,5.0
2025-01-07,SKU102,Running Shoes,Footwear,Vendor B,West,Online,46.0,141.0,51,14,48.81,90.37,4157.02,False,0.0,28.6,3.5
2025-02-04,SKU111,Water Bottle,Fitness,Vendor A,North,Retail Store,19.0,206.0,79,12,24.6,52.01,988.19,False,0.0,22.4,3.3
2025-10-16,SKU111,Water Bottle,Fitness,Vendor A,North,Online,28.0,155.0,79,12,24.6,52.01,1456.28,False,0.0,16.8,3.9
2025-10-21,SKU103,Yoga Mat,Fitness,Vendor C,East,Online,62.0,78.0,42,8,28.05,51.04,3164.48,True,39.0,19.6,4.7
2025-12-01,SKU105,Sunglasses,Accessories,Vendor A,North,Retail Store,30.0,330.0,59,3,85.64,143.16,4294.8,False,0.0,18.3,3.8
2025-02-28,SKU106,Denim Jeans,Apparel,Vendor C,South,Online,60.0,280.0,87,9,71.61,120.54,7232.4,False,0.0,24.6,4.3
2025-12-18,SKU106,Denim Jeans,Apparel,Vendor C,South,Retail Store,113.0,180.0,87,9,71.61,120.54,13621.02,False,0.0,36.7,3.9
2025-01-10,SKU103,Yoga Mat,Fitness,Vendor C,East,Retail Store,24.0,153.0,42,8,28.05,51.04,1224.96,False,0.0,19.6,4.5
2025-03-05,SKU109,Gym Bag,Fitness,Vendor C,West,Online,11.0,218.0,45,12,73.66,161.49,1776.39,False,0.0,10.3,4.1
2025-05-16,SKU106,Denim Jeans,Apparel,Vendor C,South,Wholesale,,142.0,87,9,71.61,120.54,7473.48,False,0.0,22.1,
2025-07-29,SKU108,Sports Socks,Apparel,Vendor B,East,Online,60.0,200.0,64,3,56.21,111.36,6681.6,False,0.0,4.4,3.9
2025-11-19,SKU106,Denim Jeans,Apparel,Vendor C,South,Online,100.0,,87,9,71.61,120.54,12054.0,False,0.0,20.7,4.4
2025-08-01,SKU107,Baseball Cap,Accessories,Vendor A,South,Retail Store,64.0,94.0,74,13,46.67,72.31,4627.84,False,0.0,23.3,4.3
2025-09-18,SKU104,Protein Powder,Health,Vendor B,East,Online,19.0,107.0,70,9,49.68,111.64,2121.16,False,0.0,18.2,4.1
2025-09-02,SKU105,Sunglasses,Accessories,Vendor A,North,Online,25.0,188.0,59,3,85.64,143.16,3579.0,False,0.0,26.1,3.5
2025-02-16,SKU110,Smart Watch,Electronics,Vendor D,North,Retail Store,84.0,171.0,88,6,77.96,163.29,13716.36,False,0.0,11.7,3.8
2025-11-06,SKU106,Denim Jeans,Apparel,Vendor C,South,Retail Store,93.0,162.0,87,9,71.61,120.54,11210.22,False,0.0,33.3,3.6
2025-11-19,SKU104,Protein Powder,Health,Vendor B,East,Online,35.0,143.0,70,9,49.68,111.64,3907.4,False,0.0,36.4,4.2
2025-11-26,SKU107,Baseball Cap,Accessories,Vendor A,South,Online,90.0,94.0,74,13,46.67,72.31,6507.9,False,0.0,28.7,4.5
2025-08-26,SKU109,Gym Bag,Fitness,Vendor C,West,Online,17.0,60.0,45,12,73.66,161.49,2745.33,False,0.0,31.2,5.0
2025-11-09,SKU111,Water Bottle,Fitness,Vendor A,North,Retail Store,55.0,,79,12,24.6,52.01,2860.55,False,0.0,21.4,3.9
2025-10-14,SKU106,Denim Jeans,Apparel,Vendor C,South,Online,69.0,134.0,87,9,71.61,120.54,8317.26,False,0.0,41.5,3.4
2025-11-03,SKU110,Smart Watch,Electronics,Vendor D,North,Online,74.0,272.0,88,6,77.96,163.29,12083.46,False,0.0,27.3,4.8
2025-06-05,SKU108,Sports Socks,Apparel,Vendor B,East,Retail Store,37.0,112.0,64,3,56.21,111.36,4120.32,False,0.0,28.8,2.6
2025-08-10,SKU108,Sports Socks,Apparel,Vendor B,East,Online,60.0,285.0,64,3,56.21,111.36,6681.6,False,0.0,25.9,4.3
2025-05-07,SKU109,Gym Bag,Fitness,Vendor C,West,Retail Store,9.0,161.0,45,12,73.66,161.49,1453.41,False,0.0,24.8,4.9
2025-02-03,SKU104,Protein Powder,Health,Vendor B,East,Online,19.0,142.0,70,9,49.68,111.64,2121.16,False,0.0,38.7,4.3
2025-12-07,SKU104,Protein Powder,Health,Vendor B,East,Retail Store,33.0,138.0,70,9,49.68,111.64,3684.12,False,0.0,27.4,4.1
2025-08-13,SKU108,Sports Socks,Apparel,Vendor B,East,Retail Store,49.0,120.0,64,3,56.21,111.36,5456.64,False,0.0,40.7,3.4
2025-02-23,SKU111,Water Bottle,Fitness,Vendor A,North,Wholesale,23.0,311.0,79,12,24.6,52.01,1196.23,False,0.0,16.6,3.4
2025-05-14,SKU105,Sunglasses,Accessories,Vendor A,North,Retail Store,30.0,206.0,59,3,85.64,143.16,4294.8,False,0.0,17.7,4.4
2025-05-03,SKU106,Denim Jeans,Apparel,Vendor C,South,Retail Store,88.0,249.0,87,9,71.61,120.54,10607.52,False,0.0,19.3,3.7
2025-01-15,SKU110,Smart Watch,Electronics,Vendor D,North,Retail Store,46.0,212.0,88,6,77.96,163.29,7511.34,False,0.0,31.1,4.0
2025-10-05,SKU107,Baseball Cap,Accessories,Vendor A,South,Online,89.0,189.0,74,13,46.67,72.31,6435.59,False,0.0,50.7,4.6
2025-10-27,SKU112,Hoodie,Apparel,Vendor B,South,Online,51.0,229.0,73,11,65.48,148.54,7575.54,False,0.0,20.1,4.2
2025-01-10,SKU105,Sunglasses,Accessories,Vendor A,North,Online,16.0,249.0,59,3,85.64,143.16,2290.56,False,0.0,26.3,3.7
2025-02-28,SKU110,Smart Watch,Electronics,Vendor D,North,Retail Store,38.0,308.0,88,6,77.96,163.29,6205.02,False,0.0,21.2,3.8
2025-03-26,SKU111,Water Bottle,Fitness,Vendor A,North,Online,27.0,204.0,79,12,24.6,52.01,1404.27,False,0.0,25.3,4.7
2025-07-18,SKU102,Running Shoes,Footwear,Vendor B,West,Retail Store,62.0,147.0,51,14,48.81,90.37,5602.94,False,0.0,26.4,3.7
2025-04-20,SKU101,Cotton T-Shirt,Apparel,Vendor A,North,Online,29.0,310.0,74,6,33.5,57.73,1674.17,False,0.0,26.8,3.7
2025-06-04,SKU111,Water Bottle,Fitness,Vendor A,North,Online,28.0,314.0,79,12,24.6,52.01,1456.28,False,0.0,30.4,4.2
2025-01-21,SKU110,Smart Watch,Electronics,Vendor D,North,Online,40.0,205.0,88,6,77.96,163.29,6531.6,False,0.0,40.5,4.2
2025-04-18,SKU105,Sunglasses,Accessories,Vendor A,North,Retail Store,,105.0,59,3,85.64,143.16,3579.0,False,0.0,12.6,3.8
2025-07-14,SKU108,Sports Socks,Apparel,Vendor B,East,Online,72.0,120.0,64,3,56.21,111.36,8017.92,True,20.0,10.1,4.8
2025-11-16,SKU107,Baseball Cap,Accessories,Vendor A,South,Online,102.0,109.0,74,13,46.67,72.31,7375.62,False,0.0,29.9,3.8
2025-07-31,SKU106,Denim Jeans,Apparel,Vendor C,South,Online,70.0,159.0,87,9,71.61,120.54,8437.8,False,0.0,19.5,4.2
2025-05-01,SKU105,Sunglasses,Accessories,Vendor A,North,Retail Store,28.0,142.0,59,3,85.64,143.16,4008.48,False,0.0,25.1,5.0
2025-04-26,SKU106,Denim Jeans,Apparel,Vendor C,South,Retail Store,101.0,126.0,87,9,71.61,120.54,12174.54,False,0.0,31.5,5.0
2025-07-22,SKU101,Cotton T-Shirt,Apparel,Vendor A,North,Retail Store,16.0,236.0,74,6,33.5,57.73,923.68,False,0.0,21.2,4.6
2025-12-08,SKU110,Smart Watch,Electronics,Vendor D,North,Retail Store,93.0,154.0,88,6,77.96,163.29,15185.97,False,0.0,45.1,4.3
2025-03-01,SKU102,Running Shoes,Footwear,Vendor B,West,Retail Store,79.0,143.0,51,14,48.81,90.37,7139.23,False,0.0,32.7,4.4
2025-11-13,SKU111,Water Bottle,Fitness,Vendor A,North,Online,29.0,92.0,79,12,24.6,52.01,1508.29,False,0.0,21.8,4.6
2025-07-12,SKU101,Cotton T-Shirt,Apparel,Vendor A,North,Retail Store,23.0,189.0,74,6,33.5,57.73,1327.79,False,0.0,30.2,4.1
2025-04-13,SKU104,Protein Powder,Health,Vendor B,East,Online,33.0,86.0,70,9,49.68,111.64,3684.12,False,0.0,18.3,4.6
2025-11-08,SKU111,Water Bottle,Fitness,Vendor A,North,Retail Store,52.0,156.0,79,12,24.6,52.01,2704.52,False,0.0,19.2,4.7
2025-06-04,SKU102,Running Shoes,Footwear,Vendor B,West,Retail Store,92.0,124.0,51,14,48.81,90.37,8314.04,True,25.0,22.6,4.1
2025-10-02,SKU110,Smart Watch,Electronics,Vendor D,North,Online,55.0,131.0,88,6,77.96,163.29,8980.95,False,0.0,34.1,4.5
2025-03-13,SKU109,Gym Bag,Fitness,Vendor C,West,Retail Store,12.0,113.0,45,12,73.66,161.49,1937.88,False,0.0,22.8,4.2
2025-10-19,SKU110,Smart Watch,Electronics,Vendor D,North,Wholesale,71.0,241.0,88,6,77.96,163.29,11593.59,False,0.0,30.2,4.0
2025-01-22,SKU106,Denim Jeans,Apparel,Vendor C,South,Online,33.0,261.0,87,9,71.61,120.54,3977.82,False,0.0,24.5,3.1
2025-06-10,SKU110,Smart Watch,Electronics,Vendor D,North,Retail Store,77.0,259.0,88,6,77.96,163.29,12573.33,False,0.0,20.5,4.4
2025-08-31,SKU107,Baseball Cap,Accessories,Vendor A,South,Retail Store,53.0,289.0,74,13,46.67,72.31,3832.43,False,0.0,30.4,4.5
2025-07-13,SKU102,Running Shoes,Footwear,Vendor B,West,Wholesale,84.0,242.0,51,14,48.81,90.37,7591.08,False,0.0,22.6,3.2
2025-12-10,SKU102,Running Shoes,Footwear,Vendor B,West,Online,99.0,170.0,51,14,48.81,90.37,8946.63,False,0.0,26.7,4.2
2025-03-07,SKU112,Hoodie,Apparel,Vendor B,South,Retail Store,43.0,307.0,73,11,65.48,148.54,6387.22,False,0.0,39.3,4.6
2025-02-07,SKU101,Cotton T-Shirt,Apparel,Vendor A,North,Online,15.0,238.0,74,6,33.5,57.73,865.95,False,0.0,30.1,2.8
2025-03-02,SKU102,Running Shoes,Footwear,Vendor B,West,Retail Store,66.0,77.0,51,14,48.81,90.37,5964.42,False,0.0,23.8,4.4
2025-10-21,SKU107,Baseball Cap,Accessories,Vendor A,South,Retail Store,46.0,84.0,74,13,46.67,72.31,3326.26,False,0.0,19.9,3.4
2025-01-24,SKU107,Baseball Cap,Accessories,Vendor A,South,Online,48.0,74.0,74,13,46.67,72.31,3470.88,False,0.0,24.1,3.9
2025-04-12,SKU104,Protein Powder,Health,Vendor B,East,Retail Store,34.0,119.0,70,9,49.68,111.64,3795.76,False,0.0,27.1,4.1
2025-03-30,SKU108,Sports Socks,Apparel,Vendor B,East,Online,75.0,97.0,64,3,56.21,111.36,8352.0,False,0.0,15.5,3.6
2025-04-10,SKU107,Baseball Cap,Accessories,Vendor A,South,Online,77.0,97.0,74,13,46.67,72.31,5567.87,False,0.0,21.5,4.4
2025-04-19,SKU101,Cotton T-Shirt,Apparel,Vendor A,North,Retail Store,22.0,84.0,74,6,33.5,57.73,1270.06,False,0.0,24.0,3.8
2025-05-13,SKU102,Running Shoes,Footwear,Vendor B,West,Online,65.0,88.0,51,14,48.81,90.37,5874.05,False,0.0,29.6,4.5
2025-08-11,SKU112,Hoodie,Apparel,Vendor B,South,Wholesale,29.0,234.0,73,11,65.48,148.54,4307.66,False,0.0,19.9,4.9
2025-05-23,SKU110,Smart Watch,Electronics,Vendor D,North,Online,59.0,125.0,88,6,77.96,163.29,9634.11,False,0.0,29.4,3.0
2025-01-21,SKU107,Baseball Cap,Accessories,Vendor A,South,Retail Store,49.0,190.0,74,13,46.67,72.31,3543.19,False,0.0,17.6,3.5
2025-12-04,SKU110,Smart Watch,Electronics,Vendor D,North,Retail Store,108.0,286.0,88,6,77.96,163.29,17635.32,False,0.0,32.1,4.5
2025-12-19,SKU105,Sunglasses,Accessories,Vendor A,North,Online,35.0,179.0,59,3,85.64,143.16,5010.6,False,0.0,17.2,4.3
2025-05-24,SKU105,Sunglasses,Accessories,Vendor A,North,Online,31.0,124.0,59,3,85.64,143.16,4437.96,False,0.0,34.3,4.0
2025-08-09,SKU108,Sports Socks,Apparel,Vendor B,East,Online,80.0,76.0,64,3,56.21,111.36,8908.8,False,0.0,23.4,4.2
2025-03-21,SKU109,Gym Bag,Fitness,Vendor C,West,Retail Store,13.0,134.0,45,12,73.66,161.49,2099.37,False,0.0,32.6,4.1
2025-11-16,SKU103,Yoga Mat,Fitness,Vendor C,East,Retail Store,113.0,51.0,42,8,28.05,51.04,5767.52,False,0.0,28.8,4.3
2025-06-06,SKU106,Denim Jeans,Apparel,Vendor C,South,Online,92.0,87.0,87,9,71.61,120.54,11089.68,True,39.0,41.9,3.8
2025-07-05,SKU108,Sports Socks,Apparel,Vendor B,East,Retail Store,86.0,161.0,64,3,56.21,111.36,9576.96,False,0.0,48.4,4.5
2025-12-16,SKU112,Hoodie,Apparel,Vendor B,South,Retail Store,62.0,300.0,73,11,65.48,148.54,9209.48,False,0.0,42.1,4.8
2025-05-25,SKU105,Sunglasses,Accessories,Vendor A,North,Retail Store,,93.0,59,3,85.64,143.16,4437.96,False,0.0,26.1,4.5
2025-04-13,SKU109,Gym Bag,Fitness,Vendor C,West,Retail Store,15.0,66.0,45,12,73.66,161.49,2422.35,False,0.0,28.2,3.9
2025-09-03,SKU101,Cotton T-Shirt,Apparel,Vendor A,North,Online,21.0,87.0,74,6,33.5,57.73,1212.33,False,0.0,27.4,5.0
2025-01-04,SKU103,Yoga Mat,Fitness,Vendor C,East,Online,64.0,79.0,42,8,28.05,51.04,3266.56,False,0.0,15.7,3.2
2025-02-03,SKU103,Yoga Mat,Fitness,Vendor C,East,Online,37.0,95.0,42,8,28.05,51.04,1888.48,False,0.0,37.0,3.2
2025-10-08,SKU101,Cotton T-Shirt,Apparel,Vendor A,North,Online,38.0,201.0,74,6,33.5,57.73,2193.74,True,10.0,21.5,3.8
2025-09-18,SKU111,Water Bottle,Fitness,Vendor A,North,Online,19.0,145.0,79,12,24.6,52.01,988.19,False,0.0,25.1,3.8
2025-09-11,SKU101,Cotton T-Shirt,Apparel,Vendor A,North,Retail Store,20.0,146.0,74,6,33.5,57.73,1154.6,False,0.0,21.4,4.5
2025-07-04,SKU102,Running Shoes,Footwear,Vendor B,West,Online,94.0,157.0,51,14,48.81,90.37,8494.78,True,18.0,20.4,3.1
2025-11-26,SKU109,Gym Bag,Fitness,Vendor C,West,Retail Store,17.0,90.0,45,12,73.66,161.49,2745.33,False,0.0,11.7,4.9
2025-06-04,SKU104,Protein Powder,Health,Vendor B,East,Retail Store,24.0,290.0,70,9,49.68,111.64,2679.36,False,0.0,33.6,4.7
2025-01-02,SKU105,Sunglasses,Accessories,Vendor A,North,Retail Store,13.0,398.0,59,3,85.64,143.16,1861.08,False,0.0,17.8,3.9
2025-12-08,SKU108,Sports Socks,Apparel,Vendor B,East,Online,77.0,322.0,64,3,56.21,111.36,8574.72,False,0.0,32.6,3.8
2025-10-26,SKU105,Sunglasses,Accessories,Vendor A,North,Retail Store,32.0,83.0,59,3,85.64,143.16,4581.12,False,0.0,27.7,5.0
2025-10-06,SKU111,Water Bottle,Fitness,Vendor A,North,Online,24.0,285.0,79,12,24.6,52.01,1248.24,False,0.0,14.1,4.5
2025-07-01,SKU105,Sunglasses,Accessories,Vendor A,North,Wholesale,17.0,214.0,59,3,85.64,143.16,2433.72,False,0.0,30.4,4.4
2025-09-07,SKU109,Gym Bag,Fitness,Vendor C,West,Retail Store,,50.0,45,12,73.66,161.49,2422.35,False,0.0,32.4,4.0
2025-01-29,SKU102,Running Shoes,Footwear,Vendor B,West,Online,72.0,58.0,51,14,48.81,90.37,6506.64,True,28.0,23.6,3.8
2025-03-09,SKU112,Hoodie,Apparel,Vendor B,South,Online,56.0,189.0,73,11,65.48,148.54,8318.24,False,0.0,27.4,4.5
2025-01-22,SKU102,Running Shoes,Footwear,Vendor B,West,Wholesale,33.0,237.0,51,14,48.81,90.37,2982.21,False,0.0,11.4,4.2
2025-05-13,SKU109,Gym Bag,Fitness,Vendor C,West,Online,8.0,93.0,45,12,73.66,161.49,1291.92,False,0.0,28.4,3.5
2025-02-11,SKU103,Yoga Mat,Fitness,Vendor C,East,Retail Store,28.0,111.0,42,8,28.05,51.04,1429.12,False,0.0,24.7,4.4
2025-04-09,SKU103,Yoga Mat,Fitness,Vendor C,East,Online,45.0,169.0,42,8,28.05,51.04,2296.8,False,0.0,38.9,3.8
2025-07-01,SKU101,Cotton T-Shirt,Apparel,Vendor A,North,Wholesale,19.0,149.0,74,6,33.5,57.73,1096.87,False,0.0,28.8,4.1
2025-11-18,SKU109,Gym Bag,Fitness,Vendor C,West,Online,30.0,90.0,45,12,73.66,161.49,4844.7,True,29.0,31.6,3.6
2025-12-13,SKU112,Hoodie,Apparel,Vendor B,South,Online,87.0,133.0,73,11,65.48,148.54,12922.98,False,0.0,29.4,3.9
2025-02-18,SKU112,Hoodie,Apparel,Vendor B,South,Retail Store,41.0,79.0,73,11,65.48,148.54,6090.14,False,0.0,29.8,3.8
2025-08-25,SKU111,Water Bottle,Fitness,Vendor A,North,Online,26.0,151.0,79,12,24.6,52.01,1352.26,False,0.0,9.8,3.8
2025-12-11,SKU104,Protein Powder,Health,Vendor B,East,Online,35.0,202.0,70,9,49.68,111.64,3907.4,False,0.0,13.9,4.2
2025-02-24,SKU102,Running Shoes,Footwear,Vendor B,West,Online,24.0,151.0,51,14,48.81,90.37,2168.88,False,0.0,22.0,4.3
2025-06-03,SKU111,Water Bottle,Fitness,Vendor A,North,Online,48.0,342.0,79,12,24.6,52.01,2496.48,True,28.0,32.1,4.2
2025-11-07,SKU105,Sunglasses,Accessories,Vendor A,North,Online,31.0,79.0,59,3,85.64,143.16,4437.96,False,0.0,29.8,3.9
2025-03-19,SKU108,Sports Socks,Apparel,Vendor B,East,Wholesale,74.0,216.0,64,3,56.21,111.36,8240.64,False,0.0,9.9,4.5
2025-09-30,SKU103,Yoga Mat,Fitness,Vendor C,East,Online,54.0,,42,8,28.05,51.04,2756.16,False,0.0,29.9,4.2
2025-09-04,SKU111,Water Bottle,Fitness,Vendor A,North,Retail Store,33.0,145.0,79,12,24.6,52.01,1716.33,False,0.0,30.8,3.9
2025-04-02,SKU106,Denim Jeans,Apparel,Vendor C,South,Retail Store,107.0,283.0,87,9,71.61,120.54,12897.78,True,26.0,23.5,4.5
2025-08-12,SKU104,Protein Powder,Health,Vendor B,East,Online,24.0,80.0,70,9,49.68,111.64,2679.36,False,0.0,20.4,4.8
2025-03-29,SKU105,Sunglasses,Accessories,Vendor A,North,Retail Store,32.0,104.0,59,3,85.64,143.16,4581.12,False,0.0,28.3,3.8
2025-04-24,SKU109,Gym Bag,Fitness,Vendor C,West,Online,20.0,109.0,45,12,73.66,161.49,3229.8,True,28.0,37.9,4.4
2025-07-27,SKU102,Running Shoes,Footwear,Vendor B,West,Online,72.0,97.0,51,14,48.81,90.37,6506.64,False,0.0,18.9,3.9
2025-04-30,SKU112,Hoodie,Apparel,Vendor B,South,Online,38.0,269.0,73,11,65.48,148.54,5644.52,False,0.0,20.3,4.4
2025-11-23,SKU105,Sunglasses,Accessories,Vendor A,North,Online,56.0,203.0,59,3,85.64,143.16,8016.96,False,0.0,18.5,4.5
2025-01-11,SKU103,Yoga Mat,Fitness,Vendor C,East,Retail Store,31.0,122.0,42,8,28.05,51.04,1582.24,False,0.0,26.8,5.0
2025-10-05,SKU101,Cotton T-Shirt,Apparel,Vendor A,North,Retail Store,29.0,286.0,74,6,33.5,57.73,1674.17,False,0.0,29.8,4.6
2025-12-11,SKU109,Gym Bag,Fitness,Vendor C,West,Retail Store,20.0,50.0,45,12,73.66,161.49,3229.8,True,32.0,20.8,4.2
2025-02-13,SKU108,Sports Socks,Apparel,Vendor B,East,Online,37.0,117.0,64,3,56.21,111.36,4120.32,False,0.0,16.0,4.5
2025-08-15,SKU105,Sunglasses,Accessories,Vendor A,North,Retail Store,16.0,208.0,59,3,85.64,143.16,2290.56,False,0.0,35.0,4.4
2025-03-13,SKU105,Sunglasses,Accessories,Vendor A,North,Wholesale,15.0,263.0,59,3,85.64,143.16,2147.4,False,0.0,15.4,4.7
2025-03-24,SKU108,Sports Socks,Apparel,Vendor B,East,Online,46.0,188.0,64,3,56.21,111.36,5122.56,False,0.0,28.1,4.2
2025-05-24,SKU109,Gym Bag,Fitness,Vendor C,West,Retail Store,17.0,205.0,45,12,73.66,161.49,2745.33,False,0.0,30.8,4.5
2025-05-30,SKU107,Baseball Cap,Accessories,Vendor A,South,Online,37.0,122.0,74,13,46.67,72.31,2675.47,False,0.0,21.4,3.5
2025-12-29,SKU112,Hoodie,Apparel,Vendor B,South,Online,51.0,270.0,73,11,65.48,148.54,7575.54,False,0.0,24.4,4.3
2025-09-05,SKU112,Hoodie,Apparel,Vendor B,South,Online,42.0,77.0,73,11,65.48,148.54,6238.68,False,0.0,27.6,4.3
2025-03-05,SKU106,Denim Jeans,Apparel,Vendor C,South,Retail Store,56.0,290.0,87,9,71.61,120.54,6750.24,False,0.0,28.7,3.9
2025-01-13,SKU102,Running Shoes,Footwear,Vendor B,West,Retail Store,26.0,238.0,51,14,48.81,90.37,2349.62,False,0.0,28.8,4.3
2025-03-30,SKU104,Protein Powder,Health,Vendor B,East,Online,31.0,76.0,70,9,49.68,111.64,3460.84,False,0.0,38.2,4.4
2025-03-04,SKU110,Smart Watch,Electronics,Vendor D,North,Online,88.0,195.0,88,6,77.96,163.29,14369.52,False,0.0,28.1,4.7
2025-07-03,SKU109,Gym Bag,Fitness,Vendor C,West,Online,8.0,160.0,45,12,73.66,161.49,1291.92,False,0.0,24.5,3.2
2025-10-29,SKU102,Running Shoes,Footwear,Vendor B,West,Retail Store,72.0,51.0,51,14,48.81,90.37,6506.64,False,0.0,32.7,3.4
2025-04-27,SKU105,Sunglasses,Accessories,Vendor A,North,Retail Store,37.0,64.0,59,3,85.64,143.16,5296.92,False,0.0,29.0,3.8
2025-03-16,SKU108,Sports Socks,Apparel,Vendor B,East,Retail Store,71.0,123.0,64,3,56.21,111.36,7906.56,False,0.0,15.7,4.1
2025-03-01,SKU106,Denim Jeans,Apparel,Vendor C,South,Online,73.0,207.0,87,9,71.61,120.54,8799.42,False,0.0,23.3,4.3
2025-06-11,SKU105,Sunglasses,Accessories,Vendor A,North,Retail Store,24.0,121.0,59,3,85.64,143.16,3435.84,False,0.0,20.1,4.1
2025-10-21,SKU102,Running Shoes,Footwear,Vendor B,West,Online,52.0,52.0,51,14,48.81,90.37,4699.24,False,0.0,28.8,4.3
2025-03-07,SKU106,Denim Jeans,Apparel,Vendor C,South,Retail Store,57.0,171.0,87,9,71.61,120.54,6870.78,False,0.0,18.2,4.7
2025-03-21,SKU101,Cotton T-Shirt,Apparel,Vendor A,North,Online,25.0,227.0,74,6,33.5,57.73,1443.25,False,0.0,31.0,4.6
2025-11-05,SKU110,Smart Watch,Electronics,Vendor D,North,Retail Store,109.0,284.0,88,6,77.96,163.29,17798.61,False,0.0,24.9,4.0
2025-06-02,SKU110,Smart Watch,Electronics,Vendor D,North,Retail Store,75.0,120.0,88,6,77.96,163.29,12246.75,False,0.0,33.8,5.0
2025-10-27,SKU103,Yoga Mat,Fitness,Vendor C,East,Retail Store,56.0,178.0,42,8,28.05,51.04,2858.24,False,0.0,28.1,4.6
2025-08-28,SKU109,Gym Bag,Fitness,Vendor C,West,Online,11.0,196.0,45,12,73.66,161.49,1776.39,True,12.0,24.4,4.9
2025-06-06,SKU107,Baseball Cap,Accessories,Vendor A,South,Online,62.0,157.0,74,13,46.67,72.31,4483.22,False,0.0,23.4,3.9
2025-07-05,SKU103,Yoga Mat,Fitness,Vendor C,East,Retail Store,71.0,94.0,42,8,28.05,51.04,3623.84,False,0.0,42.5,3.8
2025-05-23,SKU106,Denim Jeans,Apparel,Vendor C,South,Retail Store,69.0,237.0,87,9,71.61,120.54,8317.26,False,0.0,27.2,4.3
2025-01-03,SKU112,Hoodie,Apparel,Vendor B,South,Online,27.0,126.0,73,11,65.48,148.54,4010.58,False,0.0,28.9,4.0
2025-04-06,SKU109,Gym Bag,Fitness,Vendor C,West,Online,20.0,154.0,45,12,73.66,161.49,3229.8,False,0.0,32.2,4.4
2025-10-31,SKU104,Protein Powder,Health,Vendor B,East,Online,23.0,110.0,70,9,49.68,111.64,2567.72,False,0.0,33.2,4.0
2025-03-22,SKU107,Baseball Cap,Accessories,Vendor A,South,Retail Store,68.0,116.0,74,13,46.67,72.31,4917.08,False,0.0,37.6,4.8
2025-03-30,SKU109,Gym Bag,Fitness,Vendor C,West,Wholesale,14.0,253.0,45,12,73.66,161.49,2260.86,False,0.0,25.7,3.9
2025-03-18,SKU106,Denim Jeans,Apparel,Vendor C,South,Online,62.0,116.0,87,9,71.61,120.54,7473.48,False,0.0,41.6,4.6
2025-08-05,SKU110,Smart Watch,Electronics,Vendor D,North,Retail Store,45.0,222.0,88,6,77.96,163.29,7348.05,False,0.0,38.4,3.2
2025-01-21,SKU109,Gym Bag,Fitness,Vendor C,West,Online,7.0,271.0,45,12,73.66,161.49,1130.43,False,0.0,15.3,3.6
2025-08-29,SKU111,Water Bottle,Fitness,Vendor A,North,Wholesale,22.0,311.0,79,12,24.6,52.01,1144.22,False,0.0,31.0,4.5
2025-01-14,SKU112,Hoodie,Apparel,Vendor B,South,Online,37.0,169.0,73,11,65.48,148.54,5495.98,False,0.0,21.2,4.6
2025-03-15,SKU104,Protein Powder,Health,Vendor B,East,Online,24.0,281.0,70,9,49.68,111.64,2679.36,False,0.0,35.7,4.2
2025-12-20,SKU107,Baseball Cap,Accessories,Vendor A,South,Online,116.0,168.0,74,13,46.67,72.31,8387.96,False,0.0,27.6,4.7
2025-03-26,SKU104,Protein Powder,Health,Vendor B,East,Online,13.0,197.0,70,9,49.68,111.64,1451.32,False,0.0,20.8,4.7
2025-06-18,SKU106,Denim Jeans,Apparel,Vendor C,South,Online,66.0,186.0,87,9,71.61,120.54,7955.64,False,0.0,34.2,3.5
2025-10-13,SKU105,Sunglasses,Accessories,Vendor A,North,Online,25.0,162.0,59,3,85.64,143.16,3579.0,True,26.0,28.7,4.2
2025-06-20,SKU112,Hoodie,Apparel,Vendor B,South,Online,49.0,159.0,73,11,65.48,148.54,7278.46,False,0.0,20.9,4.1
2025-02-10,SKU110,Smart Watch,Electronics,Vendor D,North,Retail Store,38.0,232.0,88,6,77.96,163.29,6205.02,False,0.0,23.7,4.7
2025-05-31,SKU108,Sports Socks,Apparel,Vendor B,East,Retail Store,68.0,202.0,64,3,56.21,111.36,7572.48,False,0.0,29.0,4.0
2025-04-03,SKU105,Sunglasses,Accessories,Vendor A,North,Online,21.0,165.0,59,3,85.64,143.16,3006.36,False,0.0,26.8,4.1
2025-06-11,SKU110,Smart Watch,Electronics,Vendor D,North,Online,59.0,200.0,88,6,77.96,163.29,9634.11,False,0.0,27.5,3.8
2025-06-03,SKU107,Baseball Cap,Accessories,Vendor A,South,Wholesale,33.0,80.0,74,13,46.67,72.31,2386.23,False,0.0,14.5,4.0
2025-11-19,SKU101,Cotton T-Shirt,Apparel,Vendor A,North,Online,40.0,222.0,74,6,33.5,57.73,2309.2,True,37.0,33.3,3.7
2025-02-23,SKU103,Yoga Mat,Fitness,Vendor C,East,Online,48.0,86.0,42,8,28.05,51.04,2449.92,False,0.0,20.1,5.0
2025-05-09,SKU106,Denim Jeans,Apparel,Vendor C,South,Online,,118.0,87,9,71.61,120.54,7111.86,False,0.0,22.4,4.9
2025-01-14,SKU103,Yoga Mat,Fitness,Vendor C,East,Online,29.0,170.0,42,8,28.05,51.04,1480.16,False,0.0,26.4,4.6
2025-11-24,SKU101,Cotton T-Shirt,Apparel,Vendor A,North,Online,32.0,213.0,74,6,33.5,57.73,1847.36,False,0.0,25.2,4.4
2025-02-06,SKU103,Yoga Mat,Fitness,Vendor C,East,Online,25.0,291.0,42,8,28.05,51.04,1276.0,False,0.0,34.2,3.7
2025-05-07,SKU112,Hoodie,Apparel,Vendor B,South,Online,55.0,119.0,73,11,65.48,148.54,8169.7,False,0.0,28.7,4.5
2025-02-15,SKU101,Cotton T-Shirt,Apparel,Vendor A,North,Wholesale,22.0,119.0,74,6,33.5,57.73,1270.06,False,0.0,26.9,3.9
2025-04-29,SKU111,Water Bottle,Fitness,Vendor A,North,Online,17.0,127.0,79,12,24.6,52.01,884.17,False,0.0,18.1,4.2
2025-12-29,SKU110,Smart Watch,Electronics,Vendor D,North,Retail Store,93.0,320.0,88,6,77.96,163.29,15185.97,False,0.0,29.1,4.0
2025-04-13,SKU107,Baseball Cap,Accessories,Vendor A,South,Retail Store,88.0,182.0,74,13,46.67,72.31,6363.28,False,0.0,37.8,3.3
2025-03-26,SKU105,Sunglasses,Accessories,Vendor A,North,Retail Store,24.0,175.0,59,3,85.64,143.16,3435.84,False,0.0,23.3,4.3
2025-05-22,SKU112,Hoodie,Apparel,Vendor B,South,Retail Store,46.0,121.0,73,11,65.48,148.54,6832.84,False,0.0,29.4,4.2
2025-02-28,SKU103,Yoga Mat,Fitness,Vendor C,East,Online,28.0,90.0,42,8,28.05,51.04,1429.12,False,0.0,41.7,4.1
2025-01-14,SKU107,Baseball Cap,Accessories,Vendor A,South,Online,62.0,241.0,74,13,46.67,72.31,4483.22,False,0.0,26.5,4.6
2025-02-03,SKU110,Smart Watch,Electronics,Vendor D,North,Retail Store,38.0,89.0,88,6,77.96,163.29,6205.02,True,37.0,44.3,4.6
2025-12-01,SKU104,Protein Powder,Health,Vendor B,East,Online,25.0,88.0,70,9,49.68,111.64,2791.0,False,0.0,15.9,3.9
2025-06-15,SKU106,Denim Jeans,Apparel,Vendor C,South,Retail Store,72.0,213.0,87,9,71.61,120.54,8678.88,False,0.0,17.8,3.7
2025-12-23,SKU108,Sports Socks,Apparel,Vendor B,East,Online,93.0,256.0,64,3,56.21,111.36,10356.48,False,0.0,17.7,4.0
2025-05-29,SKU104,Protein Powder,Health,Vendor B,East,Retail Store,23.0,210.0,70,9,49.68,111.64,2567.72,False,0.0,27.8,4.9
2025-07-29,SKU109,Gym Bag,Fitness,Vendor C,West,Online,13.0,220.0,45,12,73.66,161.49,2099.37,False,0.0,31.7,4.5
2025-11-18,SKU112,Hoodie,Apparel,Vendor B,South,Online,71.0,186.0,73,11,65.48,148.54,10546.34,False,0.0,4.6,3.8
2025-05-02,SKU101,Cotton T-Shirt,Apparel,Vendor A,North,Online,15.0,214.0,74,6,33.5,57.73,865.95,False,0.0,12.2,4.1
2025-01-13,SKU109,Gym Bag,Fitness,Vendor C,West,Retail Store,13.0,84.0,45,12,73.66,161.49,2099.37,False,0.0,26.1,4.1
2025-04-15,SKU108,Sports Socks,Apparel,Vendor B,East,Online,59.0,165.0,64,3,56.21,111.36,6570.24,False,0.0,20.0,3.5
2025-02-18,SKU110,Smart Watch,Electronics,Vendor D,North,Online,48.0,218.0,88,6,77.96,163.29,7837.92,False,0.0,24.1,3.6
2025-12-25,SKU102,Running Shoes,Footwear,Vendor B,West,Retail Store,72.0,101.0,51,14,48.81,90.37,6506.64,False,0.0,25.4,4.6
2025-03-15,SKU106,Denim Jeans,Apparel,Vendor C,South,Online,81.0,117.0,87,9,71.61,120.54,9763.74,False,0.0,31.5,5.0
2025-01-02,SKU109,Gym Bag,Fitness,Vendor C,West,Retail Store,12.0,177.0,45,12,73.66,161.49,1937.88,True,24.0,23.0,3.9
2025-07-13,SKU104,Protein Powder,Health,Vendor B,East,Online,29.0,307.0,70,9,49.68,111.64,3237.56,False,0.0,37.5,4.4
2025-06-06,SKU104,Protein Powder,Health,Vendor B,East,Retail Store,23.0,247.0,70,9,49.68,111.64,2567.72,False,0.0,29.6,3.3
2025-11-17,SKU108,Sports Socks,Apparel,Vendor B,East,Retail Store,82.0,131.0,64,3,56.21,111.36,9131.52,False,0.0,30.8,3.1
2025-02-16,SKU106,Denim Jeans,Apparel,Vendor C,South,Wholesale,72.0,197.0,87,9,71.61,120.54,8678.88,True,25.0,22.9,3.3
2025-11-12,SKU108,Sports Socks,Apparel,Vendor B,East,Online,86.0,235.0,64,3,56.21,111.36,9576.96,False,0.0,13.8,3.4
2025-05-02,SKU103,Yoga Mat,Fitness,Vendor C,East,Retail Store,52.0,112.0,42,8,28.05,51.04,2654.08,False,0.0,33.7,4.4
2025-06-30,SKU105,Sunglasses,Accessories,Vendor A,North,Online,19.0,231.0,59,3,85.64,143.16,2720.04,False,0.0,19.3,3.5
2025-06-01,SKU104,Protein Powder,Health,Vendor B,East,Retail Store,35.0,122.0,70,9,49.68,111.64,3907.4,False,0.0,20.3,5.0
2025-01-27,SKU109,Gym Bag,Fitness,Vendor C,West,Online,4.0,207.0,45,12,73.66,161.49,645.96,False,0.0,18.1,4.0
2025-04-15,SKU111,Water Bottle,Fitness,Vendor A,North,Retail Store,26.0,225.0,79,12,24.6,52.01,1352.26,False,0.0,16.1,3.4
2025-08-15,SKU104,Protein Powder,Health,Vendor B,East,Retail Store,26.0,206.0,70,9,49.68,111.64,2902.64,False,0.0,15.8,3.7
2025-11-08,SKU110,Smart Watch,Electronics,Vendor D,North,Online,133.0,210.0,88,6,77.96,163.29,21717.57,False,0.0,21.2,3.6
2025-05-18,SKU108,Sports Socks,Apparel,Vendor B,East,Online,58.0,226.0,64,3,56.21,111.36,6458.88,False,0.0,30.3,3.9
2025-02-12,SKU103,Yoga Mat,Fitness,Vendor C,East,Retail Store,24.0,87.0,42,8,28.05,51.04,1224.96,False,0.0,40.4,5.0
2025-09-19,SKU102,Running Shoes,Footwear,Vendor B,West,Online,59.0,132.0,51,14,48.81,90.37,5331.83,False,0.0,23.7,4.3
2025-03-13,SKU106,Denim Jeans,Apparel,Vendor C,South,Online,85.0,249.0,87,9,71.61,120.54,10245.9,False,0.0,29.2,4.1
2025-12-01,SKU102,Running Shoes,Footwear,Vendor B,West,Online,102.0,96.0,51,14,48.81,90.37,9217.74,True,35.0,22.1,4.7
2025-07-27,SKU111,Water Bottle,Fitness,Vendor A,North,Online,28.0,134.0,79,12,24.6,52.01,1456.28,False,0.0,9.7,4.8
2025-12-02,SKU104,Protein Powder,Health,Vendor B,East,Wholesale,24.0,295.0,70,9,49.68,111.64,2679.36,False,0.0,40.2,3.9
2025-02-24,SKU105,Sunglasses,Accessories,Vendor A,North,Online,15.0,163.0,59,3,85.64,143.16,2147.4,False,0.0,20.5,3.9
2025-05-28,SKU112,Hoodie,Apparel,Vendor B,South,Online,75.0,194.0,73,11,65.48,148.54,11140.5,True,19.0,21.5,3.8
2025-01-17,SKU101,Cotton T-Shirt,Apparel,Vendor A,North,Online,10.0,131.0,74,6,33.5,57.73,577.3,False,0.0,19.7,4.5
2025-03-02,SKU104,Protein Powder,Health,Vendor B,East,Retail Store,28.0,101.0,70,9,49.68,111.64,3125.92,False,0.0,12.8,4.7
2025-06-14,SKU103,Yoga Mat,Fitness,Vendor C,East,Online,55.0,109.0,42,8,28.05,51.04,2807.2,False,0.0,28.0,4.7
2025-03-02,SKU110,Smart Watch,Electronics,Vendor D,North,Wholesale,82.0,141.0,88,6,77.96,163.29,13389.78,False,0.0,22.7,4.7
2025-05-28,SKU101,Cotton T-Shirt,Apparel,Vendor A,North,Retail Store,19.0,80.0,74,6,33.5,57.73,1096.87,False,0.0,20.3,4.4
2025-06-02,SKU102,Running Shoes,Footwear,Vendor B,West,Retail Store,63.0,58.0,51,14,48.81,90.37,5693.31,False,0.0,25.5,5.0
2025-03-28,SKU112,Hoodie,Apparel,Vendor B,South,Online,31.0,256.0,73,11,65.48,148.54,4604.74,False,0.0,41.2,3.8
2025-02-27,SKU102,Running Shoes,Footwear,Vendor B,West,Retail Store,54.0,102.0,51,14,48.81,90.37,4879.98,False,0.0,25.7,4.4
2025-06-12,SKU110,Smart Watch,Electronics,Vendor D,North,Retail Store,87.0,113.0,88,6,77.96,163.29,14206.23,False,0.0,22.8,4.1
2025-07-11,SKU112,Hoodie,Apparel,Vendor B,South,Retail Store,44.0,282.0,73,11,65.48,148.54,6535.76,False,0.0,21.5,4.1
2025-10-26,SKU110,Smart Watch,Electronics,Vendor D,North,Retail Store,76.0,297.0,88,6,77.96,163.29,12410.04,False,0.0,9.4,4.2
2025-04-11,SKU106,Denim Jeans,Apparel,Vendor C,South,Online,69.0,227.0,87,9,71.61,120.54,8317.26,False,0.0,45.5,4.3
2025-02-08,SKU104,Protein Powder,Health,Vendor B,East,Online,15.0,218.0,70,9,49.68,111.64,1674.6,False,0.0,30.2,4.2
2025-11-12,SKU101,Cotton T-Shirt,Apparel,Vendor A,North,Online,31.0,150.0,74,6,33.5,57.73,1789.63,False,0.0,17.8,3.2
2025-08-15,SKU112,Hoodie,Apparel,Vendor B,South,Online,42.0,301.0,73,11,65.48,148.54,6238.68,False,0.0,31.6,4.2
2025-03-14,SKU102,Running Shoes,Footwear,Vendor B,West,Online,75.0,143.0,51,14,48.81,90.37,6777.75,True,30.0,21.6,4.4
2025-02-19,SKU110,Smart Watch,Electronics,Vendor D,North,Online,53.0,165.0,88,6,77.96,163.29,8654.37,False,0.0,20.4,3.6
2025-08-12,SKU107,Baseball Cap,Accessories,Vendor A,South,Retail Store,65.0,265.0,74,13,46.67,72.31,4700.15,False,0.0,15.9,4.5
2025-08-23,SKU107,Baseball Cap,Accessories,Vendor A,South,Online,83.0,101.0,74,13,46.67,72.31,6001.73,False,0.0,10.5,4.6
2025-05-23,SKU107,Baseball Cap,Accessories,Vendor A,South,Online,48.0,220.0,74,13,46.67,72.31,3470.88,False,0.0,36.9,4.2
2025-05-23,SKU101,Cotton T-Shirt,Apparel,Vendor A,North,Wholesale,17.0,91.0,74,6,33.5,57.73,981.41,True,36.0,24.4,4.3
2025-10-26,SKU102,Running Shoes,Footwear,Vendor B,West,Online,73.0,51.0,51,14,48.81,90.37,6597.01,False,0.0,24.7,3.5
2025-05-28,SKU109,Gym Bag,Fitness,Vendor C,West,Retail Store,13.0,161.0,45,12,73.66,161.49,2099.37,False,0.0,21.8,3.0
2025-02-19,SKU109,Gym Bag,Fitness,Vendor C,West,Retail Store,12.0,197.0,45,12,73.66,161.49,1937.88,False,0.0,30.9,5.0
2025-08-19,SKU107,Baseball Cap,Accessories,Vendor A,South,Online,43.0,142.0,74,13,46.67,72.31,3109.33,False,0.0,24.4,3.8
2025-04-21,SKU101,Cotton T-Shirt,Apparel,Vendor A,North,Online,27.0,283.0,74,6,33.5,57.73,1558.71,True,20.0,29.8,4.1
2025-03-03,SKU109,Gym Bag,Fitness,Vendor C,West,Online,13.0,55.0,45,12,73.66,161.49,2099.37,False,0.0,24.1,5.0
2025-08-11,SKU107,Baseball Cap,Accessories,Vendor A,South,Online,26.0,118.0,74,13,46.67,72.31,1880.06,False,0.0,21.3,4.3
2025-12-07,SKU102,Running Shoes,Footwear,Vendor B,West,Online,100.0,53.0,51,14,48.81,90.37,9037.0,False,0.0,26.6,4.5
2025-05-04,SKU105,Sunglasses,Accessories,Vendor A,North,Retail Store,32.0,306.0,59,3,85.64,143.16,4581.12,False,0.0,30.3,4.4
2025-10-10,SKU106,Denim Jeans,Apparel,Vendor C,South,Retail Store,132.0,173.0,87,9,71.61,120.54,15911.28,True,35.0,24.1,4.8
2025-07-19,SKU111,Water Bottle,Fitness,Vendor A,North,Retail Store,40.0,188.0,79,12,24.6,52.01,2080.4,False,0.0,17.8,4.7
2025-12-16,SKU102,Running Shoes,Footwear,Vendor B,West,Retail Store,132.0,136.0,51,14,48.81,90.37,11928.84,True,27.0,43.8,3.9
2025-07-01,SKU107,Baseball Cap,Accessories,Vendor A,South,Retail Store,78.0,91.0,74,13,46.67,72.31,5640.18,False,0.0,14.6,4.0
2025-07-30,SKU112,Hoodie,Apparel,Vendor B,South,Online,81.0,180.0,73,11,65.48,148.54,12031.74,True,16.0,22.8,4.8
2025-12-24,SKU108,Sports Socks,Apparel,Vendor B,East,Online,71.0,185.0,64,3,56.21,111.36,7906.56,False,0.0,27.7,4.1
2025-05-16,SKU104,Protein Powder,Health,Vendor B,East,Online,22.0,253.0,70,9,49.68,111.64,2456.08,False,0.0,40.1,5.0
2025-03-03,SKU108,Sports Socks,Apparel,Vendor B,East,Online,31.0,262.0,64,3,56.21,111.36,3452.16,False,0.0,24.0,3.5
2025-06-15,SKU112,Hoodie,Apparel,Vendor B,South,Wholesale,50.0,279.0,73,11,65.48,148.54,7427.0,False,0.0,26.2,3.8
2025-03-03,SKU102,Running Shoes,Footwear,Vendor B,West,Wholesale,62.0,273.0,51,14,48.81,90.37,5602.94,False,0.0,41.2,4.4
2025-09-07,SKU112,Hoodie,Apparel,Vendor B,South,Wholesale,80.0,192.0,73,11,65.48,148.54,11883.2,False,0.0,16.6,4.3
2025-08-04,SKU112,Hoodie,Apparel,Vendor B,South,Online,38.0,150.0,73,11,65.48,148.54,5644.52,False,0.0,17.4,4.3
2025-01-16,SKU109,Gym Bag,Fitness,Vendor C,West,Retail Store,6.0,63.0,45,12,73.66,161.49,968.94,False,0.0,24.3,3.4
2025-01-14,SKU105,Sunglasses,Accessories,Vendor A,North,Online,11.0,184.0,59,3,85.64,143.16,1574.76,False,0.0,10.4,4.0
2025-11-29,SKU109,Gym Bag,Fitness,Vendor C,West,Online,29.0,294.0,45,12,73.66,161.49,4683.21,False,0.0,25.1,4.8
2025-11-01,SKU104,Protein Powder,Health,Vendor B,East,Retail Store,44.0,334.0,70,9,49.68,111.64,4912.16,False,0.0,18.3,4.3
2025-12-16,SKU103,Yoga Mat,Fitness,Vendor C,East,Online,118.0,217.0,42,8,28.05,51.04,6022.72,True,16.0,22.8,3.5
2025-12-14,SKU106,Denim Jeans,Apparel,Vendor C,South,Retail Store,126.0,180.0,87,9,71.61,120.54,15188.04,False,0.0,16.5,4.9
2025-02-17,SKU110,Smart Watch,Electronics,Vendor D,North,Wholesale,50.0,121.0,88,6,77.96,163.29,8164.5,False,0.0,25.8,4.8
2025-08-13,SKU101,Cotton T-Shirt,Apparel,Vendor A,North,Online,18.0,102.0,74,6,33.5,57.73,1039.14,False,0.0,15.8,4.1
2025-09-21,SKU106,Denim Jeans,Apparel,Vendor C,South,Retail Store,103.0,244.0,87,9,71.61,120.54,12415.62,False,0.0,35.9,4.9
2025-10-24,SKU108,Sports Socks,Apparel,Vendor B,East,Online,91.0,149.0,64,3,56.21,111.36,10133.76,True,18.0,35.5,3.9
2025-02-09,SKU105,Sunglasses,Accessories,Vendor A,North,Retail Store,18.0,100.0,59,3,85.64,143.16,2576.88,False,0.0,31.8,3.3
2025-11-01,SKU106,Denim Jeans,Apparel,Vendor C,South,Retail Store,152.0,214.0,87,9,71.61,120.54,18322.08,False,0.0,33.9,3.8
2025-02-10,SKU109,Gym Bag,Fitness,Vendor C,West,Wholesale,4.0,95.0,45,12,73.66,161.49,645.96,False,0.0,30.8,4.1
2025-05-26,SKU106,Denim Jeans,Apparel,Vendor C,South,Wholesale,62.0,185.0,87,9,71.61,120.54,7473.48,False,0.0,14.2,4.4
2025-09-26,SKU110,Smart Watch,Electronics,Vendor D,North,Retail Store,52.0,114.0,88,6,77.96,163.29,8491.08,False,0.0,18.9,4.0
2025-08-07,SKU106,Denim Jeans,Apparel,Vendor C,South,Online,65.0,199.0,87,9,71.61,120.54,7835.1,False,0.0,15.4,4.5
2025-08-01,SKU101,Cotton T-Shirt,Apparel,Vendor A,North,Online,16.0,174.0,74,6,33.5,57.73,923.68,False,0.0,21.9,4.5
2025-03-13,SKU101,Cotton T-Shirt,Apparel,Vendor A,North,Retail Store,24.0,141.0,74,6,33.5,57.73,1385.52,False,0.0,29.4,4.0
2025-03-24,SKU104,Protein Powder,Health,Vendor B,East,Online,18.0,83.0,70,9,49.68,111.64,2009.52,False,0.0,50.4,4.8
2025-11-11,SKU103,Yoga Mat,Fitness,Vendor C,East,Retail Store,86.0,42.0,42,8,28.05,51.04,4389.44,False,0.0,19.3,4.9
2025-05-01,SKU103,Yoga Mat,Fitness,Vendor C,East,Retail Store,51.0,44.0,42,8,28.05,51.04,2603.04,False,0.0,20.6,3.8
2025-09-05,SKU105,Sunglasses,Accessories,Vendor A,North,Retail Store,19.0,128.0,59,3,85.64,143.16,2720.04,False,0.0,12.7,4.3
2025-09-24,SKU112,Hoodie,Apparel,Vendor B,South,Online,58.0,118.0,73,11,65.48,148.54,8615.32,False,0.0,29.6,3.6
2025-01-15,SKU103,Yoga Mat,Fitness,Vendor C,East,Online,34.0,136.0,42,8,28.05,51.04,1735.36,False,0.0,18.0,5.0
2025-11-28,SKU111,Water Bottle,Fitness,Vendor A,North,Online,43.0,118.0,79,12,24.6,52.01,2236.43,False,0.0,31.8,4.3
2025-09-25,SKU107,Baseball Cap,Accessories,Vendor A,South,Online,73.0,209.0,74,13,46.67,72.31,5278.63,False,0.0,18.1,4.3
2025-08-24,SKU112,Hoodie,Apparel,Vendor B,South,Online,73.0,269.0,73,11,65.48,148.54,10843.42,False,0.0,18.1,4.7
2025-12-08,SKU107,Baseball Cap,Accessories,Vendor A,South,Online,77.0,191.0,74,13,46.67,72.31,5567.87,False,0.0,28.4,3.7
2025-11-28,SKU110,Smart Watch,Electronics,Vendor D,North,Online,97.0,200.0,88,6,77.96,163.29,15839.13,False,0.0,30.8,4.5
2025-02-14,SKU110,Smart Watch,Electronics,Vendor D,North,Retail Store,81.0,301.0,88,6,77.96,163.29,13226.49,True,29.0,31.7,3.7
2025-01-03,SKU111,Water Bottle,Fitness,Vendor A,North,Online,16.0,108.0,79,12,24.6,52.01,832.16,False,0.0,21.8,4.4
2025-05-21,SKU110,Smart Watch,Electronics,Vendor D,North,Retail Store,118.0,239.0,88,6,77.96,163.29,19268.22,True,21.0,25.0,3.6
2025-01-10,SKU110,Smart Watch,Electronics,Vendor D,North,Online,41.0,188.0,88,6,77.96,163.29,6694.89,False,0.0,19.0,4.3
2025-11-30,SKU108,Sports Socks,Apparel,Vendor B,East,Wholesale,92.0,76.0,64,3,56.21,111.36,10245.12,False,0.0,24.3,4.2
2025-01-29,SKU107,Baseball Cap,Accessories,Vendor A,South,Retail Store,44.0,277.0,74,13,46.67,72.31,3181.64,False,0.0,17.5,4.1
2025-04-23,SKU111,Water Bottle,Fitness,Vendor A,North,Retail Store,,106.0,79,12,24.6,52.01,1924.37,False,0.0,22.5,4.2
2025-02-11,SKU107,Baseball Cap,Accessories,Vendor A,South,Online,38.0,295.0,74,13,46.67,72.31,2747.78,False,0.0,32.5,4.3
2025-07-22,SKU112,Hoodie,Apparel,Vendor B,South,Online,49.0,101.0,73,11,65.48,148.54,7278.46,False,0.0,20.9,3.9
2025-05-07,SKU101,Cotton T-Shirt,Apparel,Vendor A,North,Online,23.0,85.0,74,6,33.5,57.73,1327.79,False,0.0,24.8,3.4
2025-08-20,SKU104,Protein Powder,Health,Vendor B,East,Online,33.0,188.0,70,9,49.68,111.64,3684.12,True,12.0,27.1,4.3
2025-10-14,SKU108,Sports Socks,Apparel,Vendor B,East,Online,49.0,172.0,64,3,56.21,111.36,5456.64,False,0.0,29.9,4.6
2025-11-09,SKU101,Cotton T-Shirt,Apparel,Vendor A,North,Retail Store,48.0,245.0,74,6,33.5,57.73,2771.04,False,0.0,34.9,4.5
2025-07-17,SKU111,Water Bottle,Fitness,Vendor A,North,Retail Store,22.0,264.0,79,12,24.6,52.01,1144.22,False,0.0,10.7,4.6
2025-11-19,SKU112,Hoodie,Apparel,Vendor B,South,Online,55.0,131.0,73,11,65.48,148.54,8169.7,False,0.0,16.0,4.2
2025-04-13,SKU101,Cotton T-Shirt,Apparel,Vendor A,North,Online,24.0,199.0,74,6,33.5,57.73,1385.52,False,0.0,32.7,4.1
2025-02-07,SKU111,Water Bottle,Fitness,Vendor A,North,Online,24.0,160.0,79,12,24.6,52.01,1248.24,False,0.0,18.3,3.8
2025-11-16,SKU110,Smart Watch,Electronics,Vendor D,North,Retail Store,124.0,354.0,88,6,77.96,163.29,20247.96,False,0.0,33.4,3.9
2025-03-02,SKU103,Yoga Mat,Fitness,Vendor C,East,Retail Store,79.0,146.0,42,8,28.05,51.04,4032.16,False,0.0,20.1,4.9
2025-06-08,SKU108,Sports Socks,Apparel,Vendor B,East,Online,97.0,243.0,64,3,56.21,111.36,10801.92,True,15.0,24.8,4.0
2025-01-05,SKU104,Protein Powder,Health,Vendor B,East,Wholesale,25.0,218.0,70,9,49.68,111.64,2791.0,False,0.0,29.9,3.8
2025-06-29,SKU111,Water Bottle,Fitness,Vendor A,North,Retail Store,27.0,86.0,79,12,24.6,52.01,1404.27,False,0.0,22.4,4.7
2025-03-06,SKU102,Running Shoes,Footwear,Vendor B,West,Wholesale,47.0,315.0,51,14,48.81,90.37,4247.39,False,0.0,17.1,4.0
2025-07-21,SKU105,Sunglasses,Accessories,Vendor A,North,Online,24.0,126.0,59,3,85.64,143.16,3435.84,False,0.0,24.7,4.0
2025-12-27,SKU104,Protein Powder,Health,Vendor B,East,Retail Store,49.0,184.0,70,9,49.68,111.64,5470.36,False,0.0,21.3,4.7
2025-11-06,SKU104,Protein Powder,Health,Vendor B,East,Online,28.0,160.0,70,9,49.68,111.64,3125.92,False,0.0,26.1,3.3
2025-10-27,SKU106,Denim Jeans,Apparel,Vendor C,South,Retail Store,96.0,273.0,87,9,71.61,120.54,11571.84,False,0.0,11.3,4.8
2025-03-09,SKU107,Baseball Cap,Accessories,Vendor A,South,Online,94.0,80.0,74,13,46.67,72.31,6797.14,False,0.0,26.0,4.6
2025-04-07,SKU105,Sunglasses,Accessories,Vendor A,North,Wholesale,20.0,219.0,59,3,85.64,143.16,2863.2,False,0.0,18.4,3.5
2025-04-04,SKU107,Baseball Cap,Accessories,Vendor A,South,Wholesale,74.0,250.0,74,13,46.67,72.31,5350.94,False,0.0,5.0,4.1
2025-05-09,SKU111,Water Bottle,Fitness,Vendor A,North,Retail Store,22.0,190.0,79,12,24.6,52.01,1144.22,False,0.0,11.9,4.7
2025-09-17,SKU110,Smart Watch,Electronics,Vendor D,North,Online,62.0,139.0,88,6,77.96,163.29,10123.98,False,0.0,30.0,4.5
2025-10-31,SKU107,Baseball Cap,Accessories,Vendor A,South,Wholesale,51.0,243.0,74,13,46.67,72.31,3687.81,False,0.0,23.8,3.8
2025-10-19,SKU109,Gym Bag,Fitness,Vendor C,West,Retail Store,16.0,229.0,45,12,73.66,161.49,2583.84,False,0.0,28.1,3.5
2025-06-25,SKU108,Sports Socks,Apparel,Vendor B,East,Retail Store,71.0,103.0,64,3,56.21,111.36,7906.56,False,0.0,21.2,4.3
2025-03-25,SKU104,Protein Powder,Health,Vendor B,East,Online,23.0,210.0,70,9,49.68,111.64,2567.72,False,0.0,34.5,4.2
2025-05-08,SKU109,Gym Bag,Fitness,Vendor C,West,Online,8.0,153.0,45,12,73.66,161.49,1291.92,False,0.0,21.4,3.8
2025-01-22,SKU110,Smart Watch,Electronics,Vendor D,North,Online,59.0,146.0,88,6,77.96,163.29,9634.11,False,0.0,30.5,4.4
2025-01-14,SKU110,Smart Watch,Electronics,Vendor D,North,Retail Store,57.0,258.0,88,6,77.96,163.29,9307.53,False,0.0,17.4,4.6
2025-02-04,SKU107,Baseball Cap,Accessories,Vendor A,South,Online,45.0,151.0,74,13,46.67,72.31,3253.95,False,0.0,4.0,3.3
2025-06-10,SKU105,Sunglasses,Accessories,Vendor A,North,Online,19.0,145.0,59,3,85.64,143.16,2720.04,False,0.0,19.4,3.6
2025-09-01,SKU109,Gym Bag,Fitness,Vendor C,West,Online,11.0,127.0,45,12,73.66,161.49,1776.39,False,0.0,15.4,3.8
2025-08-22,SKU105,Sunglasses,Accessories,Vendor A,North,Online,26.0,288.0,59,3,85.64,143.16,3722.16,False,0.0,28.6,4.8
2025-07-02,SKU106,Denim Jeans,Apparel,Vendor C,South,Retail Store,62.0,332.0,87,9,71.61,120.54,7473.48,False,0.0,18.4,4.2
2025-03-11,SKU107,Baseball Cap,Accessories,Vendor A,South,Online,60.0,134.0,74,13,46.67,72.31,4338.6,False,0.0,37.1,4.3
2025-09-07,SKU102,Running Shoes,Footwear,Vendor B,West,Online,96.0,155.0,51,14,48.81,90.37,8675.52,False,0.0,31.1,3.8
2025-08-13,SKU111,Water Bottle,Fitness,Vendor A,North,Wholesale,21.0,263.0,79,12,24.6,52.01,1092.21,False,0.0,37.3,3.2
2025-06-17,SKU108,Sports Socks,Apparel,Vendor B,East,Online,,132.0,64,3,56.21,111.36,7238.4,False,0.0,15.9,4.5
2025-01-25,SKU111,Water Bottle,Fitness,Vendor A,North,Retail Store,24.0,,79,12,24.6,52.01,1248.24,False,0.0,49.8,3.8
2025-11-06,SKU107,Baseball Cap,Accessories,Vendor A,South,Online,,253.0,74,13,46.67,72.31,6074.04,False,0.0,28.9,3.9
2025-01-23,SKU111,Water Bottle,Fitness,Vendor A,North,Online,17.0,155.0,79,12,24.6,52.01,884.17,False,0.0,31.3,4.9
2025-12-03,SKU111,Water Bottle,Fitness,Vendor A,North,Online,25.0,109.0,79,12,24.6,52.01,1300.25,False,0.0,20.1,4.7
2025-05-14,SKU110,Smart Watch,Electronics,Vendor D,North,Retail Store,49.0,143.0,88,6,77.96,163.29,8001.21,False,0.0,26.5,5.0
2025-12-01,SKU108,Sports Socks,Apparel,Vendor B,East,Retail Store,95.0,224.0,64,3,56.21,111.36,10579.2,False,0.0,18.9,3.8
2025-10-02,SKU108,Sports Socks,Apparel,Vendor B,East,Online,37.0,99.0,64,3,56.21,111.36,4120.32,False,0.0,27.7,3.7
2025-01-23,SKU108,Sports Socks,Apparel,Vendor B,East,Online,39.0,98.0,64,3,56.21,111.36,4343.04,False,0.0,17.0,3.6
2025-01-26,SKU108,Sports Socks,Apparel,Vendor B,East,Online,59.0,132.0,64,3,56.21,111.36,6570.24,False,0.0,22.7,3.7
2025-04-30,SKU104,Protein Powder,Health,Vendor B,East,Retail Store,17.0,131.0,70,9,49.68,111.64,1897.88,False,0.0,33.4,3.0
2025-06-30,SKU107,Baseball Cap,Accessories,Vendor A,South,Online,46.0,169.0,74,13,46.67,72.31,3326.26,False,0.0,22.6,4.6
2025-10-23,SKU107,Baseball Cap,Accessories,Vendor A,South,Online,89.0,127.0,74,13,46.67,72.31,6435.59,True,37.0,10.6,4.1
2025-07-17,SKU102,Running Shoes,Footwear,Vendor B,West,Online,80.0,209.0,51,14,48.81,90.37,7229.6,True,12.0,17.1,4.6
2025-06-01,SKU108,Sports Socks,Apparel,Vendor B,East,Online,75.0,127.0,64,3,56.21,111.36,8352.0,False,0.0,25.5,4.0
2025-08-13,SKU103,Yoga Mat,Fitness,Vendor C,East,Retail Store,45.0,50.0,42,8,28.05,51.04,2296.8,False,0.0,20.5,3.6
2025-09-19,SKU107,Baseball Cap,Accessories,Vendor A,South,Online,51.0,215.0,74,13,46.67,72.31,3687.81,False,0.0,17.1,3.8
2025-04-14,SKU101,Cotton T-Shirt,Apparel,Vendor A,North,Retail Store,20.0,179.0,74,6,33.5,57.73,1154.6,False,0.0,13.6,4.2
2025-11-19,SKU103,Yoga Mat,Fitness,Vendor C,East,Online,78.0,219.0,42,8,28.05,51.04,3981.12,False,0.0,30.8,4.3
2025-10-07,SKU110,Smart Watch,Electronics,Vendor D,North,Retail Store,72.0,212.0,88,6,77.96,163.29,11756.88,False,0.0,20.8,3.4
2025-09-12,SKU107,Baseball Cap,Accessories,Vendor A,South,Online,55.0,150.0,74,13,46.67,72.31,3977.05,False,0.0,23.4,4.3
2025-09-06,SKU108,Sports Socks,Apparel,Vendor B,East,Online,51.0,102.0,64,3,56.21,111.36,5679.36,False,0.0,29.2,4.8
2025-07-05,SKU105,Sunglasses,Accessories,Vendor A,North,Online,29.0,108.0,59,3,85.64,143.16,4151.64,False,0.0,19.9,4.8
2025-06-08,SKU103,Yoga Mat,Fitness,Vendor C,East,Online,66.0,182.0,42,8,28.05,51.04,3368.64,False,0.0,20.1,3.4
2025-05-20,SKU109,Gym Bag,Fitness,Vendor C,West,Retail Store,11.0,268.0,45,12,73.66,161.49,1776.39,False,0.0,38.4,4.1
2025-03-26,SKU108,Sports Socks,Apparel,Vendor B,East,Online,32.0,92.0,64,3,56.21,111.36,3563.52,False,0.0,22.6,3.7
2025-06-11,SKU111,Water Bottle,Fitness,Vendor A,North,Online,27.0,121.0,79,12,24.6,52.01,1404.27,False,0.0,22.1,4.1
2025-02-15,SKU103,Yoga Mat,Fitness,Vendor C,East,Retail Store,46.0,123.0,42,8,28.05,51.04,2347.84,False,0.0,23.4,3.8
2025-03-29,SKU103,Yoga Mat,Fitness,Vendor C,East,Retail Store,87.0,189.0,42,8,28.05,51.04,4440.48,False,0.0,33.5,4.1
2025-08-12,SKU111,Water Bottle,Fitness,Vendor A,North,Retail Store,17.0,85.0,79,12,24.6,52.01,884.17,False,0.0,24.3,5.0
2025-09-22,SKU102,Running Shoes,Footwear,Vendor B,West,Wholesale,49.0,218.0,51,14,48.81,90.37,4428.13,False,0.0,23.5,3.5
2025-09-27,SKU102,Running Shoes,Footwear,Vendor B,West,Wholesale,61.0,295.0,51,14,48.81,90.37,5512.57,False,0.0,33.2,4.8
2025-02-19,SKU101,Cotton T-Shirt,Apparel,Vendor A,North,Retail Store,16.0,270.0,74,6,33.5,57.73,923.68,False,0.0,25.8,3.9
2025-05-20,SKU112,Hoodie,Apparel,Vendor B,South,Retail Store,26.0,218.0,73,11,65.48,148.54,3862.04,False,0.0,25.7,4.0
2025-03-23,SKU106,Denim Jeans,Apparel,Vendor C,South,Retail Store,91.0,311.0,87,9,71.61,120.54,10969.14,False,0.0,33.7,4.1
2025-11-04,SKU108,Sports Socks,Apparel,Vendor B,East,Retail Store,73.0,245.0,64,3,56.21,111.36,8129.28,False,0.0,46.2,3.8
2025-04-15,SKU102,Running Shoes,Footwear,Vendor B,West,Online,55.0,110.0,51,14,48.81,90.37,4970.35,False,0.0,14.6,4.4
2025-06-11,SKU103,Yoga Mat,Fitness,Vendor C,East,Retail Store,31.0,81.0,42,8,28.05,51.04,1582.24,False,0.0,16.9,4.0
2025-07-26,SKU106,Denim Jeans,Apparel,Vendor C,South,Retail Store,78.0,145.0,87,9,71.61,120.54,9402.12,False,0.0,23.7,4.3
2025-09-10,SKU108,Sports Socks,Apparel,Vendor B,East,Online,58.0,74.0,64,3,56.21,111.36,6458.88,False,0.0,27.4,3.8
2025-05-19,SKU110,Smart Watch,Electronics,Vendor D,North,Online,56.0,219.0,88,6,77.96,163.29,9144.24,False,0.0,25.2,4.5
2025-10-15,SKU102,Running Shoes,Footwear,Vendor B,West,Online,69.0,162.0,51,14,48.81,90.37,6235.53,False,0.0,27.2,3.9
2025-04-18,SKU104,Protein Powder,Health,Vendor B,East,Online,19.0,227.0,70,9,49.68,111.64,2121.16,False,0.0,31.5,5.0
2025-07-13,SKU106,Denim Jeans,Apparel,Vendor C,South,Online,93.0,304.0,87,9,71.61,120.54,11210.22,False,0.0,19.9,5.0
2025-10-06,SKU110,Smart Watch,Electronics,Vendor D,North,Retail Store,69.0,97.0,88,6,77.96,163.29,11267.01,False,0.0,28.0,4.3
2025-04-10,SKU112,Hoodie,Apparel,Vendor B,South,Online,52.0,,73,11,65.48,148.54,7724.08,False,0.0,42.3,4.2
2025-11-28,SKU109,Gym Bag,Fitness,Vendor C,West,Online,17.0,53.0,45,12,73.66,161.49,2745.33,False,0.0,15.5,5.0
2025-02-11,SKU108,Sports Socks,Apparel,Vendor B,East,Online,57.0,194.0,64,3,56.21,111.36,6347.52,False,0.0,24.2,4.4
2025-03-14,SKU101,Cotton T-Shirt,Apparel,Vendor A,North,Retail Store,19.0,122.0,74,6,33.5,57.73,1096.87,False,0.0,31.7,3.8
2025-08-14,SKU102,Running Shoes,Footwear,Vendor B,West,Retail Store,62.0,75.0,51,14,48.81,90.37,5602.94,False,0.0,20.7,3.7
2025-10-27,SKU109,Gym Bag,Fitness,Vendor C,West,Online,9.0,117.0,45,12,73.66,161.49,1453.41,False,0.0,25.5,3.9
2025-07-07,SKU101,Cotton T-Shirt,Apparel,Vendor A,North,Online,18.0,284.0,74,6,33.5,57.73,1039.14,False,0.0,34.5,4.2
2025-11-25,SKU106,Denim Jeans,Apparel,Vendor C,South,Online,109.0,231.0,87,9,71.61,120.54,13138.86,False,0.0,26.8,4.6
2025-01-13,SKU103,Yoga Mat,Fitness,Vendor C,East,Online,25.0,54.0,42,8,28.05,51.04,1276.0,False,0.0,19.0,3.7
2025-03-30,SKU106,Denim Jeans,Apparel,Vendor C,South,Online,85.0,99.0,87,9,71.61,120.54,10245.9,False,0.0,19.3,4.6
2025-10-28,SKU108,Sports Socks,Apparel,Vendor B,East,Online,61.0,97.0,64,3,56.21,111.36,6792.96,False,0.0,18.7,2.5
2025-03-29,SKU111,Water Bottle,Fitness,Vendor A,North,Retail Store,30.0,122.0,79,12,24.6,52.01,1560.3,False,0.0,25.6,4.7
2025-03-05,SKU103,Yoga Mat,Fitness,Vendor C,East,Online,57.0,278.0,42,8,28.05,51.04,2909.28,False,0.0,19.6,3.2
2025-12-18,SKU112,Hoodie,Apparel,Vendor B,South,Online,66.0,124.0,73,11,65.48,148.54,9803.64,False,0.0,20.5,3.6
2025-06-30,SKU103,Yoga Mat,Fitness,Vendor C,East,Online,59.0,170.0,42,8,28.05,51.04,3011.36,False,0.0,17.0,4.9
2025-02-24,SKU101,Cotton T-Shirt,Apparel,Vendor A,North,Retail Store,12.0,201.0,74,6,33.5,57.73,692.76,False,0.0,24.0,4.6
2025-02-10,SKU108,Sports Socks,Apparel,Vendor B,East,Wholesale,24.0,251.0,64,3,56.21,111.36,2672.64,False,0.0,22.1,4.7
2025-04-13,SKU102,Running Shoes,Footwear,Vendor B,West,Retail Store,,60.0,51,14,48.81,90.37,6777.75,False,0.0,31.5,4.1
2025-01-24,SKU103,Yoga Mat,Fitness,Vendor C,East,Online,24.0,55.0,42,8,28.05,51.04,1224.96,False,0.0,17.3,4.4
2025-07-06,SKU110,Smart Watch,Electronics,Vendor D,North,Retail Store,90.0,230.0,88,6,77.96,163.29,14696.1,False,0.0,18.7,4.4
2025-09-20,SKU112,Hoodie,Apparel,Vendor B,South,Wholesale,54.0,115.0,73,11,65.48,148.54,8021.16,False,0.0,21.6,3.6
2025-08-28,SKU112,Hoodie,Apparel,Vendor B,South,Online,54.0,83.0,73,11,65.48,148.54,8021.16,False,0.0,26.8,3.6
2025-02-05,SKU109,Gym Bag,Fitness,Vendor C,West,Online,10.0,141.0,45,12,73.66,161.49,1614.9,False,0.0,28.7,3.8
2025-07-24,SKU104,Protein Powder,Health,Vendor B,East,Online,14.0,308.0,70,9,49.68,111.64,1562.96,False,0.0,29.1,3.9
2025-08-08,SKU107,Baseball Cap,Accessories,Vendor A,South,Retail Store,50.0,198.0,74,13,46.67,72.31,3615.5,False,0.0,22.7,4.1
2025-06-13,SKU110,Smart Watch,Electronics,Vendor D,North,Online,71.0,168.0,88,6,77.96,163.29,11593.59,False,0.0,22.1,4.5
2025-02-05,SKU103,Yoga Mat,Fitness,Vendor C,East,Retail Store,31.0,47.0,42,8,28.05,51.04,1582.24,False,0.0,24.4,4.4
2025-02-10,SKU101,Cotton T-Shirt,Apparel,Vendor A,North,Online,10.0,192.0,74,6,33.5,57.73,577.3,False,0.0,34.6,5.0
2025-11-26,SKU103,Yoga Mat,Fitness,Vendor C,East,Online,58.0,215.0,42,8,28.05,51.04,2960.32,False,0.0,16.8,3.6
2025-01-11,SKU104,Protein Powder,Health,Vendor B,East,Retail Store,25.0,118.0,70,9,49.68,111.64,2791.0,False,0.0,26.7,4.1
2025-11-23,SKU108,Sports Socks,Apparel,Vendor B,East,Online,106.0,100.0,64,3,56.21,111.36,11804.16,False,0.0,31.5,4.1
2025-10-15,SKU110,Smart Watch,Electronics,Vendor D,North,Online,67.0,206.0,88,6,77.96,163.29,10940.43,True,24.0,31.9,4.2
2025-02-19,SKU106,Denim Jeans,Apparel,Vendor C,South,Online,54.0,242.0,87,9,71.61,120.54,6509.16,False,0.0,19.9,4.7
2025-08-26,SKU102,Running Shoes,Footwear,Vendor B,West,Retail Store,55.0,120.0,51,14,48.81,90.37,4970.35,False,0.0,31.6,3.4
2025-03-01,SKU103,Yoga Mat,Fitness,Vendor C,East,Online,55.0,225.0,42,8,28.05,51.04,2807.2,False,0.0,22.6,4.2
2025-07-17,SKU104,Protein Powder,Health,Vendor B,East,Wholesale,23.0,204.0,70,9,49.68,111.64,2567.72,False,0.0,11.7,5.0
2025-04-28,SKU112,Hoodie,Apparel,Vendor B,South,Retail Store,53.0,139.0,73,11,65.48,148.54,7872.62,False,0.0,28.1,5.0
2025-04-25,SKU102,Running Shoes,Footwear,Vendor B,West,Online,33.0,214.0,51,14,48.81,90.37,2982.21,False,0.0,29.4,3.6
2025-03-08,SKU109,Gym Bag,Fitness,Vendor C,West,Online,19.0,173.0,45,12,73.66,161.49,3068.31,False,0.0,12.4,4.6
2025-11-25,SKU101,Cotton T-Shirt,Apparel,Vendor A,North,Online,24.0,189.0,74,6,33.5,57.73,1385.52,False,0.0,25.1,4.5
2025-09-02,SKU112,Hoodie,Apparel,Vendor B,South,Retail Store,30.0,212.0,73,11,65.48,148.54,4456.2,False,0.0,19.2,4.7
2025-08-11,SKU106,Denim Jeans,Apparel,Vendor C,South,Online,50.0,198.0,87,9,71.61,120.54,6027.0,False,0.0,32.2,3.7
2025-05-29,SKU109,Gym Bag,Fitness,Vendor C,West,Retail Store,14.0,147.0,45,12,73.66,161.49,2260.86,False,0.0,28.3,3.7
2025-05-03,SKU102,Running Shoes,Footwear,Vendor B,West,Retail Store,77.0,236.0,51,14,48.81,90.37,6958.49,False,0.0,12.1,3.3
2025-06-20,SKU103,Yoga Mat,Fitness,Vendor C,East,Online,53.0,63.0,42,8,28.05,51.04,2705.12,False,0.0,15.0,4.0
2025-04-12,SKU101,Cotton T-Shirt,Apparel,Vendor A,North,Wholesale,23.0,91.0,74,6,33.5,57.73,1327.79,False,0.0,15.1,4.0
2025-07-23,SKU106,Denim Jeans,Apparel,Vendor C,South,Online,61.0,151.0,87,9,71.61,120.54,7352.94,False,0.0,17.5,3.8
2025-03-16,SKU109,Gym Bag,Fitness,Vendor C,West,Retail Store,18.0,66.0,45,12,73.66,161.49,2906.82,False,0.0,28.5,3.8
2025-04-21,SKU109,Gym Bag,Fitness,Vendor C,West,Online,12.0,154.0,45,12,73.66,161.49,1937.88,False,0.0,21.9,3.8
2025-09-27,SKU105,Sunglasses,Accessories,Vendor A,North,Online,32.0,275.0,59,3,85.64,143.16,4581.12,False,0.0,10.6,4.5
2025-11-08,SKU107,Baseball Cap,Accessories,Vendor A,South,Retail Store,123.0,181.0,74,13,46.67,72.31,8894.13,False,0.0,25.8,3.9
2025-08-26,SKU106,Denim Jeans,Apparel,Vendor C,South,Online,67.0,97.0,87,9,71.61,120.54,8076.18,False,0.0,29.6,5.0
2025-05-03,SKU109,Gym Bag,Fitness,Vendor C,West,Online,12.0,216.0,45,12,73.66,161.49,1937.88,False,0.0,30.9,3.2
2025-11-24,SKU103,Yoga Mat,Fitness,Vendor C,East,Online,79.0,130.0,42,8,28.05,51.04,4032.16,False,0.0,36.6,4.1
2025-05-20,SKU111,Water Bottle,Fitness,Vendor A,North,Retail Store,44.0,138.0,79,12,24.6,52.01,2288.44,True,16.0,20.8,3.2
2025-04-05,SKU105,Sunglasses,Accessories,Vendor A,North,Retail Store,33.0,108.0,59,3,85.64,143.16,4724.28,False,0.0,31.3,4.3
2025-06-23,SKU108,Sports Socks,Apparel,Vendor B,East,Retail Store,46.0,225.0,64,3,56.21,111.36,5122.56,False,0.0,24.6,4.4
2025-12-20,SKU102,Running Shoes,Footwear,Vendor B,West,Online,129.0,215.0,51,14,48.81,90.37,11657.73,False,0.0,16.2,4.5
2025-01-17,SKU108,Sports Socks,Apparel,Vendor B,East,Retail Store,22.0,107.0,64,3,56.21,111.36,2449.92,False,0.0,14.0,4.6
2025-03-02,SKU112,Hoodie,Apparel,Vendor B,South,Online,104.0,288.0,73,11,65.48,148.54,15448.16,True,25.0,14.1,4.3
2025-11-05,SKU104,Protein Powder,Health,Vendor B,East,Online,25.0,188.0,70,9,49.68,111.64,2791.0,False,0.0,16.8,3.5
2025-04-21,SKU105,Sunglasses,Accessories,Vendor A,North,Online,15.0,234.0,59,3,85.64,143.16,2147.4,False,0.0,40.5,3.6
2025-08-17,SKU110,Smart Watch,Electronics,Vendor D,North,Retail Store,97.0,246.0,88,6,77.96,163.29,15839.13,False,0.0,23.5,4.6
2025-11-23,SKU110,Smart Watch,Electronics,Vendor D,North,Online,128.0,273.0,88,6,77.96,163.29,20901.12,False,0.0,20.4,4.1
2025-03-03,SKU112,Hoodie,Apparel,Vendor B,South,Online,26.0,262.0,73,11,65.48,148.54,3862.04,False,0.0,29.2,3.6
2025-12-26,SKU109,Gym Bag,Fitness,Vendor C,West,Online,18.0,115.0,45,12,73.66,161.49,2906.82,False,0.0,38.2,4.4
2025-04-27,SKU107,Baseball Cap,Accessories,Vendor A,South,Retail Store,75.0,127.0,74,13,46.67,72.31,5423.25,False,0.0,19.7,3.7
2025-07-20,SKU109,Gym Bag,Fitness,Vendor C,West,Online,11.0,92.0,45,12,73.66,161.49,1776.39,False,0.0,18.2,4.4
2025-02-18,SKU104,Protein Powder,Health,Vendor B,East,Retail Store,14.0,207.0,70,9,49.68,111.64,1562.96,True,14.0,30.9,3.1
2025-01-02,SKU107,Baseball Cap,Accessories,Vendor A,South,Retail Store,18.0,329.0,74,13,46.67,72.31,1301.58,False,0.0,17.8,4.3
2025-02-07,SKU109,Gym Bag,Fitness,Vendor C,West,Wholesale,11.0,123.0,45,12,73.66,161.49,1776.39,False,0.0,17.0,4.7
2025-09-13,SKU108,Sports Socks,Apparel,Vendor B,East,Retail Store,72.0,105.0,64,3,56.21,111.36,8017.92,False,0.0,20.2,3.3
2025-11-15,SKU101,Cotton T-Shirt,Apparel,Vendor A,North,Online,40.0,172.0,74,6,33.5,57.73,2309.2,False,0.0,12.4,4.5
2025-01-07,SKU108,Sports Socks,Apparel,Vendor B,East,Wholesale,38.0,123.0,64,3,56.21,111.36,4231.68,False,0.0,15.6,4.3
2025-10-30,SKU101,Cotton T-Shirt,Apparel,Vendor A,North,Retail Store,24.0,130.0,74,6,33.5,57.73,1385.52,True,37.0,24.4,4.2
2025-06-25,SKU106,Denim Jeans,Apparel,Vendor C,South,Online,59.0,134.0,87,9,71.61,120.54,7111.86,False,0.0,17.8,4.5
2025-03-17,SKU101,Cotton T-Shirt,Apparel,Vendor A,North,Retail Store,20.0,303.0,74,6,33.5,57.73,1154.6,False,0.0,18.8,3.9
2025-08-18,SKU112,Hoodie,Apparel,Vendor B,South,Retail Store,47.0,135.0,73,11,65.48,148.54,6981.38,False,0.0,27.2,3.5
2025-10-06,SKU106,Denim Jeans,Apparel,Vendor C,South,Online,74.0,133.0,87,9,71.61,120.54,8919.96,False,0.0,27.0,3.9
2025-10-05,SKU109,Gym Bag,Fitness,Vendor C,West,Retail Store,17.0,137.0,45,12,73.66,161.49,2745.33,False,0.0,18.7,4.2
2025-08-27,SKU103,Yoga Mat,Fitness,Vendor C,East,Online,36.0,193.0,42,8,28.05,51.04,1837.44,False,0.0,22.3,4.1
2025-08-01,SKU112,Hoodie,Apparel,Vendor B,South,Online,43.0,107.0,73,11,65.48,148.54,6387.22,False,0.0,20.3,3.6
2025-01-27,SKU111,Water Bottle,Fitness,Vendor A,North,Online,14.0,342.0,79,12,24.6,52.01,728.14,False,0.0,23.5,4.3
2025-05-26,SKU103,Yoga Mat,Fitness,Vendor C,East,Online,59.0,117.0,42,8,28.05,51.04,3011.36,False,0.0,31.5,3.9
2025-06-02,SKU111,Water Bottle,Fitness,Vendor A,North,Retail Store,30.0,123.0,79,12,24.6,52.01,1560.3,False,0.0,15.8,4.2
2025-05-02,SKU107,Baseball Cap,Accessories,Vendor A,South,Retail Store,39.0,263.0,74,13,46.67,72.31,2820.09,False,0.0,28.7,3.2
2025-04-18,SKU111,Water Bottle,Fitness,Vendor A,North,Online,34.0,145.0,79,12,24.6,52.01,1768.34,False,0.0,18.6,4.2
2025-04-05,SKU103,Yoga Mat,Fitness,Vendor C,East,Online,65.0,116.0,42,8,28.05,51.04,3317.6,False,0.0,31.7,4.2
2025-06-30,SKU111,Water Bottle,Fitness,Vendor A,North,Retail Store,28.0,327.0,79,12,24.6,52.01,1456.28,False,0.0,34.1,3.7
2025-12-26,SKU111,Water Bottle,Fitness,Vendor A,North,Online,32.0,255.0,79,12,24.6,52.01,1664.32,False,0.0,29.8,4.5
2025-10-20,SKU108,Sports Socks,Apparel,Vendor B,East,Online,43.0,211.0,64,3,56.21,111.36,4788.48,False,0.0,21.2,4.3
2025-11-12,SKU110,Smart Watch,Electronics,Vendor D,North,Online,97.0,113.0,88,6,77.96,163.29,15839.13,False,0.0,23.1,3.5
2025-01-24,SKU101,Cotton T-Shirt,Apparel,Vendor A,North,Online,14.0,203.0,74,6,33.5,57.73,808.22,False,0.0,19.6,4.7
2025-10-19,SKU102,Running Shoes,Footwear,Vendor B,West,Online,71.0,158.0,51,14,48.81,90.37,6416.27,False,0.0,8.4,4.2
2025-05-01,SKU108,Sports Socks,Apparel,Vendor B,East,Retail Store,55.0,273.0,64,3,56.21,111.36,6124.8,False,0.0,14.4,4.3
2025-12-31,SKU108,Sports Socks,Apparel,Vendor B,East,Wholesale,70.0,125.0,64,3,56.21,111.36,7795.2,False,0.0,13.2,4.7
2025-01-10,SKU102,Running Shoes,Footwear,Vendor B,West,Online,46.0,166.0,51,14,48.81,90.37,4157.02,False,0.0,23.1,4.4
2025-04-02,SKU107,Baseball Cap,Accessories,Vendor A,South,Online,57.0,142.0,74,13,46.67,72.31,4121.67,False,0.0,33.5,4.1
2025-05-13,SKU107,Baseball Cap,Accessories,Vendor A,South,Online,62.0,101.0,74,13,46.67,72.31,4483.22,False,0.0,35.7,4.6
2025-08-21,SKU104,Protein Powder,Health,Vendor B,East,Retail Store,16.0,172.0,70,9,49.68,111.64,1786.24,False,0.0,28.2,4.1
2025-07-19,SKU106,Denim Jeans,Apparel,Vendor C,South,Online,79.0,199.0,87,9,71.61,120.54,9522.66,False,0.0,21.0,4.5
2025-01-11,SKU110,Smart Watch,Electronics,Vendor D,North,Online,66.0,122.0,88,6,77.96,163.29,10777.14,False,0.0,24.4,3.5
2025-12-19,SKU109,Gym Bag,Fitness,Vendor C,West,Online,22.0,119.0,45,12,73.66,161.49,3552.78,False,0.0,26.4,3.4
2025-03-17,SKU111,Water Bottle,Fitness,Vendor A,North,Online,23.0,126.0,79,12,24.6,52.01,1196.23,False,0.0,41.6,4.5
2025-05-16,SKU110,Smart Watch,Electronics,Vendor D,North,Retail Store,60.0,186.0,88,6,77.96,163.29,9797.4,False,0.0,27.9,3.8
2025-07-01,SKU111,Water Bottle,Fitness,Vendor A,North,Online,38.0,289.0,79,12,24.6,52.01,1976.38,False,0.0,14.5,4.5
2025-07-10,SKU112,Hoodie,Apparel,Vendor B,South,Online,43.0,106.0,73,11,65.48,148.54,6387.22,False,0.0,23.0,4.5
2025-05-09,SKU103,Yoga Mat,Fitness,Vendor C,East,Retail Store,37.0,161.0,42,8,28.05,51.04,1888.48,False,0.0,31.7,4.2
2025-04-13,SKU112,Hoodie,Apparel,Vendor B,South,Online,55.0,172.0,73,11,65.48,148.54,8169.7,False,0.0,13.1,3.8
2025-01-17,SKU104,Protein Powder,Health,Vendor B,East,Online,12.0,174.0,70,9,49.68,111.64,1339.68,False,0.0,28.4,4.9
2025-05-03,SKU112,Hoodie,Apparel,Vendor B,South,Online,67.0,107.0,73,11,65.48,148.54,9952.18,False,0.0,24.5,4.4
2025-07-24,SKU109,Gym Bag,Fitness,Vendor C,West,Online,9.0,50.0,45,12,73.66,161.49,1453.41,False,0.0,30.1,3.8
2025-08-04,SKU107,Baseball Cap,Accessories,Vendor A,South,Retail Store,61.0,146.0,74,13,46.67,72.31,4410.91,False,0.0,30.0,4.7
2025-01-16,SKU103,Yoga Mat,Fitness,Vendor C,East,Online,31.0,105.0,42,8,28.05,51.04,1582.24,False,0.0,32.4,4.5
2025-06-14,SKU107,Baseball Cap,Accessories,Vendor A,South,Online,64.0,298.0,74,13,46.67,72.31,4627.84,False,0.0,23.6,3.7
2025-04-29,SKU102,Running Shoes,Footwear,Vendor B,West,Online,44.0,139.0,51,14,48.81,90.37,3976.28,False,0.0,14.7,4.7
2025-07-07,SKU112,Hoodie,Apparel,Vendor B,South,Online,33.0,233.0,73,11,65.48,148.54,4901.82,False,0.0,28.4,4.2
2025-03-18,SKU111,Water Bottle,Fitness,Vendor A,North,Online,22.0,104.0,79,12,24.6,52.01,1144.22,False,0.0,20.2,3.7
2025-04-07,SKU111,Water Bottle,Fitness,Vendor A,North,Retail Store,29.0,89.0,79,12,24.6,52.01,1508.29,False,0.0,24.4,4.2
2025-07-12,SKU108,Sports Socks,Apparel,Vendor B,East,Online,61.0,117.0,64,3,56.21,111.36,6792.96,False,0.0,24.2,3.8
2025-02-08,SKU110,Smart Watch,Electronics,Vendor D,North,Wholesale,57.0,89.0,88,6,77.96,163.29,9307.53,False,0.0,25.3,3.9
2025-12-07,SKU108,Sports Socks,Apparel,Vendor B,East,Retail Store,129.0,134.0,64,3,56.21,111.36,14365.44,False,0.0,31.1,4.2
2025-12-01,SKU106,Denim Jeans,Apparel,Vendor C,South,Retail Store,105.0,240.0,87,9,71.61,120.54,12656.7,False,0.0,11.9,5.0
2025-03-18,SKU109,Gym Bag,Fitness,Vendor C,West,Retail Store,12.0,171.0,45,12,73.66,161.49,1937.88,False,0.0,11.2,3.5
2025-07-18,SKU101,Cotton T-Shirt,Apparel,Vendor A,North,Online,26.0,335.0,74,6,33.5,57.73,1500.98,False,0.0,28.7,3.7
2025-07-15,SKU112,Hoodie,Apparel,Vendor B,South,Retail Store,52.0,244.0,73,11,65.48,148.54,7724.08,False,0.0,15.5,4.2
2025-07-14,SKU102,Running Shoes,Footwear,Vendor B,West,Retail Store,55.0,187.0,51,14,48.81,90.37,4970.35,False,0.0,22.5,3.9
2025-04-07,SKU107,Baseball Cap,Accessories,Vendor A,South,Wholesale,49.0,305.0,74,13,46.67,72.31,3543.19,False,0.0,19.3,4.8
2025-01-07,SKU110,Smart Watch,Electronics,Vendor D,North,Retail Store,41.0,130.0,88,6,77.96,163.29,6694.89,False,0.0,23.7,3.9
2025-12-10,SKU103,Yoga Mat,Fitness,Vendor C,East,Retail Store,77.0,126.0,42,8,28.05,51.04,3930.08,False,0.0,26.0,3.6
2025-11-28,SKU103,Yoga Mat,Fitness,Vendor C,East,Retail Store,78.0,59.0,42,8,28.05,51.04,3981.12,False,0.0,18.9,5.0
2025-04-04,SKU111,Water Bottle,Fitness,Vendor A,North,Online,25.0,181.0,79,12,24.6,52.01,1300.25,False,0.0,25.7,3.7
2025-11-20,SKU105,Sunglasses,Accessories,Vendor A,North,Online,27.0,95.0,59,3,85.64,143.16,3865.32,False,0.0,32.5,3.9
2025-09-06,SKU107,Baseball Cap,Accessories,Vendor A,South,Online,86.0,103.0,74,13,46.67,72.31,6218.66,False,0.0,33.0,4.0
2025-08-03,SKU112,Hoodie,Apparel,Vendor B,South,Retail Store,64.0,188.0,73,11,65.48,148.54,9506.56,False,0.0,23.1,3.4
2025-09-06,SKU111,Water Bottle,Fitness,Vendor A,North,Retail Store,40.0,225.0,79,12,24.6,52.01,2080.4,False,0.0,21.0,3.6
2025-07-10,SKU111,Water Bottle,Fitness,Vendor A,North,Online,14.0,201.0,79,12,24.6,52.01,728.14,False,0.0,23.1,4.6
2025-10-30,SKU108,Sports Socks,Apparel,Vendor B,East,Online,51.0,226.0,64,3,56.21,111.36,5679.36,False,0.0,26.8,4.1
2025-05-19,SKU108,Sports Socks,Apparel,Vendor B,East,Online,100.0,126.0,64,3,56.21,111.36,11136.0,True,27.0,19.0,4.2
2025-09-04,SKU110,Smart Watch,Electronics,Vendor D,North,Online,70.0,279.0,88,6,77.96,163.29,11430.3,False,0.0,16.5,4.8
2025-01-29,SKU112,Hoodie,Apparel,Vendor B,South,Retail Store,25.0,78.0,73,11,65.48,148.54,3713.5,False,0.0,17.5,3.8
2025-03-10,SKU111,Water Bottle,Fitness,Vendor A,North,Retail Store,27.0,199.0,79,12,24.6,52.01,1404.27,False,0.0,13.3,3.9
2025-06-14,SKU105,Sunglasses,Accessories,Vendor A,North,Retail Store,32.0,319.0,59,3,85.64,143.16,4581.12,False,0.0,27.5,4.1
2025-12-04,SKU101,Cotton T-Shirt,Apparel,Vendor A,North,Retail Store,29.0,317.0,74,6,33.5,57.73,1674.17,False,0.0,30.1,3.4
2025-09-19,SKU108,Sports Socks,Apparel,Vendor B,East,Online,46.0,269.0,64,3,56.21,111.36,5122.56,False,0.0,11.2,4.3
2025-11-17,SKU104,Protein Powder,Health,Vendor B,East,Wholesale,37.0,210.0,70,9,49.68,111.64,4130.68,False,0.0,21.9,4.1
2025-06-24,SKU103,Yoga Mat,Fitness,Vendor C,East,Online,35.0,114.0,42,8,28.05,51.04,1786.4,False,0.0,20.3,4.2
2025-03-24,SKU109,Gym Bag,Fitness,Vendor C,West,Online,12.0,88.0,45,12,73.66,161.49,1937.88,False,0.0,29.9,4.7
2025-11-08,SKU109,Gym Bag,Fitness,Vendor C,West,Retail Store,27.0,169.0,45,12,73.66,161.49,4360.23,False,0.0,20.5,4.5
2025-12-04,SKU104,Protein Powder,Health,Vendor B,East,Online,27.0,237.0,70,9,49.68,111.64,3014.28,False,0.0,25.0,4.6
2025-08-19,SKU106,Denim Jeans,Apparel,Vendor C,South,Wholesale,61.0,148.0,87,9,71.61,120.54,7352.94,False,0.0,27.1,4.2
2025-03-26,SKU101,Cotton T-Shirt,Apparel,Vendor A,North,Wholesale,17.0,123.0,74,6,33.5,57.73,981.41,False,0.0,13.8,3.7
2025-03-11,SKU110,Smart Watch,Electronics,Vendor D,North,Retail Store,65.0,155.0,88,6,77.96,163.29,10613.85,False,0.0,28.3,3.8
2025-09-28,SKU104,Protein Powder,Health,Vendor B,East,Retail Store,31.0,191.0,70,9,49.68,111.64,3460.84,False,0.0,2.3,3.7
2025-05-12,SKU101,Cotton T-Shirt,Apparel,Vendor A,North,Online,28.0,83.0,74,6,33.5,57.73,1616.44,False,0.0,25.8,4.1
2025-08-25,SKU104,Protein Powder,Health,Vendor B,East,Online,25.0,287.0,70,9,49.68,111.64,2791.0,False,0.0,24.3,4.3
2025-02-01,SKU109,Gym Bag,Fitness,Vendor C,West,Wholesale,9.0,176.0,45,12,73.66,161.49,1453.41,False,0.0,31.7,4.5
2025-11-29,SKU105,Sunglasses,Accessories,Vendor A,North,Retail Store,48.0,124.0,59,3,85.64,143.16,6871.68,False,0.0,33.2,3.7
2025-02-18,SKU106,Denim Jeans,Apparel,Vendor C,South,Online,52.0,91.0,87,9,71.61,120.54,6268.08,False,0.0,25.3,
2025-11-14,SKU106,Denim Jeans,Apparel,Vendor C,South,Online,110.0,199.0,87,9,71.61,120.54,13259.4,False,0.0,25.7,4.9
2025-07-19,SKU107,Baseball Cap,Accessories,Vendor A,South,Retail Store,81.0,169.0,74,13,46.67,72.31,5857.11,False,0.0,32.6,4.3
2025-01-17,SKU109,Gym Bag,Fitness,Vendor C,West,Online,7.0,56.0,45,12,73.66,161.49,1130.43,False,0.0,18.0,4.6
2025-10-12,SKU103,Yoga Mat,Fitness,Vendor C,East,Retail Store,44.0,74.0,42,8,28.05,51.04,2245.76,False,0.0,26.5,3.8
2025-03-09,SKU109,Gym Bag,Fitness,Vendor C,West,Retail Store,15.0,158.0,45,12,73.66,161.49,2422.35,False,0.0,26.5,3.4
2025-03-28,SKU103,Yoga Mat,Fitness,Vendor C,East,Online,35.0,78.0,42,8,28.05,51.04,1786.4,False,0.0,28.8,4.3
2025-06-08,SKU106,Denim Jeans,Apparel,Vendor C,South,Online,96.0,277.0,87,9,71.61,120.54,11571.84,False,0.0,23.8,3.8
2025-02-27,SKU109,Gym Bag,Fitness,Vendor C,West,Retail Store,9.0,121.0,45,12,73.66,161.49,1453.41,False,0.0,26.1,4.3
2025-07-04,SKU105,Sunglasses,Accessories,Vendor A,North,Retail Store,27.0,137.0,59,3,85.64,143.16,3865.32,False,0.0,28.3,3.2
2025-02-22,SKU106,Denim Jeans,Apparel,Vendor C,South,Online,62.0,98.0,87,9,71.61,120.54,7473.48,False,0.0,11.9,3.5
2025-04-14,SKU106,Denim Jeans,Apparel,Vendor C,South,Online,73.0,238.0,87,9,71.61,120.54,8799.42,False,0.0,32.4,3.9
2025-05-12,SKU111,Water Bottle,Fitness,Vendor A,North,Online,29.0,102.0,79,12,24.6,52.01,1508.29,False,0.0,27.1,5.0
2025-07-24,SKU101,Cotton T-Shirt,Apparel,Vendor A,North,Retail Store,19.0,198.0,74,6,33.5,57.73,1096.87,False,0.0,21.5,4.1
2025-12-10,SKU104,Protein Powder,Health,Vendor B,East,Wholesale,29.0,237.0,70,9,49.68,111.64,3237.56,False,0.0,22.5,4.2
2025-05-02,SKU102,Running Shoes,Footwear,Vendor B,West,Online,48.0,89.0,51,14,48.81,90.37,4337.76,False,0.0,22.4,3.5
2025-10-29,SKU106,Denim Jeans,Apparel,Vendor C,South,Online,60.0,138.0,87,9,71.61,120.54,7232.4,False,0.0,27.6,4.6
2025-03-31,SKU101,Cotton T-Shirt,Apparel,Vendor A,North,Online,21.0,157.0,74,6,33.5,57.73,1212.33,False,0.0,33.6,4.8
2025-08-09,SKU106,Denim Jeans,Apparel,Vendor C,South,Wholesale,90.0,332.0,87,9,71.61,120.54,10848.6,False,0.0,25.9,3.4
2025-01-05,SKU101,Cotton T-Shirt,Apparel,Vendor A,North,Online,16.0,290.0,74,6,33.5,57.73,923.68,False,0.0,18.1,5.0
2025-03-04,SKU101,Cotton T-Shirt,Apparel,Vendor A,North,Online,22.0,212.0,74,6,33.5,57.73,1270.06,False,0.0,24.3,3.8
2025-08-11,SKU102,Running Shoes,Footwear,Vendor B,West,Wholesale,63.0,54.0,51,14,48.81,90.37,5693.31,False,0.0,27.6,5.0
2025-03-25,SKU103,Yoga Mat,Fitness,Vendor C,East,Online,61.0,44.0,42,8,28.05,51.04,3113.44,False,0.0,22.6,4.9
2025-09-29,SKU111,Water Bottle,Fitness,Vendor A,North,Online,31.0,244.0,79,12,24.6,52.01,1612.31,False,0.0,15.0,4.4
2025-08-08,SKU101,Cotton T-Shirt,Apparel,Vendor A,North,Online,22.0,202.0,74,6,33.5,57.73,1270.06,False,0.0,17.1,4.8
2025-05-30,SKU101,Cotton T-Shirt,Apparel,Vendor A,North,Retail Store,20.0,290.0,74,6,33.5,57.73,1154.6,False,0.0,27.3,4.3
2025-03-23,SKU104,Protein Powder,Health,Vendor B,East,Online,31.0,101.0,70,9,49.68,111.64,3460.84,False,0.0,20.2,3.6
2025-04-18,SKU103,Yoga Mat,Fitness,Vendor C,East,Online,42.0,149.0,42,8,28.05,51.04,2143.68,False,0.0,28.0,3.1
2025-06-15,SKU107,Baseball Cap,Accessories,Vendor A,South,Retail Store,64.0,234.0,74,13,46.67,72.31,4627.84,False,0.0,11.7,4.8
2025-07-06,SKU111,Water Bottle,Fitness,Vendor A,North,Online,36.0,141.0,79,12,24.6,52.01,1872.36,False,0.0,19.6,3.8
2025-08-31,SKU104,Protein Powder,Health,Vendor B,East,Online,44.0,105.0,70,9,49.68,111.64,4912.16,True,14.0,26.6,3.7
2025-05-13,SKU104,Protein Powder,Health,Vendor B,East,Online,,308.0,70,9,49.68,111.64,1451.32,False,0.0,29.0,4.2
2025-12-30,SKU108,Sports Socks,Apparel,Vendor B,East,Online,104.0,195.0,64,3,56.21,111.36,11581.44,False,0.0,8.0,4.9
2025-10-29,SKU101,Cotton T-Shirt,Apparel,Vendor A,North,Retail Store,19.0,154.0,74,6,33.5,57.73,1096.87,False,0.0,25.9,5.0
2025-03-22,SKU105,Sunglasses,Accessories,Vendor A,North,Online,33.0,262.0,59,3,85.64,143.16,4724.28,False,0.0,38.4,4.8
2025-03-24,SKU110,Smart Watch,Electronics,Vendor D,North,Retail Store,54.0,139.0,88,6,77.96,163.29,8817.66,False,0.0,15.5,4.3
2025-12-08,SKU103,Yoga Mat,Fitness,Vendor C,East,Online,84.0,170.0,42,8,28.05,51.04,4287.36,False,0.0,36.7,3.8
2025-06-19,SKU110,Smart Watch,Electronics,Vendor D,North,Retail Store,66.0,206.0,88,6,77.96,163.29,10777.14,False,0.0,26.2,5.0
2025-01-01,SKU108,Sports Socks,Apparel,Vendor B,East,Retail Store,16.0,149.0,64,3,56.21,111.36,1781.76,False,0.0,25.5,3.9
2025-02-28,SKU104,Protein Powder,Health,Vendor B,East,Online,9.0,159.0,70,9,49.68,111.64,1004.76,False,0.0,23.3,3.6
2025-10-18,SKU108,Sports Socks,Apparel,Vendor B,East,Online,132.0,328.0,64,3,56.21,111.36,14699.52,True,38.0,24.4,4.3
2025-11-30,SKU107,Baseball Cap,Accessories,Vendor A,South,Retail Store,91.0,137.0,74,13,46.67,72.31,6580.21,False,0.0,19.8,4.4
2025-10-08,SKU112,Hoodie,Apparel,Vendor B,South,Retail Store,20.0,116.0,73,11,65.48,148.54,2970.8,True,10.0,13.8,4.5
2025-11-20,SKU101,Cotton T-Shirt,Apparel,Vendor A,North,Online,18.0,204.0,74,6,33.5,57.73,1039.14,False,0.0,34.9,4.4
2025-12-25,SKU104,Protein Powder,Health,Vendor B,East,Wholesale,25.0,111.0,70,9,49.68,111.64,2791.0,False,0.0,31.8,4.4
2025-11-06,SKU109,Gym Bag,Fitness,Vendor C,West,Online,16.0,212.0,45,12,73.66,161.49,2583.84,False,0.0,16.0,4.2
2025-11-10,SKU112,Hoodie,Apparel,Vendor B,South,Online,77.0,102.0,73,11,65.48,148.54,11437.58,False,0.0,35.3,4.3
2025-01-01,SKU104,Protein Powder,Health,Vendor B,East,Retail Store,15.0,300.0,70,9,49.68,111.64,1674.6,False,0.0,35.4,4.4
2025-03-25,SKU109,Gym Bag,Fitness,Vendor C,West,Online,10.0,78.0,45,12,73.66,161.49,1614.9,False,0.0,29.3,4.2
2025-11-24,SKU102,Running Shoes,Footwear,Vendor B,West,Retail Store,76.0,73.0,51,14,48.81,90.37,6868.12,False,0.0,22.8,4.6
2025-11-26,SKU104,Protein Powder,Health,Vendor B,East,Online,29.0,255.0,70,9,49.68,111.64,3237.56,False,0.0,25.3,4.1
2025-09-10,SKU111,Water Bottle,Fitness,Vendor A,North,Online,23.0,118.0,79,12,24.6,52.01,1196.23,False,0.0,44.8,3.6
2025-08-13,SKU106,Denim Jeans,Apparel,Vendor C,South,Retail Store,38.0,116.0,87,9,71.61,120.54,4580.52,False,0.0,15.5,3.9
2025-02-18,SKU110,Smart Watch,Electronics,Vendor D,North,Online,48.0,218.0,88,6,77.96,163.29,7837.92,False,0.0,24.1,3.6
2025-01-13,SKU106,Denim Jeans,Apparel,Vendor C,South,Online,92.0,97.0,87,9,71.61,120.54,11089.68,True,23.0,23.3,4.4
2025-03-13,SKU111,Water Bottle,Fitness,Vendor A,North,Online,26.0,132.0,79,12,24.6,52.01,1352.26,False,0.0,32.4,4.3
2025-10-06,SKU105,Sunglasses,Accessories,Vendor A,North,Retail Store,18.0,66.0,59,3,85.64,143.16,2576.88,False,0.0,38.6,3.7
2025-05-01,SKU109,Gym Bag,Fitness,Vendor C,West,Retail Store,16.0,244.0,45,12,73.66,161.49,2583.84,False,0.0,34.0,4.0
2025-10-31,SKU101,Cotton T-Shirt,Apparel,Vendor A,North,Online,32.0,98.0,74,6,33.5,57.73,1847.36,True,36.0,30.2,4.9
2025-08-06,SKU102,Running Shoes,Footwear,Vendor B,West,Online,60.0,123.0,51,14,48.81,90.37,5422.2,False,0.0,24.1,3.7
2025-07-10,SKU108,Sports Socks,Apparel,Vendor B,East,Online,65.0,107.0,64,3,56.21,111.36,7238.4,False,0.0,15.2,3.8
2025-06-15,SKU105,Sunglasses,Accessories,Vendor A,North,Retail Store,20.0,299.0,59,3,85.64,143.16,2863.2,False,0.0,17.2,4.8
2025-10-02,SKU102,Running Shoes,Footwear,Vendor B,West,Online,62.0,181.0,51,14,48.81,90.37,5602.94,False,0.0,26.9,3.5
2025-12-05,SKU102,Running Shoes,Footwear,Vendor B,West,Retail Store,78.0,273.0,51,14,48.81,90.37,7048.86,False,0.0,22.0,4.8
2025-05-15,SKU101,Cotton T-Shirt,Apparel,Vendor A,North,Online,20.0,259.0,74,6,33.5,57.73,1154.6,False,0.0,2.3,4.3
2025-01-14,SKU111,Water Bottle,Fitness,Vendor A,North,Online,16.0,128.0,79,12,24.6,52.01,832.16,False,0.0,29.4,3.9
2025-02-06,SKU111,Water Bottle,Fitness,Vendor A,North,Wholesale,10.0,184.0,79,12,24.6,52.01,520.1,False,0.0,30.0,5.0
2025-08-15,SKU108,Sports Socks,Apparel,Vendor B,East,Retail Store,67.0,120.0,64,3,56.21,111.36,7461.12,False,0.0,16.8,4.6
2025-08-10,SKU103,Yoga Mat,Fitness,Vendor C,East,Wholesale,67.0,62.0,42,8,28.05,51.04,3419.68,False,0.0,11.0,4.4
2025-01-16,SKU101,Cotton T-Shirt,Apparel,Vendor A,North,Online,5.0,141.0,74,6,33.5,57.73,288.65,False,0.0,31.1,4.2
2025-07-06,SKU103,Yoga Mat,Fitness,Vendor C,East,Online,69.0,292.0,42,8,28.05,51.04,3521.76,False,0.0,27.1,3.9
2025-05-22,SKU108,Sports Socks,Apparel,Vendor B,East,Wholesale,69.0,174.0,64,3,56.21,111.36,7683.84,False,0.0,32.3,3.3
2025-09-20,SKU111,Water Bottle,Fitness,Vendor A,North,Retail Store,31.0,95.0,79,12,24.6,52.01,1612.31,False,0.0,18.1,4.1
2025-08-02,SKU101,Cotton T-Shirt,Apparel,Vendor A,North,Retail Store,24.0,150.0,74,6,33.5,57.73,1385.52,False,0.0,20.1,4.8
2025-02-02,SKU109,Gym Bag,Fitness,Vendor C,West,Online,8.0,168.0,45,12,73.66,161.49,1291.92,False,0.0,31.1,4.2
2025-02-15,SKU104,Protein Powder,Health,Vendor B,East,Retail Store,22.0,108.0,70,9,49.68,111.64,2456.08,False,0.0,30.9,4.1
2025-11-10,SKU109,Gym Bag,Fitness,Vendor C,West,Retail Store,30.0,115.0,45,12,73.66,161.49,4844.7,True,28.0,30.7,3.9
2025-03-10,SKU107,Baseball Cap,Accessories,Vendor A,South,Online,53.0,194.0,74,13,46.67,72.31,3832.43,False,0.0,14.8,4.0
2025-07-29,SKU106,Denim Jeans,Apparel,Vendor C,South,Wholesale,78.0,280.0,87,9,71.61,120.54,9402.12,False,0.0,13.1,4.0
2025-01-23,SKU102,Running Shoes,Footwear,Vendor B,West,Retail Store,26.0,211.0,51,14,48.81,90.37,2349.62,False,0.0,22.1,5.0
2025-11-07,SKU108,Sports Socks,Apparel,Vendor B,East,Online,98.0,146.0,64,3,56.21,111.36,10913.28,False,0.0,29.3,4.3
2025-04-02,SKU104,Protein Powder,Health,Vendor B,East,Retail Store,21.0,218.0,70,9,49.68,111.64,2344.44,False,0.0,35.3,3.4
2025-10-20,SKU105,Sunglasses,Accessories,Vendor A,North,Retail Store,19.0,232.0,59,3,85.64,143.16,2720.04,False,0.0,20.2,4.4
2025-09-25,SKU108,Sports Socks,Apparel,Vendor B,East,Online,61.0,102.0,64,3,56.21,111.36,6792.96,False,0.0,27.6,4.1
2025-11-06,SKU108,Sports Socks,Apparel,Vendor B,East,Retail Store,62.0,104.0,64,3,56.21,111.36,6904.32,False,0.0,19.5,4.6
2025-12-25,SKU105,Sunglasses,Accessories,Vendor A,North,Online,27.0,102.0,59,3,85.64,143.16,3865.32,False,0.0,12.2,4.0
2025-02-26,SKU102,Running Shoes,Footwear,Vendor B,West,Wholesale,59.0,156.0,51,14,48.81,90.37,5331.83,False,0.0,26.2,4.7
2025-09-15,SKU103,Yoga Mat,Fitness,Vendor C,East,Wholesale,28.0,140.0,42,8,28.05,51.04,1429.12,False,0.0,30.3,3.4
2025-03-12,SKU112,Hoodie,Apparel,Vendor B,South,Online,,130.0,73,11,65.48,148.54,14854.0,True,34.0,21.3,4.6
2025-12-24,SKU103,Yoga Mat,Fitness,Vendor C,East,Retail Store,69.0,42.0,42,8,28.05,51.04,3521.76,False,0.0,41.1,4.5
2025-05-07,SKU110,Smart Watch,Electronics,Vendor D,North,Online,59.0,126.0,88,6,77.96,163.29,9634.11,False,0.0,37.3,5.0
2025-09-23,SKU104,Protein Powder,Health,Vendor B,East,Retail Store,17.0,202.0,70,9,49.68,111.64,1897.88,False,0.0,21.1,5.0
2025-01-08,SKU105,Sunglasses,Accessories,Vendor A,North,Retail Store,17.0,284.0,59,3,85.64,143.16,2433.72,False,0.0,15.9,4.4
2025-03-28,SKU109,Gym Bag,Fitness,Vendor C,West,Online,14.0,285.0,45,12,73.66,161.49,2260.86,False,0.0,36.5,3.8
2025-06-10,SKU108,Sports Socks,Apparel,Vendor B,East,Retail Store,58.0,96.0,64,3,56.21,111.36,6458.88,False,0.0,28.2,3.9
2025-07-09,SKU103,Yoga Mat,Fitness,Vendor C,East,Retail Store,57.0,156.0,42,8,28.05,51.04,2909.28,False,0.0,30.3,3.8
2025-11-25,SKU103,Yoga Mat,Fitness,Vendor C,East,Retail Store,69.0,61.0,42,8,28.05,51.04,3521.76,False,0.0,24.6,3.6
2025-09-06,SKU109,Gym Bag,Fitness,Vendor C,West,Online,19.0,65.0,45,12,73.66,161.49,3068.31,False,0.0,16.9,4.7
2025-10-09,SKU105,Sunglasses,Accessories,Vendor A,North,Retail Store,28.0,275.0,59,3,85.64,143.16,4008.48,False,0.0,27.4,3.6
2025-10-01,SKU112,Hoodie,Apparel,Vendor B,South,Online,47.0,200.0,73,11,65.48,148.54,6981.38,False,0.0,29.3,3.1
2025-09-19,SKU104,Protein Powder,Health,Vendor B,East,Online,38.0,300.0,70,9,49.68,111.64,4242.32,True,25.0,11.5,4.1
2025-06-04,SKU108,Sports Socks,Apparel,Vendor B,East,Retail Store,44.0,149.0,64,3,56.21,111.36,4899.84,False,0.0,35.2,4.3
2025-11-28,SKU106,Denim Jeans,Apparel,Vendor C,South,Retail Store,72.0,212.0,87,9,71.61,120.54,8678.88,False,0.0,24.4,3.5
2025-06-14,SKU109,Gym Bag,Fitness,Vendor C,West,Online,18.0,150.0,45,12,73.66,161.49,2906.82,False,0.0,35.3,4.2
2025-04-17,SKU106,Denim Jeans,Apparel,Vendor C,South,Online,47.0,298.0,87,9,71.61,120.54,5665.38,False,0.0,34.9,3.7
2025-03-21,SKU108,Sports Socks,Apparel,Vendor B,East,Retail Store,58.0,115.0,64,3,56.21,111.36,6458.88,False,0.0,27.1,3.5
2025-08-11,SKU111,Water Bottle,Fitness,Vendor A,North,Wholesale,24.0,102.0,79,12,24.6,52.01,1248.24,False,0.0,29.4,4.0
2025-03-15,SKU107,Baseball Cap,Accessories,Vendor A,South,Online,88.0,108.0,74,13,46.67,72.31,6363.28,False,0.0,23.1,4.3
2025-12-21,SKU105,Sunglasses,Accessories,Vendor A,North,Retail Store,42.0,94.0,59,3,85.64,143.16,6012.72,False,0.0,20.0,4.3
2025-07-20,SKU105,Sunglasses,Accessories,Vendor A,North,Retail Store,40.0,150.0,59,3,85.64,143.16,5726.4,False,0.0,17.6,4.2
2025-12-17,SKU110,Smart Watch,Electronics,Vendor D,North,Retail Store,102.0,239.0,88,6,77.96,163.29,16655.58,False,0.0,24.9,4.3
2025-01-07,SKU106,Denim Jeans,Apparel,Vendor C,South,Online,32.0,188.0,87,9,71.61,120.54,3857.28,False,0.0,24.5,4.5
2025-09-18,SKU106,Denim Jeans,Apparel,Vendor C,South,Online,72.0,263.0,87,9,71.61,120.54,8678.88,False,0.0,26.0,4.9
2025-10-02,SKU104,Protein Powder,Health,Vendor B,East,Online,27.0,101.0,70,9,49.68,111.64,3014.28,False,0.0,21.0,4.3
2025-03-23,SKU112,Hoodie,Apparel,Vendor B,South,Retail Store,121.0,217.0,73,11,65.48,148.54,17973.34,True,21.0,17.8,4.8
2025-01-28,SKU104,Protein Powder,Health,Vendor B,East,Retail Store,15.0,247.0,70,9,49.68,111.64,1674.6,False,0.0,23.6,4.5
2025-07-22,SKU106,Denim Jeans,Apparel,Vendor C,South,Online,60.0,212.0,87,9,71.61,120.54,7232.4,False,0.0,35.6,3.4
2025-03-28,SKU104,Protein Powder,Health,Vendor B,East,Online,40.0,133.0,70,9,49.68,111.64,4465.6,True,23.0,23.2,4.6
2025-05-02,SKU110,Smart Watch,Electronics,Vendor D,North,Online,78.0,126.0,88,6,77.96,163.29,12736.62,False,0.0,26.5,4.2
2025-02-28,SKU105,Sunglasses,Accessories,Vendor A,North,Retail Store,18.0,89.0,59,3,85.64,143.16,2576.88,False,0.0,26.5,4.7
2025-01-04,SKU104,Protein Powder,Health,Vendor B,East,Online,24.0,243.0,70,9,49.68,111.64,2679.36,False,0.0,12.9,4.0
2025-07-14,SKU104,Protein Powder,Health,Vendor B,East,Online,27.0,280.0,70,9,49.68,111.64,3014.28,False,0.0,19.0,4.9
2025-05-29,SKU103,Yoga Mat,Fitness,Vendor C,East,Online,39.0,250.0,42,8,28.05,51.04,1990.56,False,0.0,26.4,4.6
2025-10-13,SKU111,Water Bottle,Fitness,Vendor A,North,Online,22.0,79.0,79,12,24.6,52.01,1144.22,False,0.0,21.1,4.5
2025-11-04,SKU110,Smart Watch,Electronics,Vendor D,North,Retail Store,90.0,182.0,88,6,77.96,163.29,14696.1,False,0.0,29.1,4.5
2025-08-02,SKU112,Hoodie,Apparel,Vendor B,South,Online,54.0,252.0,73,11,65.48,148.54,8021.16,False,0.0,24.1,4.2
2025-08-23,SKU106,Denim Jeans,Apparel,Vendor C,South,Online,109.0,294.0,87,9,71.61,120.54,13138.86,False,0.0,18.4,5.0
2025-10-12,SKU104,Protein Powder,Health,Vendor B,East,Online,35.0,218.0,70,9,49.68,111.64,3907.4,False,0.0,36.3,4.0
2025-11-18,SKU103,Yoga Mat,Fitness,Vendor C,East,Online,100.0,43.0,42,8,28.05,51.04,5104.0,True,28.0,19.4,3.9
2025-09-13,SKU110,Smart Watch,Electronics,Vendor D,North,Online,89.0,194.0,88,6,77.96,163.29,14532.81,False,0.0,27.9,4.8
2025-12-20,SKU104,Protein Powder,Health,Vendor B,East,Retail Store,37.0,110.0,70,9,49.68,111.64,4130.68,False,0.0,26.3,3.6
2025-06-26,SKU109,Gym Bag,Fitness,Vendor C,West,Online,12.0,245.0,45,12,73.66,161.49,1937.88,False,0.0,33.7,4.2
2025-12-18,SKU110,Smart Watch,Electronics,Vendor D,North,Online,77.0,162.0,88,6,77.96,163.29,12573.33,False,0.0,31.6,3.6
2025-07-08,SKU107,Baseball Cap,Accessories,Vendor A,South,Online,57.0,86.0,74,13,46.67,72.31,4121.67,False,0.0,15.3,4.4
2025-07-28,SKU111,Water Bottle,Fitness,Vendor A,North,Retail Store,24.0,110.0,79,12,24.6,52.01,1248.24,False,0.0,21.8,4.1
2025-02-12,SKU109,Gym Bag,Fitness,Vendor C,West,Online,7.0,80.0,45,12,73.66,161.49,1130.43,False,0.0,34.7,4.2
2025-12-05,SKU102,Running Shoes,Footwear,Vendor B,West,Retail Store,78.0,273.0,51,14,48.81,90.37,7048.86,False,0.0,22.0,4.8
2025-11-02,SKU101,Cotton T-Shirt,Apparel,Vendor A,North,Wholesale,39.0,215.0,74,6,33.5,57.73,2251.47,False,0.0,32.1,3.8
2025-04-06,SKU112,Hoodie,Apparel,Vendor B,South,Wholesale,89.0,93.0,73,11,65.48,148.54,13220.06,True,31.0,14.7,3.4
2025-03-05,SKU111,Water Bottle,Fitness,Vendor A,North,Wholesale,29.0,87.0,79,12,24.6,52.01,1508.29,False,0.0,24.1,4.4
2025-07-24,SKU105,Sunglasses,Accessories,Vendor A,North,Retail Store,20.0,64.0,59,3,85.64,143.16,2863.2,False,0.0,25.8,4.2
2025-08-16,SKU110,Smart Watch,Electronics,Vendor D,North,Online,,131.0,88,6,77.96,163.29,19431.51,False,0.0,29.6,3.7
2025-03-03,SKU105,Sunglasses,Accessories,Vendor A,North,Retail Store,21.0,231.0,59,3,85.64,143.16,3006.36,False,0.0,33.1,3.8
2025-01-16,SKU102,Running Shoes,Footwear,Vendor B,West,Wholesale,38.0,102.0,51,14,48.81,90.37,3434.06,False,0.0,16.5,3.0
2025-04-08,SKU104,Protein Powder,Health,Vendor B,East,Retail Store,23.0,82.0,70,9,49.68,111.64,2567.72,False,0.0,25.0,3.6
2025-03-15,SKU110,Smart Watch,Electronics,Vendor D,North,Online,106.0,187.0,88,6,77.96,163.29,17308.74,False,0.0,22.0,4.7
2025-04-04,SKU106,Denim Jeans,Apparel,Vendor C,South,Online,97.0,110.0,87,9,71.61,120.54,11692.38,True,38.0,27.2,4.3
2025-08-19,SKU110,Smart Watch,Electronics,Vendor D,North,Retail Store,131.0,263.0,88,6,77.96,163.29,21390.99,True,35.0,28.5,3.8
2025-10-01,SKU102,Running Shoes,Footwear,Vendor B,West,Online,52.0,53.0,51,14,48.81,90.37,4699.24,False,0.0,39.8,4.6
2025-03-21,SKU103,Yoga Mat,Fitness,Vendor C,East,Online,47.0,46.0,42,8,28.05,51.04,2398.88,False,0.0,34.5,3.7
2025-05-27,SKU108,Sports Socks,Apparel,Vendor B,East,Wholesale,47.0,96.0,64,3,56.21,111.36,5233.92,False,0.0,13.7,4.3
2025-07-02,SKU109,Gym Bag,Fitness,Vendor C,West,Online,9.0,168.0,45,12,73.66,161.49,1453.41,False,0.0,22.7,4.3
2025-11-05,SKU103,Yoga Mat,Fitness,Vendor C,East,Online,75.0,52.0,42,8,28.05,51.04,3828.0,False,0.0,29.7,3.6
2025-07-26,SKU110,Smart Watch,Electronics,Vendor D,North,Retail Store,94.0,255.0,88,6,77.96,163.29,15349.26,False,0.0,26.5,4.9
2025-12-07,SKU109,Gym Bag,Fitness,Vendor C,West,Retail Store,24.0,128.0,45,12,73.66,161.49,3875.76,False,0.0,22.5,5.0
2025-05-26,SKU108,Sports Socks,Apparel,Vendor B,East,Online,56.0,143.0,64,3,56.21,111.36,6236.16,False,0.0,19.7,4.7
2025-09-01,SKU105,Sunglasses,Accessories,Vendor A,North,Online,26.0,213.0,59,3,85.64,143.16,3722.16,False,0.0,21.7,3.5
2025-03-13,SKU102,Running Shoes,Footwear,Vendor B,West,Retail Store,50.0,218.0,51,14,48.81,90.37,4518.5,False,0.0,34.8,2.4
2025-08-22,SKU101,Cotton T-Shirt,Apparel,Vendor A,North,Online,17.0,239.0,74,6,33.5,57.73,981.41,False,0.0,33.1,4.3
2025-08-15,SKU106,Denim Jeans,Apparel,Vendor C,South,Retail Store,55.0,257.0,87,9,71.61,120.54,6629.7,False,0.0,39.1,3.7
2025-06-04,SKU103,Yoga Mat,Fitness,Vendor C,East,Online,35.0,46.0,42,8,28.05,51.04,1786.4,False,0.0,21.3,3.8
2025-04-27,SKU103,Yoga Mat,Fitness,Vendor C,East,Retail Store,68.0,76.0,42,8,28.05,51.04,3470.72,False,0.0,37.0,3.8
2025-12-20,SKU110,Smart Watch,Electronics,Vendor D,North,Online,134.0,144.0,88,6,77.96,163.29,21880.86,False,0.0,26.1,3.8
2025-10-02,SKU107,Baseball Cap,Accessories,Vendor A,South,Retail Store,49.0,255.0,74,13,46.67,72.31,3543.19,False,0.0,26.6,3.7
2025-08-20,SKU103,Yoga Mat,Fitness,Vendor C,East,Retail Store,43.0,150.0,42,8,28.05,51.04,2194.72,False,0.0,30.4,4.7
2025-06-10,SKU109,Gym Bag,Fitness,Vendor C,West,Online,11.0,204.0,45,12,73.66,161.49,1776.39,False,0.0,35.7,3.9
2025-09-29,SKU108,Sports Socks,Apparel,Vendor B,East,Online,67.0,101.0,64,3,56.21,111.36,7461.12,True,30.0,20.9,4.4
2025-05-23,SKU108,Sports Socks,Apparel,Vendor B,East,Wholesale,52.0,122.0,64,3,56.21,111.36,5790.72,False,0.0,14.7,4.4
2025-06-24,SKU106,Denim Jeans,Apparel,Vendor C,South,Online,70.0,193.0,87,9,71.61,120.54,8437.8,False,0.0,14.5,3.8
2025-09-23,SKU107,Baseball Cap,Accessories,Vendor A,South,Online,59.0,75.0,74,13,46.67,72.31,4266.29,False,0.0,22.8,4.0
2025-03-22,SKU108,Sports Socks,Apparel,Vendor B,East,Retail Store,83.0,308.0,64,3,56.21,111.36,9242.88,False,0.0,22.7,3.7
2025-07-03,SKU110,Smart Watch,Electronics,Vendor D,North,Retail Store,68.0,252.0,88,6,77.96,163.29,11103.72,False,0.0,36.0,4.3
2025-07-08,SKU111,Water Bottle,Fitness,Vendor A,North,Online,18.0,97.0,79,12,24.6,52.01,936.18,False,0.0,16.4,5.0
2025-06-26,SKU112,Hoodie,Apparel,Vendor B,South,Online,44.0,221.0,73,11,65.48,148.54,6535.76,False,0.0,31.6,4.0
2025-01-30,SKU112,Hoodie,Apparel,Vendor B,South,Online,11.0,280.0,73,11,65.48,148.54,1633.94,False,0.0,13.9,4.3
2025-10-17,SKU108,Sports Socks,Apparel,Vendor B,East,Retail Store,56.0,182.0,64,3,56.21,111.36,6236.16,False,0.0,28.4,5.0
2025-09-09,SKU112,Hoodie,Apparel,Vendor B,South,Online,49.0,94.0,73,11,65.48,148.54,7278.46,False,0.0,31.5,5.0
2025-05-25,SKU109,Gym Bag,Fitness,Vendor C,West,Online,14.0,191.0,45,12,73.66,161.49,2260.86,False,0.0,36.8,4.1
2025-02-13,SKU106,Denim Jeans,Apparel,Vendor C,South,Retail Store,46.0,155.0,87,9,71.61,120.54,5544.84,False,0.0,34.6,4.3
2025-05-02,SKU104,Protein Powder,Health,Vendor B,East,Retail Store,32.0,80.0,70,9,49.68,111.64,3572.48,True,38.0,27.1,3.8
2025-01-08,SKU107,Baseball Cap,Accessories,Vendor A,South,Online,28.0,300.0,74,13,46.67,72.31,2024.68,False,0.0,8.2,4.0
2025-10-23,SKU112,Hoodie,Apparel,Vendor B,South,Online,51.0,233.0,73,11,65.48,148.54,7575.54,False,0.0,33.5,3.2
2025-06-13,SKU112,Hoodie,Apparel,Vendor B,South,Online,41.0,128.0,73,11,65.48,148.54,6090.14,False,0.0,25.1,3.6
2025-03-26,SKU110,Smart Watch,Electronics,Vendor D,North,Wholesale,84.0,157.0,88,6,77.96,163.29,13716.36,True,26.0,22.0,3.9
2025-09-17,SKU112,Hoodie,Apparel,Vendor B,South,Retail Store,39.0,128.0,73,11,65.48,148.54,5793.06,False,0.0,17.5,5.0
2025-10-27,SKU101,Cotton T-Shirt,Apparel,Vendor A,North,Online,23.0,191.0,74,6,33.5,57.73,1327.79,False,0.0,15.7,4.5
2025-04-08,SKU110,Smart Watch,Electronics,Vendor D,North,Online,62.0,234.0,88,6,77.96,163.29,10123.98,False,0.0,11.5,4.4
2025-03-24,SKU106,Denim Jeans,Apparel,Vendor C,South,Wholesale,92.0,219.0,87,9,71.61,120.54,11089.68,True,17.0,18.3,5.0
2025-06-07,SKU103,Yoga Mat,Fitness,Vendor C,East,Online,65.0,248.0,42,8,28.05,51.04,3317.6,False,0.0,28.1,4.9
2025-10-25,SKU110,Smart Watch,Electronics,Vendor D,North,Retail Store,130.0,97.0,88,6,77.96,163.29,21227.7,False,0.0,31.1,4.0
2025-01-09,SKU103,Yoga Mat,Fitness,Vendor C,East,Online,18.0,177.0,42,8,28.05,51.04,918.72,False,0.0,25.7,3.7
2025-04-09,SKU107,Baseball Cap,Accessories,Vendor A,South,Online,62.0,174.0,74,13,46.67,72.31,4483.22,False,0.0,30.6,3.7
2025-02-27,SKU107,Baseball Cap,Accessories,Vendor A,South,Wholesale,41.0,258.0,74,13,46.67,72.31,2964.71,False,0.0,36.7,3.9
2025-05-17,SKU112,Hoodie,Apparel,Vendor B,South,Retail Store,116.0,178.0,73,11,65.48,148.54,17230.64,True,27.0,18.9,3.0
2025-09-26,SKU106,Denim Jeans,Apparel,Vendor C,South,Online,37.0,160.0,87,9,71.61,120.54,4459.98,False,0.0,30.6,2.5
2025-09-15,SKU107,Baseball Cap,Accessories,Vendor A,South,Online,46.0,208.0,74,13,46.67,72.31,3326.26,False,0.0,14.9,5.0
2025-11-24,SKU110,Smart Watch,Electronics,Vendor D,North,Online,94.0,179.0,88,6,77.96,163.29,15349.26,False,0.0,28.8,4.3
2025-06-25,SKU111,Water Bottle,Fitness,Vendor A,North,Online,25.0,188.0,79,12,24.6,52.01,1300.25,False,0.0,24.7,3.6
2025-12-27,SKU106,Denim Jeans,Apparel,Vendor C,South,Online,110.0,211.0,87,9,71.61,120.54,13259.4,False,0.0,19.0,4.1
2025-02-08,SKU108,Sports Socks,Apparel,Vendor B,East,Online,68.0,75.0,64,3,56.21,111.36,7572.48,False,0.0,26.1,4.1
2025-07-07,SKU109,Gym Bag,Fitness,Vendor C,West,Online,9.0,98.0,45,12,73.66,161.49,1453.41,False,0.0,22.1,4.0
2025-11-17,SKU110,Smart Watch,Electronics,Vendor D,North,Online,112.0,242.0,88,6,77.96,163.29,18288.48,False,0.0,41.6,5.0
2025-04-05,SKU104,Protein Powder,Health,Vendor B,East,Online,31.0,148.0,70,9,49.68,111.64,3460.84,False,0.0,20.5,5.0
2025-11-21,SKU103,Yoga Mat,Fitness,Vendor C,East,Online,59.0,50.0,42,8,28.05,51.04,3011.36,False,0.0,13.8,3.8
2025-10-03,SKU111,Water Bottle,Fitness,Vendor A,North,Online,21.0,147.0,79,12,24.6,52.01,1092.21,False,0.0,12.8,3.9
2025-01-28,SKU108,Sports Socks,Apparel,Vendor B,East,Wholesale,49.0,202.0,64,3,56.21,111.36,5456.64,False,0.0,34.8,3.6
2025-05-31,SKU112,Hoodie,Apparel,Vendor B,South,Retail Store,58.0,258.0,73,11,65.48,148.54,8615.32,False,0.0,28.9,4.1
2025-01-17,SKU102,Running Shoes,Footwear,Vendor B,West,Online,35.0,67.0,51,14,48.81,90.37,3162.95,False,0.0,29.1,3.4
2025-07-25,SKU101,Cotton T-Shirt,Apparel,Vendor A,North,Online,20.0,178.0,74,6,33.5,57.73,1154.6,False,0.0,33.4,3.8
2025-12-10,SKU112,Hoodie,Apparel,Vendor B,South,Online,76.0,217.0,73,11,65.48,148.54,11289.04,False,0.0,17.6,4.8
2025-01-08,SKU106,Denim Jeans,Apparel,Vendor C,South,Online,55.0,133.0,87,9,71.61,120.54,6629.7,False,0.0,16.4,4.4
2025-01-04,SKU109,Gym Bag,Fitness,Vendor C,West,Retail Store,13.0,157.0,45,12,73.66,161.49,2099.37,False,0.0,28.6,3.6
2025-01-30,SKU110,Smart Watch,Electronics,Vendor D,North,Online,43.0,322.0,88,6,77.96,163.29,7021.47,False,0.0,20.9,3.8
2025-05-12,SKU108,Sports Socks,Apparel,Vendor B,East,Online,48.0,315.0,64,3,56.21,111.36,5345.28,False,0.0,28.0,3.7
2025-03-25,SKU106,Denim Jeans,Apparel,Vendor C,South,Online,47.0,172.0,87,9,71.61,120.54,5665.38,False,0.0,38.6,4.4
2025-11-03,SKU107,Baseball Cap,Accessories,Vendor A,South,Wholesale,86.0,104.0,74,13,46.67,72.31,6218.66,False,0.0,20.5,4.1
2025-05-26,SKU102,Running Shoes,Footwear,Vendor B,West,Online,50.0,73.0,51,14,48.81,90.37,4518.5,False,0.0,30.1,4.2
2025-10-09,SKU107,Baseball Cap,Accessories,Vendor A,South,Retail Store,61.0,270.0,74,13,46.67,72.31,4410.91,False,0.0,13.8,4.2
2025-08-18,SKU106,Denim Jeans,Apparel,Vendor C,South,Wholesale,69.0,209.0,87,9,71.61,120.54,8317.26,False,0.0,25.0,4.7
2025-01-27,SKU104,Protein Powder,Health,Vendor B,East,Online,9.0,262.0,70,9,49.68,111.64,1004.76,False,0.0,27.6,
2025-07-17,SKU110,Smart Watch,Electronics,Vendor D,North,Online,32.0,94.0,88,6,77.96,163.29,5225.28,False,0.0,2.6,4.6
2025-01-17,SKU107,Baseball Cap,Accessories,Vendor A,South,Retail Store,34.0,119.0,74,13,46.67,72.31,2458.54,False,0.0,18.2,4.2
2025-05-09,SKU105,Sunglasses,Accessories,Vendor A,North,Retail Store,23.0,167.0,59,3,85.64,143.16,3292.68,False,0.0,9.8,4.6
2025-03-04,SKU111,Water Bottle,Fitness,Vendor A,North,Online,23.0,116.0,79,12,24.6,52.01,1196.23,False,0.0,28.2,4.0
2025-12-05,SKU109,Gym Bag,Fitness,Vendor C,West,Retail Store,20.0,175.0,45,12,73.66,161.49,3229.8,False,0.0,29.9,3.9
2025-11-26,SKU110,Smart Watch,Electronics,Vendor D,North,Online,109.0,226.0,88,6,77.96,163.29,17798.61,False,0.0,24.8,2.6
2025-02-02,SKU101,Cotton T-Shirt,Apparel,Vendor A,North,Online,22.0,304.0,74,6,33.5,57.73,1270.06,False,0.0,24.8,5.0
2025-10-25,SKU112,Hoodie,Apparel,Vendor B,South,Retail Store,72.0,107.0,73,11,65.48,148.54,10694.88,False,0.0,36.9,3.7
2025-01-15,SKU107,Baseball Cap,Accessories,Vendor A,South,Online,51.0,190.0,74,13,46.67,72.31,3687.81,True,36.0,23.9,4.3
2025-01-15,SKU108,Sports Socks,Apparel,Vendor B,East,Retail Store,27.0,163.0,64,3,56.21,111.36,3006.72,False,0.0,20.7,3.6
2025-07-01,SKU106,Denim Jeans,Apparel,Vendor C,South,Online,57.0,145.0,87,9,71.61,120.54,6870.78,False,0.0,12.3,4.6
2025-09-21,SKU104,Protein Powder,Health,Vendor B,East,Online,24.0,242.0,70,9,49.68,111.64,2679.36,False,0.0,18.4,4.1
2025-12-15,SKU107,Baseball Cap,Accessories,Vendor A,South,Online,86.0,96.0,74,13,46.67,72.31,6218.66,False,0.0,23.1,3.7
2025-05-19,SKU105,Sunglasses,Accessories,Vendor A,North,Online,33.0,67.0,59,3,85.64,143.16,4724.28,True,11.0,20.5,3.7
2025-10-02,SKU103,Yoga Mat,Fitness,Vendor C,East,Retail Store,43.0,201.0,42,8,28.05,51.04,2194.72,False,0.0,21.3,4.0
2025-07-07,SKU104,Protein Powder,Health,Vendor B,East,Retail Store,22.0,187.0,70,9,49.68,111.64,2456.08,False,0.0,20.7,5.0
2025-11-20,SKU109,Gym Bag,Fitness,Vendor C,West,Online,27.0,47.0,45,12,73.66,161.49,4360.23,True,36.0,39.3,4.9
2025-01-03,SKU110,Smart Watch,Electronics,Vendor D,North,Online,58.0,185.0,88,6,77.96,163.29,9470.82,False,0.0,12.9,4.2
2025-03-28,SKU108,Sports Socks,Apparel,Vendor B,East,Online,39.0,133.0,64,3,56.21,111.36,4343.04,False,0.0,21.3,4.0
2025-04-22,SKU105,Sunglasses,Accessories,Vendor A,North,Online,20.0,214.0,59,3,85.64,143.16,2863.2,False,0.0,12.7,3.9
2025-06-15,SKU104,Protein Powder,Health,Vendor B,East,Wholesale,26.0,260.0,70,9,49.68,111.64,2902.64,False,0.0,26.2,3.9
2025-08-16,SKU112,Hoodie,Apparel,Vendor B,South,Wholesale,57.0,244.0,73,11,65.48,148.54,8466.78,False,0.0,24.5,3.7
2025-09-23,SKU110,Smart Watch,Electronics,Vendor D,North,Online,110.0,266.0,88,6,77.96,163.29,17961.9,True,30.0,15.6,4.7
2025-11-14,SKU103,Yoga Mat,Fitness,Vendor C,East,Online,64.0,239.0,42,8,28.05,51.04,3266.56,False,0.0,41.0,3.7
2025-04-05,SKU112,Hoodie,Apparel,Vendor B,South,Online,69.0,182.0,73,11,65.48,148.54,10249.26,False,0.0,17.6,3.9
2025-04-26,SKU108,Sports Socks,Apparel,Vendor B,East,Online,78.0,282.0,64,3,56.21,111.36,8686.08,False,0.0,25.4,3.9
2025-09-22,SKU103,Yoga Mat,Fitness,Vendor C,East,Retail Store,43.0,311.0,42,8,28.05,51.04,2194.72,False,0.0,23.3,4.5
2025-12-17,SKU101,Cotton T-Shirt,Apparel,Vendor A,North,Retail Store,29.0,259.0,74,6,33.5,57.73,1674.17,False,0.0,24.5,3.8
2025-02-11,SKU102,Running Shoes,Footwear,Vendor B,West,Online,17.0,101.0,51,14,48.81,90.37,1536.29,False,0.0,34.1,3.8
2025-07-29,SKU103,Yoga Mat,Fitness,Vendor C,East,Retail Store,57.0,145.0,42,8,28.05,51.04,2909.28,False,0.0,8.1,4.5
2025-06-30,SKU102,Running Shoes,Footwear,Vendor B,West,Retail Store,55.0,78.0,51,14,48.81,90.37,4970.35,False,0.0,30.3,4.2
2025-04-05,SKU102,Running Shoes,Footwear,Vendor B,West,Online,82.0,213.0,51,14,48.81,90.37,7410.34,False,0.0,26.2,4.1
2025-09-22,SKU110,Smart Watch,Electronics,Vendor D,North,Retail Store,77.0,169.0,88,6,77.96,163.29,12573.33,False,0.0,28.7,4.6
2025-04-25,SKU112,Hoodie,Apparel,Vendor B,South,Online,38.0,90.0,73,11,65.48,148.54,5644.52,False,0.0,22.9,3.1
2025-11-12,SKU112,Hoodie,Apparel,Vendor B,South,Online,58.0,169.0,73,11,65.48,148.54,8615.32,False,0.0,33.1,5.0
2025-07-16,SKU107,Baseball Cap,Accessories,Vendor A,South,Retail Store,44.0,128.0,74,13,46.67,72.31,3181.64,False,0.0,17.2,3.8
2025-11-13,SKU102,Running Shoes,Footwear,Vendor B,West,Online,88.0,268.0,51,14,48.81,90.37,7952.56,False,0.0,18.7,4.0
2025-06-15,SKU103,Yoga Mat,Fitness,Vendor C,East,Online,77.0,294.0,42,8,28.05,51.04,3930.08,False,0.0,16.1,4.1
2025-04-03,SKU106,Denim Jeans,Apparel,Vendor C,South,Wholesale,76.0,207.0,87,9,71.61,120.54,9161.04,False,0.0,19.1,3.8
2025-06-03,SKU101,Cotton T-Shirt,Apparel,Vendor A,North,Retail Store,19.0,200.0,74,6,33.5,57.73,1096.87,False,0.0,18.3,3.8
2025-05-03,SKU101,Cotton T-Shirt,Apparel,Vendor A,North,Online,20.0,194.0,74,6,33.5,57.73,1154.6,False,0.0,22.9,3.2
2025-01-19,SKU112,Hoodie,Apparel,Vendor B,South,Retail Store,58.0,102.0,73,11,65.48,148.54,8615.32,False,0.0,17.0,4.7
2025-04-07,SKU104,Protein Powder,Health,Vendor B,East,Retail Store,14.0,105.0,70,9,49.68,111.64,1562.96,False,0.0,28.9,4.3
2025-12-10,SKU106,Denim Jeans,Apparel,Vendor C,South,Retail Store,103.0,180.0,87,9,71.61,120.54,12415.62,False,0.0,27.3,3.5
2025-05-27,SKU112,Hoodie,Apparel,Vendor B,South,Online,57.0,74.0,73,11,65.48,148.54,8466.78,False,0.0,19.2,4.0
2025-12-06,SKU108,Sports Socks,Apparel,Vendor B,East,Retail Store,106.0,94.0,64,3,56.21,111.36,11804.16,False,0.0,23.3,4.0
2025-05-27,SKU105,Sunglasses,Accessories,Vendor A,North,Wholesale,25.0,230.0,59,3,85.64,143.16,3579.0,False,0.0,29.4,4.2
2025-04-04,SKU108,Sports Socks,Apparel,Vendor B,East,Online,43.0,296.0,64,3,56.21,111.36,4788.48,False,0.0,35.9,4.3
2025-11-18,SKU107,Baseball Cap,Accessories,Vendor A,South,Retail Store,66.0,188.0,74,13,46.67,72.31,4772.46,False,0.0,26.0,2.7
2025-06-17,SKU104,Protein Powder,Health,Vendor B,East,Online,23.0,210.0,70,9,49.68,111.64,2567.72,False,0.0,27.6,4.1
2025-11-27,SKU112,Hoodie,Apparel,Vendor B,South,Retail Store,73.0,198.0,73,11,65.48,148.54,10843.42,False,0.0,12.9,5.0
2025-07-18,SKU111,Water Bottle,Fitness,Vendor A,North,Retail Store,36.0,228.0,79,12,24.6,52.01,1872.36,True,24.0,23.2,3.5
2025-01-17,SKU106,Denim Jeans,Apparel,Vendor C,South,Online,32.0,96.0,87,9,71.61,120.54,3857.28,False,0.0,29.9,4.4
2025-03-13,SKU104,Protein Powder,Health,Vendor B,East,Retail Store,18.0,325.0,70,9,49.68,111.64,2009.52,False,0.0,28.4,4.2
2025-03-25,SKU105,Sunglasses,Accessories,Vendor A,North,Online,17.0,199.0,59,3,85.64,143.16,2433.72,False,0.0,22.0,4.1
2025-09-04,SKU112,Hoodie,Apparel,Vendor B,South,Online,41.0,119.0,73,11,65.48,148.54,6090.14,False,0.0,25.2,3.5
2025-02-21,SKU111,Water Bottle,Fitness,Vendor A,North,Online,17.0,109.0,79,12,24.6,52.01,884.17,False,0.0,21.6,4.4
2025-06-13,SKU104,Protein Powder,Health,Vendor B,East,Online,22.0,77.0,70,9,49.68,111.64,2456.08,False,0.0,22.1,4.1
2025-06-29,SKU110,Smart Watch,Electronics,Vendor D,North,Online,75.0,205.0,88,6,77.96,163.29,12246.75,False,0.0,24.4,4.1
2025-08-10,SKU102,Running Shoes,Footwear,Vendor B,West,Online,77.0,117.0,51,14,48.81,90.37,6958.49,False,0.0,18.7,4.2
2025-03-21,SKU106,Denim Jeans,Apparel,Vendor C,South,Wholesale,61.0,251.0,87,9,71.61,120.54,7352.94,False,0.0,6.9,4.3
2025-06-28,SKU104,Protein Powder,Health,Vendor B,East,Online,31.0,173.0,70,9,49.68,111.64,3460.84,False,0.0,18.2,4.7
2025-11-06,SKU105,Sunglasses,Accessories,Vendor A,North,Retail Store,40.0,110.0,59,3,85.64,143.16,5726.4,False,0.0,36.3,4.8
2025-08-05,SKU103,Yoga Mat,Fitness,Vendor C,East,Online,50.0,70.0,42,8,28.05,51.04,2552.0,False,0.0,16.2,4.5
2025-10-31,SKU102,Running Shoes,Footwear,Vendor B,West,Online,32.0,90.0,51,14,48.81,90.37,2891.84,False,0.0,21.1,4.3
2025-12-19,SKU103,Yoga Mat,Fitness,Vendor C,East,Retail Store,68.0,199.0,42,8,28.05,51.04,3470.72,False,0.0,15.6,4.9
2025-12-05,SKU108,Sports Socks,Apparel,Vendor B,East,Online,58.0,200.0,64,3,56.21,111.36,6458.88,False,0.0,15.7,4.4
2025-07-07,SKU105,Sunglasses,Accessories,Vendor A,North,Retail Store,24.0,283.0,59,3,85.64,143.16,3435.84,False,0.0,18.4,3.9
2025-01-16,SKU108,Sports Socks,Apparel,Vendor B,East,Online,34.0,129.0,64,3,56.21,111.36,3786.24,False,0.0,34.7,4.7
2025-05-25,SKU110,Smart Watch,Electronics,Vendor D,North,Online,85.0,116.0,88,6,77.96,163.29,13879.65,False,0.0,23.2,4.3
2025-07-17,SKU101,Cotton T-Shirt,Apparel,Vendor A,North,Online,17.0,95.0,74,6,33.5,57.73,981.41,False,0.0,33.6,3.1
2025-12-25,SKU109,Gym Bag,Fitness,Vendor C,West,Online,19.0,133.0,45,12,73.66,161.49,3068.31,False,0.0,28.3,4.3
2025-05-31,SKU101,Cotton T-Shirt,Apparel,Vendor A,North,Retail Store,28.0,262.0,74,6,33.5,57.73,1616.44,False,0.0,24.2,4.1
2025-01-22,SKU108,Sports Socks,Apparel,Vendor B,East,Online,25.0,137.0,64,3,56.21,111.36,2784.0,False,0.0,24.8,3.9
2025-07-03,SKU108,Sports Socks,Apparel,Vendor B,East,Online,53.0,154.0,64,3,56.21,111.36,5902.08,False,0.0,29.4,4.3
2025-06-30,SKU101,Cotton T-Shirt,Apparel,Vendor A,North,Retail Store,17.0,168.0,74,6,33.5,57.73,981.41,False,0.0,21.3,3.8
2025-03-20,SKU110,Smart Watch,Electronics,Vendor D,North,Retail Store,62.0,215.0,88,6,77.96,163.29,10123.98,False,0.0,30.9,3.8
2025-12-11,SKU105,Sunglasses,Accessories,Vendor A,North,Wholesale,38.0,140.0,59,3,85.64,143.16,5440.08,False,0.0,20.5,3.6
2025-09-20,SKU103,Yoga Mat,Fitness,Vendor C,East,Online,76.0,151.0,42,8,28.05,51.04,3879.04,False,0.0,38.0,4.6
2025-12-29,SKU111,Water Bottle,Fitness,Vendor A,North,Retail Store,34.0,134.0,79,12,24.6,52.01,1768.34,False,0.0,36.9,4.6
2025-11-22,SKU108,Sports Socks,Apparel,Vendor B,East,Online,117.0,206.0,64,3,56.21,111.36,13029.12,False,0.0,27.4,4.1
2025-04-16,SKU105,Sunglasses,Accessories,Vendor A,North,Retail Store,25.0,155.0,59,3,85.64,143.16,3579.0,False,0.0,12.8,4.3
2025-11-23,SKU109,Gym Bag,Fitness,Vendor C,West,Retail Store,20.0,139.0,45,12,73.66,161.49,3229.8,False,0.0,30.6,4.6
2025-01-21,SKU112,Hoodie,Apparel,Vendor B,South,Wholesale,33.0,192.0,73,11,65.48,148.54,4901.82,False,0.0,43.4,4.7
2025-05-24,SKU108,Sports Socks,Apparel,Vendor B,East,Retail Store,126.0,262.0,64,3,56.21,111.36,14031.36,True,31.0,26.7,4.0
2025-09-15,SKU101,Cotton T-Shirt,Apparel,Vendor A,North,Retail Store,29.0,226.0,74,6,33.5,57.73,1674.17,False,0.0,24.8,4.5
2025-01-28,SKU102,Running Shoes,Footwear,Vendor B,West,Online,49.0,130.0,51,14,48.81,90.37,4428.13,False,0.0,22.6,4.3
2025-12-13,SKU104,Protein Powder,Health,Vendor B,East,Online,48.0,124.0,70,9,49.68,111.64,5358.72,False,0.0,32.6,3.9
2025-06-23,SKU109,Gym Bag,Fitness,Vendor C,West,Online,12.0,279.0,45,12,73.66,161.49,1937.88,False,0.0,27.5,4.4
2025-03-27,SKU109,Gym Bag,Fitness,Vendor C,West,Wholesale,12.0,50.0,45,12,73.66,161.49,1937.88,False,0.0,18.0,3.8
2025-06-27,SKU104,Protein Powder,Health,Vendor B,East,Wholesale,33.0,204.0,70,9,49.68,111.64,3684.12,True,15.0,30.0,4.2
2025-04-10,SKU110,Smart Watch,Electronics,Vendor D,North,Online,39.0,125.0,88,6,77.96,163.29,6368.31,False,0.0,26.4,4.0
2025-09-08,SKU112,Hoodie,Apparel,Vendor B,South,Retail Store,49.0,143.0,73,11,65.48,148.54,7278.46,False,0.0,43.0,5.0
2025-09-06,SKU112,Hoodie,Apparel,Vendor B,South,Retail Store,74.0,272.0,73,11,65.48,148.54,10991.96,False,0.0,38.1,3.9
2025-02-15,SKU105,Sunglasses,Accessories,Vendor A,North,Wholesale,20.0,151.0,59,3,85.64,143.16,2863.2,False,0.0,35.5,4.3
2025-04-20,SKU102,Running Shoes,Footwear,Vendor B,West,Online,89.0,226.0,51,14,48.81,90.37,8042.93,False,0.0,21.3,4.9
2025-01-16,SKU110,Smart Watch,Electronics,Vendor D,North,Retail Store,18.0,194.0,88,6,77.96,163.29,2939.22,False,0.0,15.9,4.7
2025-04-29,SKU101,Cotton T-Shirt,Apparel,Vendor A,North,Retail Store,19.0,114.0,74,6,33.5,57.73,1096.87,True,20.0,36.5,4.2
2025-06-28,SKU101,Cotton T-Shirt,Apparel,Vendor A,North,Retail Store,23.0,216.0,74,6,33.5,57.73,1327.79,False,0.0,2.3,3.8
2025-06-01,SKU110,Smart Watch,Electronics,Vendor D,North,Online,120.0,195.0,88,6,77.96,163.29,19594.8,False,0.0,19.0,
2025-05-05,SKU110,Smart Watch,Electronics,Vendor D,North,Online,58.0,245.0,88,6,77.96,163.29,9470.82,False,0.0,17.7,4.5
2025-11-18,SKU102,Running Shoes,Footwear,Vendor B,West,Retail Store,101.0,162.0,51,14,48.81,90.37,9127.37,False,0.0,21.7,3.9
2025-06-23,SKU105,Sunglasses,Accessories,Vendor A,North,Retail Store,21.0,83.0,59,3,85.64,143.16,3006.36,False,0.0,33.0,3.8
2025-06-05,SKU107,Baseball Cap,Accessories,Vendor A,South,Online,46.0,219.0,74,13,46.67,72.31,3326.26,False,0.0,15.5,4.6
2025-01-18,SKU108,Sports Socks,Apparel,Vendor B,East,Online,64.0,265.0,64,3,56.21,111.36,7127.04,False,0.0,32.7,4.5
2025-11-26,SKU105,Sunglasses,Accessories,Vendor A,North,Online,38.0,111.0,59,3,85.64,143.16,5440.08,False,0.0,6.4,4.2
2025-08-27,SKU105,Sunglasses,Accessories,Vendor A,North,Retail Store,28.0,143.0,59,3,85.64,143.16,4008.48,False,0.0,19.8,4.5
2025-02-01,SKU103,Yoga Mat,Fitness,Vendor C,East,Retail Store,31.0,169.0,42,8,28.05,51.04,1582.24,False,0.0,28.1,4.0
2025-05-22,SKU106,Denim Jeans,Apparel,Vendor C,South,Online,,136.0,87,9,71.61,120.54,6388.62,False,0.0,32.9,4.3
2025-11-09,SKU112,Hoodie,Apparel,Vendor B,South,Online,94.0,179.0,73,11,65.48,148.54,13962.76,False,0.0,24.7,4.4
2025-11-29,SKU106,Denim Jeans,Apparel,Vendor C,South,Retail Store,134.0,216.0,87,9,71.61,120.54,16152.36,False,0.0,31.0,3.9
2025-12-09,SKU104,Protein Powder,Health,Vendor B,East,Online,29.0,75.0,70,9,49.68,111.64,3237.56,False,0.0,29.2,3.8
2025-03-31,SKU111,Water Bottle,Fitness,Vendor A,North,Retail Store,32.0,290.0,79,12,24.6,52.01,1664.32,False,0.0,26.0,4.5
2025-07-23,SKU105,Sunglasses,Accessories,Vendor A,North,Retail Store,25.0,84.0,59,3,85.64,143.16,3579.0,False,0.0,16.1,3.7
2025-03-06,SKU101,Cotton T-Shirt,Apparel,Vendor A,North,Retail Store,24.0,175.0,74,6,33.5,57.73,1385.52,False,0.0,19.8,4.1
2025-02-05,SKU108,Sports Socks,Apparel,Vendor B,East,Retail Store,51.0,66.0,64,3,56.21,111.36,5679.36,True,36.0,24.9,4.0
2025-05-22,SKU111,Water Bottle,Fitness,Vendor A,North,Retail Store,33.0,84.0,79,12,24.6,52.01,1716.33,False,0.0,10.1,4.4
2025-12-28,SKU110,Smart Watch,Electronics,Vendor D,North,Wholesale,145.0,175.0,88,6,77.96,163.29,23677.05,False,0.0,36.7,4.8
2025-04-03,SKU110,Smart Watch,Electronics,Vendor D,North,Online,82.0,165.0,88,6,77.96,163.29,13389.78,False,0.0,29.7,3.8
2025-07-25,SKU103,Yoga Mat,Fitness,Vendor C,East,Wholesale,45.0,240.0,42,8,28.05,51.04,2296.8,False,0.0,17.6,4.3
2025-10-12,SKU102,Running Shoes,Footwear,Vendor B,West,Online,83.0,153.0,51,14,48.81,90.37,7500.71,False,0.0,8.8,5.0
2025-06-08,SKU112,Hoodie,Apparel,Vendor B,South,Online,69.0,348.0,73,11,65.48,148.54,10249.26,False,0.0,36.5,3.6
2025-07-25,SKU108,Sports Socks,Apparel,Vendor B,East,Online,67.0,284.0,64,3,56.21,111.36,7461.12,False,0.0,35.2,4.2
2025-03-07,SKU111,Water Bottle,Fitness,Vendor A,North,Retail Store,16.0,289.0,79,12,24.6,52.01,832.16,False,0.0,31.5,3.5
2025-09-10,SKU112,Hoodie,Apparel,Vendor B,South,Retail Store,37.0,188.0,73,11,65.48,148.54,5495.98,False,0.0,16.9,4.2
2025-06-22,SKU109,Gym Bag,Fitness,Vendor C,West,Wholesale,16.0,53.0,45,12,73.66,161.49,2583.84,False,0.0,35.3,4.0
2025-10-17,SKU104,Protein Powder,Health,Vendor B,East,Retail Store,23.0,111.0,70,9,49.68,111.64,2567.72,False,0.0,22.3,3.8
2025-05-28,SKU104,Protein Powder,Health,Vendor B,East,Wholesale,20.0,233.0,70,9,49.68,111.64,2232.8,False,0.0,29.8,4.4
2025-11-01,SKU103,Yoga Mat,Fitness,Vendor C,East,Online,95.0,142.0,42,8,28.05,51.04,4848.8,False,0.0,24.4,4.1
2025-01-03,SKU103,Yoga Mat,Fitness,Vendor C,East,Retail Store,33.0,143.0,42,8,28.05,51.04,1684.32,True,13.0,21.7,4.8
2025-02-15,SKU109,Gym Bag,Fitness,Vendor C,West,Online,12.0,53.0,45,12,73.66,161.49,1937.88,False,0.0,26.4,4.0
2025-09-11,SKU109,Gym Bag,Fitness,Vendor C,West,Retail Store,10.0,256.0,45,12,73.66,161.49,1614.9,False,0.0,26.2,3.8
2025-11-16,SKU102,Running Shoes,Footwear,Vendor B,West,Retail Store,123.0,123.0,51,14,48.81,90.37,11115.51,False,0.0,31.7,4.1
2025-07-14,SKU111,Water Bottle,Fitness,Vendor A,North,Online,22.0,84.0,79,12,24.6,52.01,1144.22,False,0.0,21.5,3.5
2025-05-20,SKU101,Cotton T-Shirt,Apparel,Vendor A,North,Online,24.0,152.0,74,6,33.5,57.73,1385.52,False,0.0,33.7,4.3
2025-03-15,SKU111,Water Bottle,Fitness,Vendor A,North,Online,40.0,187.0,79,12,24.6,52.01,2080.4,False,0.0,23.4,5.0
2025-08-12,SKU101,Cotton T-Shirt,Apparel,Vendor A,North,Online,17.0,120.0,74,6,33.5,57.73,981.41,False,0.0,26.7,3.8
2025-10-26,SKU106,Denim Jeans,Apparel,Vendor C,South,Online,99.0,152.0,87,9,71.61,120.54,11933.46,False,0.0,24.7,4.8
2025-02-26,SKU106,Denim Jeans,Apparel,Vendor C,South,Online,39.0,168.0,87,9,71.61,120.54,4701.06,False,0.0,13.8,4.5
2025-12-06,SKU110,Smart Watch,Electronics,Vendor D,North,Online,140.0,197.0,88,6,77.96,163.29,22860.6,False,0.0,31.8,4.1
2025-06-30,SKU110,Smart Watch,Electronics,Vendor D,North,Retail Store,56.0,149.0,88,6,77.96,163.29,9144.24,False,0.0,41.5,4.8
2025-01-25,SKU105,Sunglasses,Accessories,Vendor A,North,Online,21.0,191.0,59,3,85.64,143.16,3006.36,False,0.0,24.3,4.2
2025-01-11,SKU109,Gym Bag,Fitness,Vendor C,West,Online,12.0,106.0,45,12,73.66,161.49,1937.88,False,0.0,29.9,4.6
2025-12-31,SKU105,Sunglasses,Accessories,Vendor A,North,Retail Store,54.0,320.0,59,3,85.64,143.16,7730.64,True,39.0,23.4,3.9
2025-06-18,SKU111,Water Bottle,Fitness,Vendor A,North,Retail Store,22.0,191.0,79,12,24.6,52.01,1144.22,False,0.0,18.3,4.2
2025-03-10,SKU101,Cotton T-Shirt,Apparel,Vendor A,North,Retail Store,16.0,218.0,74,6,33.5,57.73,923.68,False,0.0,14.5,3.9
2025-12-17,SKU111,Water Bottle,Fitness,Vendor A,North,Wholesale,38.0,206.0,79,12,24.6,52.01,1976.38,False,0.0,23.2,3.4
2025-12-24,SKU109,Gym Bag,Fitness,Vendor C,West,Retail Store,18.0,152.0,45,12,73.66,161.49,2906.82,False,0.0,16.3,4.2
2025-10-06,SKU102,Running Shoes,Footwear,Vendor B,West,Retail Store,54.0,153.0,51,14,48.81,90.37,4879.98,False,0.0,38.5,4.6
2025-04-06,SKU110,Smart Watch,Electronics,Vendor D,North,Online,81.0,174.0,88,6,77.96,163.29,13226.49,False,0.0,21.9,4.5
2025-08-12,SKU102,Running Shoes,Footwear,Vendor B,West,Online,54.0,208.0,51,14,48.81,90.37,4879.98,False,0.0,13.6,3.9
2025-07-09,SKU109,Gym Bag,Fitness,Vendor C,West,Online,9.0,76.0,45,12,73.66,161.49,1453.41,False,0.0,27.6,4.6
2025-10-22,SKU110,Smart Watch,Electronics,Vendor D,North,Online,41.0,347.0,88,6,77.96,163.29,6694.89,False,0.0,30.5,4.7
2025-05-28,SKU110,Smart Watch,Electronics,Vendor D,North,Retail Store,67.0,93.0,88,6,77.96,163.29,10940.43,False,0.0,27.1,3.4
2025-04-01,SKU105,Sunglasses,Accessories,Vendor A,North,Retail Store,24.0,205.0,59,3,85.64,143.16,3435.84,False,0.0,27.6,3.9
2025-01-31,SKU106,Denim Jeans,Apparel,Vendor C,South,Retail Store,53.0,275.0,87,9,71.61,120.54,6388.62,False,0.0,13.8,4.5
2025-05-18,SKU105,Sunglasses,Accessories,Vendor A,North,Online,26.0,100.0,59,3,85.64,143.16,3722.16,False,0.0,36.7,3.5
2025-03-14,SKU110,Smart Watch,Electronics,Vendor D,North,Retail Store,60.0,146.0,88,6,77.96,163.29,9797.4,False,0.0,25.1,4.7
2025-09-15,SKU105,Sunglasses,Accessories,Vendor A,North,Online,23.0,127.0,59,3,85.64,143.16,3292.68,False,0.0,29.1,4.3
2025-07-21,SKU108,Sports Socks,Apparel,Vendor B,East,Wholesale,39.0,114.0,64,3,56.21,111.36,4343.04,False,0.0,37.5,5.0
2025-01-18,SKU111,Water Bottle,Fitness,Vendor A,North,Online,33.0,264.0,79,12,24.6,52.01,1716.33,False,0.0,10.8,3.7
2025-10-04,SKU109,Gym Bag,Fitness,Vendor C,West,Retail Store,18.0,154.0,45,12,73.66,161.49,2906.82,False,0.0,14.4,4.3
2025-04-27,SKU108,Sports Socks,Apparel,Vendor B,East,Online,76.0,206.0,64,3,56.21,111.36,8463.36,False,0.0,25.3,5.0
2025-08-05,SKU108,Sports Socks,Apparel,Vendor B,East,Online,53.0,127.0,64,3,56.21,111.36,5902.08,False,0.0,34.0,4.7
2025-08-14,SKU112,Hoodie,Apparel,Vendor B,South,Retail Store,29.0,111.0,73,11,65.48,148.54,4307.66,False,0.0,36.2,4.0
2025-02-25,SKU112,Hoodie,Apparel,Vendor B,South,Online,38.0,91.0,73,11,65.48,148.54,5644.52,False,0.0,25.1,3.7
2025-02-25,SKU109,Gym Bag,Fitness,Vendor C,West,Retail Store,3.0,139.0,45,12,73.66,161.49,484.47,False,0.0,16.9,5.0
2025-04-03,SKU112,Hoodie,Apparel,Vendor B,South,Online,36.0,104.0,73,11,65.48,148.54,5347.44,False,0.0,29.6,4.4
2025-09-11,SKU107,Baseball Cap,Accessories,Vendor A,South,Retail Store,61.0,205.0,74,13,46.67,72.31,4410.91,False,0.0,24.6,3.2
2025-04-20,SKU103,Yoga Mat,Fitness,Vendor C,East,Retail Store,59.0,238.0,42,8,28.05,51.04,3011.36,False,0.0,38.2,3.1
2025-06-03,SKU105,Sunglasses,Accessories,Vendor A,North,Retail Store,24.0,314.0,59,3,85.64,143.16,3435.84,False,0.0,28.6,4.1
2025-04-24,SKU104,Protein Powder,Health,Vendor B,East,Online,20.0,93.0,70,9,49.68,111.64,2232.8,False,0.0,40.4,3.4
2025-08-26,SKU112,Hoodie,Apparel,Vendor B,South,Online,49.0,182.0,73,11,65.48,148.54,7278.46,False,0.0,35.1,4.3
2025-07-27,SKU109,Gym Bag,Fitness,Vendor C,West,Online,19.0,244.0,45,12,73.66,161.49,3068.31,False,0.0,29.3,4.3
2025-08-08,SKU104,Protein Powder,Health,Vendor B,East,Online,24.0,179.0,70,9,49.68,111.64,2679.36,True,34.0,30.1,5.0
2025-12-03,SKU107,Baseball Cap,Accessories,Vendor A,South,Retail Store,89.0,131.0,74,13,46.67,72.31,6435.59,False,0.0,23.6,3.6
2025-08-08,SKU111,Water Bottle,Fitness,Vendor A,North,Wholesale,26.0,205.0,79,12,24.6,52.01,1352.26,False,0.0,33.3,4.1
2025-01-11,SKU101,Cotton T-Shirt,Apparel,Vendor A,North,Retail Store,22.0,211.0,74,6,33.5,57.73,1270.06,False,0.0,26.8,4.5
2025-06-15,SKU101,Cotton T-Shirt,Apparel,Vendor A,North,Online,35.0,132.0,74,6,33.5,57.73,2020.55,False,0.0,29.9,4.0
2025-05-28,SKU106,Denim Jeans,Apparel,Vendor C,South,Online,57.0,336.0,87,9,71.61,120.54,6870.78,False,0.0,33.6,3.7
2025-07-10,SKU102,Running Shoes,Footwear,Vendor B,West,Retail Store,62.0,215.0,51,14,48.81,90.37,5602.94,False,0.0,33.9,4.6
2025-07-02,SKU108,Sports Socks,Apparel,Vendor B,East,Online,40.0,207.0,64,3,56.21,111.36,4454.4,False,0.0,19.7,4.1
2025-04-18,SKU112,Hoodie,Apparel,Vendor B,South,Retail Store,43.0,77.0,73,11,65.48,148.54,6387.22,False,0.0,26.1,3.7
2025-04-26,SKU101,Cotton T-Shirt,Apparel,Vendor A,North,Online,21.0,187.0,74,6,33.5,57.73,1212.33,False,0.0,47.9,4.1
2025-11-14,SKU102,Running Shoes,Footwear,Vendor B,West,Online,89.0,179.0,51,14,48.81,90.37,8042.93,False,0.0,5.4,4.8
2025-11-07,SKU101,Cotton T-Shirt,Apparel,Vendor A,North,Retail Store,29.0,338.0,74,6,33.5,57.73,1674.17,False,0.0,25.5,4.4
2025-11-21,SKU112,Hoodie,Apparel,Vendor B,South,Online,70.0,191.0,73,11,65.48,148.54,10397.8,False,0.0,12.1,4.1
2025-04-21,SKU102,Running Shoes,Footwear,Vendor B,West,Online,54.0,172.0,51,14,48.81,90.37,4879.98,False,0.0,18.2,4.2
2025-10-06,SKU107,Baseball Cap,Accessories,Vendor A,South,Retail Store,42.0,147.0,74,13,46.67,72.31,3037.02,False,0.0,22.5,4.7
2025-05-08,SKU104,Protein Powder,Health,Vendor B,East,Retail Store,16.0,201.0,70,9,49.68,111.64,1786.24,False,0.0,36.3,3.9
2025-02-17,SKU108,Sports Socks,Apparel,Vendor B,East,Online,41.0,95.0,64,3,56.21,111.36,4565.76,False,0.0,19.4,5.0
2025-05-30,SKU103,Yoga Mat,Fitness,Vendor C,East,Online,45.0,205.0,42,8,28.05,51.04,2296.8,False,0.0,27.8,3.1
2025-04-11,SKU110,Smart Watch,Electronics,Vendor D,North,Retail Store,42.0,343.0,88,6,77.96,163.29,6858.18,False,0.0,31.9,4.1
2025-08-07,SKU101,Cotton T-Shirt,Apparel,Vendor A,North,Retail Store,18.0,224.0,74,6,33.5,57.73,1039.14,False,0.0,34.2,3.8
2025-07-31,SKU101,Cotton T-Shirt,Apparel,Vendor A,North,Online,32.0,190.0,74,6,33.5,57.73,1847.36,True,16.0,15.8,4.5
2025-05-08,SKU108,Sports Socks,Apparel,Vendor B,East,Retail Store,49.0,123.0,64,3,56.21,111.36,5456.64,False,0.0,32.5,4.0
2025-07-26,SKU105,Sunglasses,Accessories,Vendor A,North,Retail Store,28.0,188.0,59,3,85.64,143.16,4008.48,False,0.0,25.7,4.2
2025-10-05,SKU106,Denim Jeans,Apparel,Vendor C,South,Retail Store,84.0,207.0,87,9,71.61,120.54,10125.36,False,0.0,27.1,4.7
2025-06-06,SKU112,Hoodie,Apparel,Vendor B,South,Online,44.0,209.0,73,11,65.48,148.54,6535.76,False,0.0,19.1,4.5
2025-07-26,SKU109,Gym Bag,Fitness,Vendor C,West,Retail Store,14.0,263.0,45,12,73.66,161.49,2260.86,False,0.0,38.8,5.0
2025-04-06,SKU105,Sunglasses,Accessories,Vendor A,North,Retail Store,31.0,77.0,59,3,85.64,143.16,4437.96,False,0.0,15.1,3.7
2025-04-26,SKU112,Hoodie,Apparel,Vendor B,South,Online,46.0,255.0,73,11,65.48,148.54,6832.84,False,0.0,36.5,4.1
2025-10-11,SKU102,Running Shoes,Footwear,Vendor B,West,Online,93.0,56.0,51,14,48.81,90.37,8404.41,False,0.0,35.0,4.3
2025-11-28,SKU108,Sports Socks,Apparel,Vendor B,East,Online,57.0,274.0,64,3,56.21,111.36,6347.52,False,0.0,33.3,3.8
2025-07-14,SKU106,Denim Jeans,Apparel,Vendor C,South,Online,63.0,241.0,87,9,71.61,120.54,7594.02,False,0.0,25.9,4.5
2025-07-31,SKU112,Hoodie,Apparel,Vendor B,South,Retail Store,30.0,150.0,73,11,65.48,148.54,4456.2,False,0.0,30.5,3.4
2025-05-15,SKU105,Sunglasses,Accessories,Vendor A,North,Retail Store,27.0,179.0,59,3,85.64,143.16,3865.32,False,0.0,26.0,2.9
2025-10-10,SKU103,Yoga Mat,Fitness,Vendor C,East,Online,62.0,185.0,42,8,28.05,51.04,3164.48,False,0.0,34.5,4.5
2025-04-20,SKU111,Water Bottle,Fitness,Vendor A,North,Wholesale,35.0,179.0,79,12,24.6,52.01,1820.35,False,0.0,38.2,4.1
2025-04-20,SKU110,Smart Watch,Electronics,Vendor D,North,Online,82.0,169.0,88,6,77.96,163.29,13389.78,False,0.0,25.7,3.5
2025-09-16,SKU104,Protein Powder,Health,Vendor B,East,Retail Store,18.0,141.0,70,9,49.68,111.64,2009.52,False,0.0,21.3,4.5
2025-04-01,SKU106,Denim Jeans,Apparel,Vendor C,South,Online,70.0,177.0,87,9,71.61,120.54,8437.8,False,0.0,11.9,3.7
2025-02-26,SKU105,Sunglasses,Accessories,Vendor A,North,Wholesale,17.0,126.0,59,3,85.64,143.16,2433.72,False,0.0,26.3,4.0
2025-07-31,SKU108,Sports Socks,Apparel,Vendor B,East,Online,46.0,103.0,64,3,56.21,111.36,5122.56,False,0.0,38.0,4.0
2025-12-19,SKU110,Smart Watch,Electronics,Vendor D,North,Retail Store,70.0,92.0,88,6,77.96,163.29,11430.3,False,0.0,33.6,4.5
2025-04-19,SKU106,Denim Jeans,Apparel,Vendor C,South,Retail Store,79.0,145.0,87,9,71.61,120.54,9522.66,False,0.0,24.6,3.8
2025-02-01,SKU112,Hoodie,Apparel,Vendor B,South,Online,47.0,199.0,73,11,65.48,148.54,6981.38,False,0.0,29.9,4.8
2025-04-20,SKU112,Hoodie,Apparel,Vendor B,South,Online,64.0,121.0,73,11,65.48,148.54,9506.56,False,0.0,21.3,4.9
2025-01-06,SKU107,Baseball Cap,Accessories,Vendor A,South,Online,40.0,131.0,74,13,46.67,72.31,2892.4,True,28.0,21.5,3.5
2025-08-02,SKU111,Water Bottle,Fitness,Vendor A,North,Retail Store,40.0,227.0,79,12,24.6,52.01,2080.4,False,0.0,38.3,3.9
2025-03-23,SKU109,Gym Bag,Fitness,Vendor C,West,Online,14.0,100.0,45,12,73.66,161.49,2260.86,False,0.0,23.0,4.3
2025-04-23,SKU107,Baseball Cap,Accessories,Vendor A,South,Wholesale,52.0,186.0,74,13,46.67,72.31,3760.12,False,0.0,31.7,4.0
2025-03-06,SKU106,Denim Jeans,Apparel,Vendor C,South,Retail Store,62.0,228.0,87,9,71.61,120.54,7473.48,True,21.0,17.7,2.6
2025-11-26,SKU106,Denim Jeans,Apparel,Vendor C,South,Retail Store,83.0,148.0,87,9,71.61,120.54,10004.82,False,0.0,23.9,4.4
2025-07-20,SKU102,Running Shoes,Footwear,Vendor B,West,Online,69.0,249.0,51,14,48.81,90.37,6235.53,False,0.0,29.9,3.5
2025-09-08,SKU107,Baseball Cap,Accessories,Vendor A,South,Retail Store,60.0,105.0,74,13,46.67,72.31,4338.6,False,0.0,25.9,4.6
2025-04-23,SKU112,Hoodie,Apparel,Vendor B,South,Online,46.0,174.0,73,11,65.48,148.54,6832.84,False,0.0,29.7,4.2
2025-12-26,SKU112,Hoodie,Apparel,Vendor B,South,Online,75.0,82.0,73,11,65.48,148.54,11140.5,False,0.0,25.0,4.1
2025-08-19,SKU101,Cotton T-Shirt,Apparel,Vendor A,North,Online,23.0,98.0,74,6,33.5,57.73,1327.79,False,0.0,11.8,4.6
2025-05-19,SKU111,Water Bottle,Fitness,Vendor A,North,Online,28.0,182.0,79,12,24.6,52.01,1456.28,False,0.0,25.9,4.4
2025-01-05,SKU107,Baseball Cap,Accessories,Vendor A,South,Retail Store,57.0,171.0,74,13,46.67,72.31,4121.67,False,0.0,15.3,3.8
2025-02-18,SKU101,Cotton T-Shirt,Apparel,Vendor A,North,Online,20.0,286.0,74,6,33.5,57.73,1154.6,False,0.0,36.2,3.3
2025-10-17,SKU103,Yoga Mat,Fitness,Vendor C,East,Retail Store,105.0,171.0,42,8,28.05,51.04,5359.2,True,24.0,19.6,4.0
2025-01-26,SKU107,Baseball Cap,Accessories,Vendor A,South,Retail Store,65.0,133.0,74,13,46.67,72.31,4700.15,False,0.0,21.4,3.9
2025-03-10,SKU105,Sunglasses,Accessories,Vendor A,North,Online,15.0,66.0,59,3,85.64,143.16,2147.4,False,0.0,19.6,4.2
2025-08-15,SKU103,Yoga Mat,Fitness,Vendor C,East,Retail Store,31.0,227.0,42,8,28.05,51.04,1582.24,False,0.0,23.4,3.2
2025-02-22,SKU101,Cotton T-Shirt,Apparel,Vendor A,North,Retail Store,13.0,231.0,74,6,33.5,57.73,750.49,False,0.0,21.8,3.9
2025-08-22,SKU102,Running Shoes,Footwear,Vendor B,West,Retail Store,51.0,51.0,51,14,48.81,90.37,4608.87,False,0.0,39.2,4.2
2025-10-23,SKU105,Sunglasses,Accessories,Vendor A,North,Online,17.0,166.0,59,3,85.64,143.16,2433.72,False,0.0,32.1,4.3
2025-03-20,SKU103,Yoga Mat,Fitness,Vendor C,East,Retail Store,55.0,93.0,42,8,28.05,51.04,2807.2,False,0.0,25.9,3.8
2025-09-28,SKU106,Denim Jeans,Apparel,Vendor C,South,Online,87.0,199.0,87,9,71.61,120.54,10486.98,False,0.0,35.9,3.7
2025-07-15,SKU110,Smart Watch,Electronics,Vendor D,North,Online,71.0,187.0,88,6,77.96,163.29,11593.59,False,0.0,34.0,4.0
2025-12-10,SKU110,Smart Watch,Electronics,Vendor D,North,Online,101.0,165.0,88,6,77.96,163.29,16492.29,False,0.0,27.7,4.3
2025-04-19,SKU111,Water Bottle,Fitness,Vendor A,North,Online,73.0,214.0,79,12,24.6,52.01,3796.73,True,35.0,45.7,4.1
2025-03-30,SKU110,Smart Watch,Electronics,Vendor D,North,Wholesale,77.0,92.0,88,6,77.96,163.29,12573.33,False,0.0,19.2,3.8
2025-02-04,SKU102,Running Shoes,Footwear,Vendor B,West,Wholesale,43.0,202.0,51,14,48.81,90.37,3885.91,False,0.0,24.2,4.0
2025-03-27,SKU111,Water Bottle,Fitness,Vendor A,North,Wholesale,27.0,177.0,79,12,24.6,52.01,1404.27,False,0.0,28.4,5.0
2025-04-28,SKU108,Sports Socks,Apparel,Vendor B,East,Retail Store,37.0,169.0,64,3,56.21,111.36,4120.32,False,0.0,18.6,3.8
2025-10-14,SKU102,Running Shoes,Footwear,Vendor B,West,Online,53.0,54.0,51,14,48.81,90.37,4789.61,False,0.0,34.6,3.5
2025-11-11,SKU109,Gym Bag,Fitness,Vendor C,West,Wholesale,16.0,99.0,45,12,73.66,161.49,2583.84,False,0.0,13.6,4.0
2025-12-18,SKU108,Sports Socks,Apparel,Vendor B,East,Retail Store,83.0,218.0,64,3,56.21,111.36,9242.88,False,0.0,26.8,3.7
2025-04-14,SKU102,Running Shoes,Footwear,Vendor B,West,Online,47.0,165.0,51,14,48.81,90.37,4247.39,False,0.0,34.3,2.7
2025-09-28,SKU105,Sunglasses,Accessories,Vendor A,North,Retail Store,29.0,246.0,59,3,85.64,143.16,4151.64,False,0.0,24.2,5.0
2025-10-11,SKU103,Yoga Mat,Fitness,Vendor C,East,Online,67.0,118.0,42,8,28.05,51.04,3419.68,False,0.0,21.4,4.3
2025-01-20,SKU111,Water Bottle,Fitness,Vendor A,North,Retail Store,19.0,226.0,79,12,24.6,52.01,988.19,True,40.0,18.5,4.6
2025-08-23,SKU112,Hoodie,Apparel,Vendor B,South,Online,,114.0,73,11,65.48,148.54,8466.78,False,0.0,20.4,3.0
2025-12-14,SKU101,Cotton T-Shirt,Apparel,Vendor A,North,Wholesale,43.0,145.0,74,6,33.5,57.73,2482.39,False,0.0,24.3,3.8
2025-05-16,SKU105,Sunglasses,Accessories,Vendor A,North,Online,21.0,158.0,59,3,85.64,143.16,3006.36,False,0.0,31.8,4.8
2025-05-19,SKU107,Baseball Cap,Accessories,Vendor A,South,Retail Store,105.0,114.0,74,13,46.67,72.31,7592.55,True,27.0,18.7,4.2
2025-09-18,SKU103,Yoga Mat,Fitness,Vendor C,East,Online,50.0,129.0,42,8,28.05,51.04,2552.0,False,0.0,31.5,4.7
2025-05-24,SKU112,Hoodie,Apparel,Vendor B,South,Wholesale,71.0,268.0,73,11,65.48,148.54,10546.34,False,0.0,24.2,3.9
2025-01-24,SKU105,Sunglasses,Accessories,Vendor A,North,Online,30.0,212.0,59,3,85.64,143.16,4294.8,True,29.0,32.5,4.3
2025-12-28,SKU111,Water Bottle,Fitness,Vendor A,North,Retail Store,48.0,168.0,79,12,24.6,52.01,2496.48,False,0.0,22.0,5.0
2025-12-17,SKU102,Running Shoes,Footwear,Vendor B,West,Retail Store,73.0,63.0,51,14,48.81,90.37,6597.01,False,0.0,31.6,3.4
2025-01-10,SKU101,Cotton T-Shirt,Apparel,Vendor A,North,Online,11.0,233.0,74,6,33.5,57.73,635.03,False,0.0,13.8,3.9
2025-08-22,SKU108,Sports Socks,Apparel,Vendor B,East,Online,55.0,255.0,64,3,56.21,111.36,6124.8,False,0.0,40.6,4.5
2025-07-28,SKU105,Sunglasses,Accessories,Vendor A,North,Retail Store,16.0,142.0,59,3,85.64,143.16,2290.56,False,0.0,25.3,4.1
2025-12-05,SKU105,Sunglasses,Accessories,Vendor A,North,Online,64.0,168.0,59,3,85.64,143.16,9162.24,True,15.0,37.0,4.5
2025-05-09,SKU107,Baseball Cap,Accessories,Vendor A,South,Online,50.0,228.0,74,13,46.67,72.31,3615.5,False,0.0,14.3,4.2
2025-12-22,SKU106,Denim Jeans,Apparel,Vendor C,South,Online,88.0,184.0,87,9,71.61,120.54,10607.52,False,0.0,22.3,4.7
2025-10-09,SKU110,Smart Watch,Electronics,Vendor D,North,Online,65.0,282.0,88,6,77.96,163.29,10613.85,False,0.0,32.8,4.2
2025-04-08,SKU111,Water Bottle,Fitness,Vendor A,North,Retail Store,38.0,193.0,79,12,24.6,52.01,1976.38,False,0.0,30.7,3.6
2025-10-20,SKU111,Water Bottle,Fitness,Vendor A,North,Online,31.0,295.0,79,12,24.6,52.01,1612.31,False,0.0,21.2,4.0
2025-10-13,SKU101,Cotton T-Shirt,Apparel,Vendor A,North,Wholesale,22.0,84.0,74,6,33.5,57.73,1270.06,False,0.0,14.3,4.7
2025-02-04,SKU108,Sports Socks,Apparel,Vendor B,East,Online,12.0,,64,3,56.21,111.36,1336.32,False,0.0,19.1,3.6
2025-07-12,SKU105,Sunglasses,Accessories,Vendor A,North,Online,30.0,172.0,59,3,85.64,143.16,4294.8,False,0.0,15.4,4.1
2025-08-23,SKU108,Sports Socks,Apparel,Vendor B,East,Retail Store,84.0,171.0,64,3,56.21,111.36,9354.24,False,0.0,16.5,3.7
2025-03-21,SKU102,Running Shoes,Footwear,Vendor B,West,Wholesale,60.0,53.0,51,14,48.81,90.37,5422.2,False,0.0,9.1,4.0
2025-07-21,SKU107,Baseball Cap,Accessories,Vendor A,South,Online,56.0,282.0,74,13,46.67,72.31,4049.36,False,0.0,37.0,5.0
2025-02-20,SKU106,Denim Jeans,Apparel,Vendor C,South,Retail Store,50.0,192.0,87,9,71.61,120.54,6027.0,False,0.0,30.0,4.0
2025-04-11,SKU103,Yoga Mat,Fitness,Vendor C,East,Wholesale,58.0,63.0,42,8,28.05,51.04,2960.32,False,0.0,26.7,4.5
2025-11-23,SKU106,Denim Jeans,Apparel,Vendor C,South,Retail Store,124.0,145.0,87,9,71.61,120.54,14946.96,False,0.0,33.0,4.0
2025-08-30,SKU107,Baseball Cap,Accessories,Vendor A,South,Online,69.0,97.0,74,13,46.67,72.31,4989.39,False,0.0,21.4,4.8
2025-04-10,SKU101,Cotton T-Shirt,Apparel,Vendor A,North,Retail Store,16.0,132.0,74,6,33.5,57.73,923.68,False,0.0,31.1,4.6
2025-11-11,SKU111,Water Bottle,Fitness,Vendor A,North,Wholesale,42.0,160.0,79,12,24.6,52.01,2184.42,False,0.0,28.8,5.0
2025-02-21,SKU103,Yoga Mat,Fitness,Vendor C,East,Online,36.0,184.0,42,8,28.05,51.04,1837.44,False,0.0,10.4,5.0
2025-03-15,SKU103,Yoga Mat,Fitness,Vendor C,East,Retail Store,75.0,119.0,42,8,28.05,51.04,3828.0,False,0.0,30.2,3.9
2025-12-15,SKU108,Sports Socks,Apparel,Vendor B,East,Wholesale,86.0,87.0,64,3,56.21,111.36,9576.96,False,0.0,19.3,4.4
2025-03-13,SKU107,Baseball Cap,Accessories,Vendor A,South,Online,43.0,228.0,74,13,46.67,72.31,3109.33,False,0.0,34.4,4.7
2025-05-11,SKU102,Running Shoes,Footwear,Vendor B,West,Wholesale,94.0,204.0,51,14,48.81,90.37,8494.78,False,0.0,15.5,5.0
2025-10-18,SKU107,Baseball Cap,Accessories,Vendor A,South,Online,79.0,90.0,74,13,46.67,72.31,5712.49,False,0.0,23.3,4.7
2025-01-01,SKU107,Baseball Cap,Accessories,Vendor A,South,Online,28.0,347.0,74,13,46.67,72.31,2024.68,False,0.0,20.8,4.5
2025-04-08,SKU103,Yoga Mat,Fitness,Vendor C,East,Online,78.0,214.0,42,8,28.05,51.04,3981.12,True,31.0,31.2,3.7
2025-04-01,SKU111,Water Bottle,Fitness,Vendor A,North,Wholesale,25.0,265.0,79,12,24.6,52.01,1300.25,False,0.0,24.0,3.8
2025-01-06,SKU111,Water Bottle,Fitness,Vendor A,North,Online,15.0,298.0,79,12,24.6,52.01,780.15,False,0.0,34.6,4.2
2025-01-25,SKU107,Baseball Cap,Accessories,Vendor A,South,Wholesale,53.0,198.0,74,13,46.67,72.31,3832.43,False,0.0,33.1,4.2
2025-01-20,SKU107,Baseball Cap,Accessories,Vendor A,South,Online,39.0,239.0,74,13,46.67,72.31,2820.09,False,0.0,27.7,4.1
2025-03-06,SKU111,Water Bottle,Fitness,Vendor A,North,Retail Store,18.0,305.0,79,12,24.6,52.01,936.18,False,0.0,25.6,3.9
2025-06-23,SKU111,Water Bottle,Fitness,Vendor A,North,Retail Store,16.0,242.0,79,12,24.6,52.01,832.16,False,0.0,30.2,4.0
2025-10-16,SKU109,Gym Bag,Fitness,Vendor C,West,Online,11.0,271.0,45,12,73.66,161.49,1776.39,False,0.0,10.0,4.9
2025-05-15,SKU112,Hoodie,Apparel,Vendor B,South,Retail Store,,154.0,73,11,65.48,148.54,6684.3,False,0.0,19.3,4.5
2025-05-08,SKU106,Denim Jeans,Apparel,Vendor C,South,Retail Store,59.0,177.0,87,9,71.61,120.54,7111.86,False,0.0,27.2,3.8
2025-09-12,SKU111,Water Bottle,Fitness,Vendor A,North,Wholesale,29.0,302.0,79,12,24.6,52.01,1508.29,False,0.0,32.5,4.9
2025-06-18,SKU109,Gym Bag,Fitness,Vendor C,West,Online,8.0,108.0,45,12,73.66,161.49,1291.92,False,0.0,25.5,3.5
2025-02-12,SKU104,Protein Powder,Health,Vendor B,East,Online,16.0,159.0,70,9,49.68,111.64,1786.24,False,0.0,25.8,3.9
2025-01-08,SKU101,Cotton T-Shirt,Apparel,Vendor A,North,Retail Store,11.0,258.0,74,6,33.5,57.73,635.03,False,0.0,35.4,4.2
2025-05-05,SKU104,Protein Powder,Health,Vendor B,East,Wholesale,21.0,271.0,70,9,49.68,111.64,2344.44,False,0.0,31.8,4.3
2025-01-13,SKU110,Smart Watch,Electronics,Vendor D,North,Retail Store,15.0,315.0,88,6,77.96,163.29,2449.35,False,0.0,29.4,4.1
2025-02-01,SKU107,Baseball Cap,Accessories,Vendor A,South,Retail Store,64.0,93.0,74,13,46.67,72.31,4627.84,False,0.0,36.3,3.8
2025-11-01,SKU107,Baseball Cap,Accessories,Vendor A,South,Retail Store,130.0,113.0,74,13,46.67,72.31,9400.3,False,0.0,23.5,3.4
2025-08-17,SKU111,Water Bottle,Fitness,Vendor A,North,Online,32.0,136.0,79,12,24.6,52.01,1664.32,False,0.0,28.0,4.9
2025-11-03,SKU112,Hoodie,Apparel,Vendor B,South,Online,120.0,279.0,73,11,65.48,148.54,17824.8,True,13.0,32.3,4.7
2025-09-11,SKU112,Hoodie,Apparel,Vendor B,South,Online,42.0,146.0,73,11,65.48,148.54,6238.68,False,0.0,24.6,4.0
2025-12-26,SKU108,Sports Socks,Apparel,Vendor B,East,Retail Store,58.0,191.0,64,3,56.21,111.36,6458.88,False,0.0,13.0,4.8
2025-03-14,SKU108,Sports Socks,Apparel,Vendor B,East,Retail Store,62.0,73.0,64,3,56.21,111.36,6904.32,False,0.0,42.4,4.1
2025-09-18,SKU110,Smart Watch,Electronics,Vendor D,North,Retail Store,50.0,89.0,88,6,77.96,163.29,8164.5,False,0.0,22.4,3.8
2025-05-19,SKU103,Yoga Mat,Fitness,Vendor C,East,Online,48.0,76.0,42,8,28.05,51.04,2449.92,False,0.0,18.7,4.8
2025-11-01,SKU111,Water Bottle,Fitness,Vendor A,North,Online,52.0,131.0,79,12,24.6,52.01,2704.52,False,0.0,34.3,4.8
2025-03-04,SKU107,Baseball Cap,Accessories,Vendor A,South,Online,25.0,200.0,74,13,46.67,72.31,1807.75,False,0.0,12.3,3.4
2025-06-22,SKU103,Yoga Mat,Fitness,Vendor C,East,Online,63.0,180.0,42,8,28.05,51.04,3215.52,False,0.0,17.4,3.7
2025-08-04,SKU102,Running Shoes,Footwear,Vendor B,West,Retail Store,69.0,131.0,51,14,48.81,90.37,6235.53,False,0.0,16.4,3.9
2025-10-15,SKU112,Hoodie,Apparel,Vendor B,South,Retail Store,54.0,98.0,73,11,65.48,148.54,8021.16,False,0.0,20.8,4.2
2025-09-22,SKU109,Gym Bag,Fitness,Vendor C,West,Retail Store,11.0,86.0,45,12,73.66,161.49,1776.39,False,0.0,29.7,4.0
2025-08-19,SKU112,Hoodie,Apparel,Vendor B,South,Online,42.0,93.0,73,11,65.48,148.54,6238.68,False,0.0,9.9,4.5
2025-05-01,SKU102,Running Shoes,Footwear,Vendor B,West,Online,66.0,137.0,51,14,48.81,90.37,5964.42,False,0.0,31.9,4.3
2025-05-09,SKU109,Gym Bag,Fitness,Vendor C,West,Online,14.0,139.0,45,12,73.66,161.49,2260.86,True,11.0,24.8,4.0
2025-08-27,SKU111,Water Bottle,Fitness,Vendor A,North,Online,29.0,100.0,79,12,24.6,52.01,1508.29,False,0.0,33.0,3.4
2025-10-07,SKU102,Running Shoes,Footwear,Vendor B,West,Online,66.0,87.0,51,14,48.81,90.37,5964.42,False,0.0,32.5,4.3
2025-12-07,SKU112,Hoodie,Apparel,Vendor B,South,Online,83.0,201.0,73,11,65.48,148.54,12328.82,False,0.0,18.4,4.8
2025-08-04,SKU103,Yoga Mat,Fitness,Vendor C,East,Retail Store,28.0,120.0,42,8,28.05,51.04,1429.12,False,0.0,7.9,3.8
2025-07-05,SKU106,Denim Jeans,Apparel,Vendor C,South,Retail Store,77.0,117.0,87,9,71.61,120.54,9281.58,False,0.0,29.6,5.0
2025-12-19,SKU108,Sports Socks,Apparel,Vendor B,East,Wholesale,77.0,141.0,64,3,56.21,111.36,8574.72,False,0.0,22.8,3.7
2025-05-14,SKU111,Water Bottle,Fitness,Vendor A,North,Online,25.0,328.0,79,12,24.6,52.01,1300.25,False,0.0,35.2,4.1
2025-06-09,SKU108,Sports Socks,Apparel,Vendor B,East,Online,89.0,154.0,64,3,56.21,111.36,9911.04,True,19.0,26.4,4.5
2025-01-27,SKU105,Sunglasses,Accessories,Vendor A,North,Wholesale,13.0,160.0,59,3,85.64,143.16,1861.08,False,0.0,24.3,3.2
2025-07-20,SKU111,Water Bottle,Fitness,Vendor A,North,Wholesale,38.0,150.0,79,12,24.6,52.01,1976.38,False,0.0,12.1,4.5
2025-01-04,SKU101,Cotton T-Shirt,Apparel,Vendor A,North,Online,12.0,306.0,74,6,33.5,57.73,692.76,False,0.0,25.8,5.0
2025-06-14,SKU110,Smart Watch,Electronics,Vendor D,North,Retail Store,96.0,215.0,88,6,77.96,163.29,15675.84,False,0.0,20.8,4.7
2025-11-27,SKU111,Water Bottle,Fitness,Vendor A,North,Online,37.0,161.0,79,12,24.6,52.01,1924.37,False,0.0,33.6,4.1
2025-11-04,SKU103,Yoga Mat,Fitness,Vendor C,East,Online,69.0,127.0,42,8,28.05,51.04,3521.76,False,0.0,20.7,4.3
2025-08-05,SKU107,Baseball Cap,Accessories,Vendor A,South,Online,54.0,92.0,74,13,46.67,72.31,3904.74,False,0.0,27.8,4.8
2025-10-14,SKU107,Baseball Cap,Accessories,Vendor A,South,Online,52.0,96.0,74,13,46.67,72.31,3760.12,False,0.0,11.8,4.6
2025-05-15,SKU107,Baseball Cap,Accessories,Vendor A,South,Retail Store,68.0,98.0,74,13,46.67,72.31,4917.08,False,0.0,29.4,4.1
2025-09-24,SKU101,Cotton T-Shirt,Apparel,Vendor A,North,Wholesale,15.0,256.0,74,6,33.5,57.73,865.95,False,0.0,29.6,4.8
2025-01-31,SKU105,Sunglasses,Accessories,Vendor A,North,Wholesale,11.0,105.0,59,3,85.64,143.16,1574.76,False,0.0,28.2,4.8
2025-01-20,SKU103,Yoga Mat,Fitness,Vendor C,East,Online,46.0,156.0,42,8,28.05,51.04,2347.84,True,12.0,30.8,4.7
2025-01-17,SKU110,Smart Watch,Electronics,Vendor D,North,Online,45.0,149.0,88,6,77.96,163.29,7348.05,False,0.0,37.2,4.2
2025-05-07,SKU102,Running Shoes,Footwear,Vendor B,West,Wholesale,54.0,118.0,51,14,48.81,90.37,4879.98,False,0.0,24.6,4.8
2025-03-10,SKU106,Denim Jeans,Apparel,Vendor C,South,Online,65.0,178.0,87,9,71.61,120.54,7835.1,False,0.0,29.7,4.7
2025-10-10,SKU105,Sunglasses,Accessories,Vendor A,North,Online,22.0,253.0,59,3,85.64,143.16,3149.52,False,0.0,16.0,4.0
2025-09-11,SKU106,Denim Jeans,Apparel,Vendor C,South,Online,82.0,289.0,87,9,71.61,120.54,9884.28,False,0.0,23.1,3.3
2025-03-22,SKU102,Running Shoes,Footwear,Vendor B,West,Online,71.0,178.0,51,14,48.81,90.37,6416.27,False,0.0,21.3,4.2
2025-09-11,SKU108,Sports Socks,Apparel,Vendor B,East,Wholesale,40.0,215.0,64,3,56.21,111.36,4454.4,False,0.0,25.3,4.2
2025-12-18,SKU111,Water Bottle,Fitness,Vendor A,North,Online,41.0,165.0,79,12,24.6,52.01,2132.41,False,0.0,40.0,4.1
2025-08-20,SKU107,Baseball Cap,Accessories,Vendor A,South,Online,61.0,81.0,74,13,46.67,72.31,4410.91,False,0.0,12.5,3.8
2025-04-14,SKU112,Hoodie,Apparel,Vendor B,South,Online,47.0,125.0,73,11,65.48,148.54,6981.38,False,0.0,9.4,4.7
2025-04-27,SKU111,Water Bottle,Fitness,Vendor A,North,Wholesale,32.0,168.0,79,12,24.6,52.01,1664.32,False,0.0,25.2,4.2
2025-07-30,SKU109,Gym Bag,Fitness,Vendor C,West,Online,12.0,208.0,45,12,73.66,161.49,1937.88,False,0.0,23.3,4.5
2025-09-26,SKU109,Gym Bag,Fitness,Vendor C,West,Online,11.0,261.0,45,12,73.66,161.49,1776.39,False,0.0,35.0,4.5
2025-01-24,SKU103,Yoga Mat,Fitness,Vendor C,East,Online,24.0,55.0,42,8,28.05,51.04,1224.96,False,0.0,17.3,4.4
2025-05-10,SKU104,Protein Powder,Health,Vendor B,East,Online,26.0,143.0,70,9,49.68,111.64,2902.64,False,0.0,34.6,4.9
2025-08-06,SKU105,Sunglasses,Accessories,Vendor A,North,Online,20.0,161.0,59,3,85.64,143.16,2863.2,False,0.0,30.0,4.4
2025-07-15,SKU105,Sunglasses,Accessories,Vendor A,North,Online,25.0,78.0,59,3,85.64,143.16,3579.0,False,0.0,20.5,3.8
2025-12-15,SKU112,Hoodie,Apparel,Vendor B,South,Retail Store,61.0,113.0,73,11,65.48,148.54,9060.94,False,0.0,19.9,4.0
2025-12-19,SKU111,Water Bottle,Fitness,Vendor A,North,Online,43.0,122.0,79,12,24.6,52.01,2236.43,False,0.0,27.9,4.8
2025-03-07,SKU105,Sunglasses,Accessories,Vendor A,North,Retail Store,20.0,136.0,59,3,85.64,143.16,2863.2,False,0.0,28.4,3.4
2025-09-07,SKU107,Baseball Cap,Accessories,Vendor A,South,Online,68.0,165.0,74,13,46.67,72.31,4917.08,False,0.0,32.7,3.7
2025-01-12,SKU109,Gym Bag,Fitness,Vendor C,West,Online,9.0,97.0,45,12,73.66,161.49,1453.41,False,0.0,22.4,4.2
2025-03-11,SKU103,Yoga Mat,Fitness,Vendor C,East,Retail Store,55.0,104.0,42,8,28.05,51.04,2807.2,False,0.0,29.8,3.7
2025-09-15,SKU106,Denim Jeans,Apparel,Vendor C,South,Wholesale,50.0,211.0,87,9,71.61,120.54,6027.0,False,0.0,43.0,3.6
2025-06-23,SKU104,Protein Powder,Health,Vendor B,East,Online,23.0,313.0,70,9,49.68,111.64,2567.72,False,0.0,26.4,4.0
2025-03-31,SKU112,Hoodie,Apparel,Vendor B,South,Online,31.0,77.0,73,11,65.48,148.54,4604.74,False,0.0,28.1,4.0
2025-11-10,SKU110,Smart Watch,Electronics,Vendor D,North,Wholesale,83.0,170.0,88,6,77.96,163.29,13553.07,False,0.0,29.6,3.2
2025-04-17,SKU110,Smart Watch,Electronics,Vendor D,North,Retail Store,72.0,301.0,88,6,77.96,163.29,11756.88,False,0.0,22.3,4.5
2025-03-17,SKU102,Running Shoes,Footwear,Vendor B,West,Retail Store,67.0,110.0,51,14,48.81,90.37,6054.79,False,0.0,42.7,3.8
2025-09-17,SKU102,Running Shoes,Footwear,Vendor B,West,Retail Store,57.0,69.0,51,14,48.81,90.37,5151.09,False,0.0,22.3,4.5
2025-10-24,SKU111,Water Bottle,Fitness,Vendor A,North,Wholesale,24.0,191.0,79,12,24.6,52.01,1248.24,False,0.0,14.6,3.6
2025-02-20,SKU102,Running Shoes,Footwear,Vendor B,West,Online,41.0,73.0,51,14,48.81,90.37,3705.17,False,0.0,25.2,3.7
2025-07-29,SKU101,Cotton T-Shirt,Apparel,Vendor A,North,Online,22.0,82.0,74,6,33.5,57.73,1270.06,False,0.0,47.4,4.5
2025-04-15,SKU104,Protein Powder,Health,Vendor B,East,Online,21.0,281.0,70,9,49.68,111.64,2344.44,False,0.0,15.1,4.0
2025-02-14,SKU105,Sunglasses,Accessories,Vendor A,North,Retail Store,22.0,171.0,59,3,85.64,143.16,3149.52,False,0.0,19.3,4.3
2025-12-22,SKU111,Water Bottle,Fitness,Vendor A,North,Retail Store,36.0,129.0,79,12,24.6,52.01,1872.36,False,0.0,38.4,4.4
2025-02-05,SKU104,Protein Powder,Health,Vendor B,East,Online,7.0,118.0,70,9,49.68,111.64,781.48,False,0.0,17.9,4.2
2025-07-21,SKU111,Water Bottle,Fitness,Vendor A,North,Retail Store,20.0,130.0,79,12,24.6,52.01,1040.2,False,0.0,17.8,4.6
2025-09-05,SKU107,Baseball Cap,Accessories,Vendor A,South,Retail Store,34.0,189.0,74,13,46.67,72.31,2458.54,False,0.0,27.0,4.4
2025-04-20,SKU107,Baseball Cap,Accessories,Vendor A,South,Retail Store,79.0,172.0,74,13,46.67,72.31,5712.49,False,0.0,28.9,4.0
2025-03-04,SKU104,Protein Powder,Health,Vendor B,East,Online,18.0,241.0,70,9,49.68,111.64,2009.52,False,0.0,34.1,3.9
2025-01-19,SKU109,Gym Bag,Fitness,Vendor C,West,Retail Store,13.0,283.0,45,12,73.66,161.49,2099.37,False,0.0,31.9,5.0
2025-06-05,SKU102,Running Shoes,Footwear,Vendor B,West,Retail Store,54.0,70.0,51,14,48.81,90.37,4879.98,False,0.0,40.1,4.7
2025-09-14,SKU104,Protein Powder,Health,Vendor B,East,Retail Store,35.0,188.0,70,9,49.68,111.64,3907.4,False,0.0,27.8,3.9
2025-11-03,SKU103,Yoga Mat,Fitness,Vendor C,East,Retail Store,70.0,196.0,42,8,28.05,51.04,3572.8,False,0.0,28.3,3.8
2025-04-09,SKU112,Hoodie,Apparel,Vendor B,South,Online,44.0,188.0,73,11,65.48,148.54,6535.76,False,0.0,25.8,4.8
2025-01-05,SKU109,Gym Bag,Fitness,Vendor C,West,Retail Store,12.0,145.0,45,12,73.66,161.49,1937.88,False,0.0,35.8,4.1
2025-05-22,SKU109,Gym Bag,Fitness,Vendor C,West,Online,13.0,233.0,45,12,73.66,161.49,2099.37,False,0.0,42.3,4.7
2025-08-03,SKU108,Sports Socks,Apparel,Vendor B,East,Online,74.0,237.0,64,3,56.21,111.36,8240.64,False,0.0,32.3,4.2
2025-01-04,SKU110,Smart Watch,Electronics,Vendor D,North,Online,52.0,133.0,88,6,77.96,163.29,8491.08,False,0.0,28.0,3.5
2025-08-16,SKU103,Yoga Mat,Fitness,Vendor C,East,Retail Store,71.0,156.0,42,8,28.05,51.04,3623.84,False,0.0,25.5,3.7
2025-07-29,SKU110,Smart Watch,Electronics,Vendor D,North,Retail Store,75.0,176.0,88,6,77.96,163.29,12246.75,False,0.0,28.4,4.6
2025-12-17,SKU104,Protein Powder,Health,Vendor B,East,Wholesale,32.0,205.0,70,9,49.68,111.64,3572.48,False,0.0,21.6,3.5
2025-11-05,SKU106,Denim Jeans,Apparel,Vendor C,South,Retail Store,89.0,255.0,87,9,71.61,120.54,10728.06,False,0.0,17.9,3.8
2025-07-02,SKU103,Yoga Mat,Fitness,Vendor C,East,Online,56.0,79.0,42,8,28.05,51.04,2858.24,False,0.0,30.1,4.1
2025-11-21,SKU107,Baseball Cap,Accessories,Vendor A,South,Retail Store,99.0,200.0,74,13,46.67,72.31,7158.69,False,0.0,29.0,4.6
2025-05-19,SKU106,Denim Jeans,Apparel,Vendor C,South,Online,83.0,127.0,87,9,71.61,120.54,10004.82,False,0.0,26.5,4.5
2025-02-22,SKU102,Running Shoes,Footwear,Vendor B,West,Retail Store,47.0,226.0,51,14,48.81,90.37,4247.39,False,0.0,23.7,3.7
2025-02-17,SKU102,Running Shoes,Footwear,Vendor B,West,Wholesale,42.0,51.0,51,14,48.81,90.37,3795.54,False,0.0,17.9,3.7
2025-07-16,SKU101,Cotton T-Shirt,Apparel,Vendor A,North,Online,13.0,112.0,74,6,33.5,57.73,750.49,False,0.0,39.4,4.4
2025-10-12,SKU101,Cotton T-Shirt,Apparel,Vendor A,North,Online,27.0,106.0,74,6,33.5,57.73,1558.71,False,0.0,38.2,5.0
2025-09-28,SKU111,Water Bottle,Fitness,Vendor A,North,Online,35.0,275.0,79,12,24.6,52.01,1820.35,False,0.0,16.8,4.1
2025-04-19,SKU105,Sunglasses,Accessories,Vendor A,North,Online,26.0,79.0,59,3,85.64,143.16,3722.16,False,0.0,35.3,4.9
2025-06-27,SKU108,Sports Socks,Apparel,Vendor B,East,Online,51.0,112.0,64,3,56.21,111.36,5679.36,False,0.0,24.7,3.9
2025-10-14,SKU110,Smart Watch,Electronics,Vendor D,North,Online,54.0,141.0,88,6,77.96,163.29,8817.66,False,0.0,14.2,4.6
2025-06-07,SKU112,Hoodie,Apparel,Vendor B,South,Online,69.0,140.0,73,11,65.48,148.54,10249.26,False,0.0,24.2,5.0
2025-12-10,SKU105,Sunglasses,Accessories,Vendor A,North,Wholesale,29.0,178.0,59,3,85.64,143.16,4151.64,False,0.0,34.9,3.4
2025-12-26,SKU101,Cotton T-Shirt,Apparel,Vendor A,North,Retail Store,40.0,239.0,74,6,33.5,57.73,2309.2,True,13.0,20.4,3.9
2025-11-25,SKU102,Running Shoes,Footwear,Vendor B,West,Wholesale,97.0,222.0,51,14,48.81,90.37,8765.89,False,0.0,18.8,4.8
2025-07-17,SKU108,Sports Socks,Apparel,Vendor B,East,Retail Store,41.0,156.0,64,3,56.21,111.36,4565.76,False,0.0,16.2,4.8
2025-05-04,SKU111,Water Bottle,Fitness,Vendor A,North,Wholesale,33.0,170.0,79,12,24.6,52.01,1716.33,False,0.0,38.0,3.7
2025-04-23,SKU101,Cotton T-Shirt,Apparel,Vendor A,North,Retail Store,27.0,243.0,74,6,33.5,57.73,1558.71,True,13.0,30.2,3.6
2025-02-19,SKU102,Running Shoes,Footwear,Vendor B,West,Retail Store,27.0,114.0,51,14,48.81,90.37,2439.99,False,0.0,23.9,3.8
2025-12-05,SKU101,Cotton T-Shirt,Apparel,Vendor A,North,Online,29.0,288.0,74,6,33.5,57.73,1674.17,False,0.0,23.7,3.1
2025-12-11,SKU107,Baseball Cap,Accessories,Vendor A,South,Online,89.0,128.0,74,13,46.67,72.31,6435.59,False,0.0,17.8,4.2
2025-06-30,SKU109,Gym Bag,Fitness,Vendor C,West,Retail Store,13.0,187.0,45,12,73.66,161.49,2099.37,False,0.0,32.5,3.9
2025-12-26,SKU103,Yoga Mat,Fitness,Vendor C,East,Retail Store,69.0,69.0,42,8,28.05,51.04,3521.76,False,0.0,31.6,3.6
2025-01-03,SKU109,Gym Bag,Fitness,Vendor C,West,Online,7.0,170.0,45,12,73.66,161.49,1130.43,False,0.0,21.2,4.6
2025-04-19,SKU110,Smart Watch,Electronics,Vendor D,North,Online,,116.0,88,6,77.96,163.29,17145.45,False,0.0,25.4,4.4
2025-12-03,SKU108,Sports Socks,Apparel,Vendor B,East,Online,90.0,179.0,64,3,56.21,111.36,10022.4,False,0.0,35.9,3.5
2025-07-17,SKU103,Yoga Mat,Fitness,Vendor C,East,Wholesale,51.0,240.0,42,8,28.05,51.04,2603.04,False,0.0,28.5,3.3
2025-03-12,SKU106,Denim Jeans,Apparel,Vendor C,South,Online,120.0,139.0,87,9,71.61,120.54,14464.8,True,13.0,16.6,3.2
2025-10-12,SKU112,Hoodie,Apparel,Vendor B,South,Retail Store,51.0,86.0,73,11,65.48,148.54,7575.54,False,0.0,24.8,4.6
2025-02-14,SKU107,Baseball Cap,Accessories,Vendor A,South,Online,31.0,193.0,74,13,46.67,72.31,2241.61,False,0.0,15.3,3.8
2025-06-04,SKU110,Smart Watch,Electronics,Vendor D,North,Online,82.0,196.0,88,6,77.96,163.29,13389.78,False,0.0,20.1,4.4
2025-01-16,SKU107,Baseball Cap,Accessories,Vendor A,South,Online,37.0,153.0,74,13,46.67,72.31,2675.47,False,0.0,28.7,4.2
2025-02-26,SKU112,Hoodie,Apparel,Vendor B,South,Wholesale,19.0,281.0,73,11,65.48,148.54,2822.26,False,0.0,25.1,4.7
2025-05-26,SKU111,Water Bottle,Fitness,Vendor A,North,Retail Store,28.0,178.0,79,12,24.6,52.01,1456.28,False,0.0,25.9,4.0
2025-12-09,SKU112,Hoodie,Apparel,Vendor B,South,Retail Store,61.0,81.0,73,11,65.48,148.54,9060.94,False,0.0,7.3,4.3
2025-12-20,SKU103,Yoga Mat,Fitness,Vendor C,East,Retail Store,169.0,215.0,42,8,28.05,51.04,8625.76,True,36.0,26.9,4.8
2025-09-28,SKU108,Sports Socks,Apparel,Vendor B,East,Online,78.0,168.0,64,3,56.21,111.36,8686.08,False,0.0,14.0,4.1
2025-11-06,SKU112,Hoodie,Apparel,Vendor B,South,Online,78.0,255.0,73,11,65.48,148.54,11586.12,False,0.0,19.7,3.9
2025-02-10,SKU107,Baseball Cap,Accessories,Vendor A,South,Online,46.0,333.0,74,13,46.67,72.31,3326.26,True,37.0,24.6,3.9
2025-12-13,SKU108,Sports Socks,Apparel,Vendor B,East,Wholesale,98.0,117.0,64,3,56.21,111.36,10913.28,False,0.0,39.3,5.0
2025-01-24,SKU112,Hoodie,Apparel,Vendor B,South,Online,29.0,75.0,73,11,65.48,148.54,4307.66,False,0.0,29.2,4.4
2025-06-07,SKU104,Protein Powder,Health,Vendor B,East,Online,32.0,215.0,70,9,49.68,111.64,3572.48,False,0.0,20.3,4.5
2025-11-10,SKU105,Sunglasses,Accessories,Vendor A,North,Retail Store,33.0,170.0,59,3,85.64,143.16,4724.28,False,0.0,40.7,5.0
2025-10-01,SKU101,Cotton T-Shirt,Apparel,Vendor A,North,Online,10.0,127.0,74,6,33.5,57.73,577.3,False,0.0,30.3,4.2
2025-07-02,SKU101,Cotton T-Shirt,Apparel,Vendor A,North,Online,20.0,129.0,74,6,33.5,57.73,1154.6,False,0.0,35.4,4.3
2025-08-27,SKU110,Smart Watch,Electronics,Vendor D,North,Retail Store,74.0,116.0,88,6,77.96,163.29,12083.46,False,0.0,29.1,4.5
2025-11-09,SKU106,Denim Jeans,Apparel,Vendor C,South,Online,225.0,311.0,87,9,71.61,120.54,27121.5,True,28.0,25.9,4.7
2025-01-12,SKU110,Smart Watch,Electronics,Vendor D,North,Online,57.0,330.0,88,6,77.96,163.29,9307.53,False,0.0,24.8,4.8
2025-10-06,SKU112,Hoodie,Apparel,Vendor B,South,Retail Store,47.0,177.0,73,11,65.48,148.54,6981.38,False,0.0,18.2,4.0
2025-05-12,SKU112,Hoodie,Apparel,Vendor B,South,Retail Store,51.0,188.0,73,11,65.48,148.54,7575.54,False,0.0,17.7,5.0
2025-05-02,SKU111,Water Bottle,Fitness,Vendor A,North,Retail Store,33.0,239.0,79,12,24.6,52.01,1716.33,False,0.0,25.8,4.7
2025-06-19,SKU108,Sports Socks,Apparel,Vendor B,East,Online,51.0,270.0,64,3,56.21,111.36,5679.36,False,0.0,33.8,3.5
2025-06-03,SKU110,Smart Watch,Electronics,Vendor D,North,Online,72.0,278.0,88,6,77.96,163.29,11756.88,False,0.0,19.2,3.8
2025-01-30,SKU106,Denim Jeans,Apparel,Vendor C,South,Online,42.0,328.0,87,9,71.61,120.54,5062.68,False,0.0,25.1,3.8
2025-02-23,SKU105,Sunglasses,Accessories,Vendor A,North,Online,16.0,178.0,59,3,85.64,143.16,2290.56,False,0.0,28.0,4.4
2025-08-05,SKU102,Running Shoes,Footwear,Vendor B,West,Online,71.0,60.0,51,14,48.81,90.37,6416.27,False,0.0,15.2,3.7
2025-09-17,SKU107,Baseball Cap,Accessories,Vendor A,South,Retail Store,50.0,110.0,74,13,46.67,72.31,3615.5,False,0.0,23.0,4.5
2025-11-30,SKU102,Running Shoes,Footwear,Vendor B,West,Online,112.0,62.0,51,14,48.81,90.37,10121.44,False,0.0,23.5,4.7
2025-10-29,SKU105,Sunglasses,Accessories,Vendor A,North,Retail Store,30.0,192.0,59,3,85.64,143.16,4294.8,False,0.0,24.9,3.5
2025-03-15,SKU102,Running Shoes,Footwear,Vendor B,West,Online,,65.0,51,14,48.81,90.37,7048.86,False,0.0,28.8,4.6
2025-06-12,SKU102,Running Shoes,Footwear,Vendor B,West,Wholesale,62.0,121.0,51,14,48.81,90.37,5602.94,False,0.0,43.0,5.0
2025-06-05,SKU110,Smart Watch,Electronics,Vendor D,North,Online,48.0,148.0,88,6,77.96,163.29,7837.92,False,0.0,30.5,4.9
2025-12-19,SKU102,Running Shoes,Footwear,Vendor B,West,Wholesale,96.0,177.0,51,14,48.81,90.37,8675.52,False,0.0,23.4,4.4
2025-01-04,SKU105,Sunglasses,Accessories,Vendor A,North,Online,,353.0,59,3,85.64,143.16,4008.48,False,0.0,26.8,5.0
2025-05-13,SKU108,Sports Socks,Apparel,Vendor B,East,Online,45.0,270.0,64,3,56.21,111.36,5011.2,False,0.0,28.3,4.7
2025-08-27,SKU101,Cotton T-Shirt,Apparel,Vendor A,North,Retail Store,23.0,120.0,74,6,33.5,57.73,1327.79,False,0.0,23.5,4.5
2025-09-22,SKU104,Protein Powder,Health,Vendor B,East,Online,23.0,219.0,70,9,49.68,111.64,2567.72,False,0.0,14.5,4.2
2025-07-01,SKU107,Baseball Cap,Accessories,Vendor A,South,Retail Store,78.0,91.0,74,13,46.67,72.31,5640.18,False,0.0,14.6,4.0
2025-02-23,SKU106,Denim Jeans,Apparel,Vendor C,South,Retail Store,72.0,156.0,87,9,71.61,120.54,8678.88,False,0.0,17.9,4.0
2025-06-17,SKU111,Water Bottle,Fitness,Vendor A,North,Online,17.0,213.0,79,12,24.6,52.01,884.17,False,0.0,40.8,5.0
2025-08-16,SKU101,Cotton T-Shirt,Apparel,Vendor A,North,Online,31.0,169.0,74,6,33.5,57.73,1789.63,False,0.0,22.7,4.4
2025-03-08,SKU107,Baseball Cap,Accessories,Vendor A,South,Retail Store,83.0,174.0,74,13,46.67,72.31,6001.73,False,0.0,31.5,4.5
2025-10-18,SKU103,Yoga Mat,Fitness,Vendor C,East,Retail Store,50.0,121.0,42,8,28.05,51.04,2552.0,False,0.0,18.3,3.8
2025-05-03,SKU105,Sunglasses,Accessories,Vendor A,North,Retail Store,33.0,85.0,59,3,85.64,143.16,4724.28,False,0.0,28.0,4.3
2025-10-30,SKU110,Smart Watch,Electronics,Vendor D,North,Retail Store,48.0,186.0,88,6,77.96,163.29,7837.92,False,0.0,38.5,4.2
2025-10-30,SKU111,Water Bottle,Fitness,Vendor A,North,Retail Store,19.0,207.0,79,12,24.6,52.01,988.19,False,0.0,35.0,4.3
2025-05-31,SKU106,Denim Jeans,Apparel,Vendor C,South,Retail Store,102.0,109.0,87,9,71.61,120.54,12295.08,False,0.0,34.6,4.6
2025-11-08,SKU105,Sunglasses,Accessories,Vendor A,North,Online,45.0,252.0,59,3,85.64,143.16,6442.2,False,0.0,15.6,4.1
2025-03-30,SKU111,Water Bottle,Fitness,Vendor A,North,Retail Store,38.0,84.0,79,12,24.6,52.01,1976.38,False,0.0,28.9,3.9
2025-07-28,SKU107,Baseball Cap,Accessories,Vendor A,South,Wholesale,52.0,78.0,74,13,46.67,72.31,3760.12,False,0.0,20.1,4.2
2025-02-05,SKU110,Smart Watch,Electronics,Vendor D,North,Online,35.0,249.0,88,6,77.96,163.29,5715.15,False,0.0,29.6,3.7
2025-12-09,SKU110,Smart Watch,Electronics,Vendor D,North,Online,89.0,266.0,88,6,77.96,163.29,14532.81,False,0.0,28.4,4.0
2025-02-21,SKU101,Cotton T-Shirt,Apparel,Vendor A,North,Retail Store,13.0,244.0,74,6,33.5,57.73,750.49,False,0.0,18.4,4.9
2025-05-23,SKU102,Running Shoes,Footwear,Vendor B,West,Online,58.0,125.0,51,14,48.81,90.37,5241.46,False,0.0,23.0,4.2
2025-07-08,SKU109,Gym Bag,Fitness,Vendor C,West,Online,13.0,85.0,45,12,73.66,161.49,2099.37,False,0.0,26.7,4.0
2025-02-01,SKU111,Water Bottle,Fitness,Vendor A,North,Online,19.0,276.0,79,12,24.6,52.01,988.19,False,0.0,33.4,4.1
2025-08-19,SKU109,Gym Bag,Fitness,Vendor C,West,Online,8.0,153.0,45,12,73.66,161.49,1291.92,False,0.0,45.9,4.7
2025-06-15,SKU109,Gym Bag,Fitness,Vendor C,West,Online,20.0,130.0,45,12,73.66,161.49,3229.8,False,0.0,22.1,3.5
2025-08-28,SKU105,Sunglasses,Accessories,Vendor A,North,Retail Store,25.0,118.0,59,3,85.64,143.16,3579.0,False,0.0,10.8,4.5
2025-03-10,SKU108,Sports Socks,Apparel,Vendor B,East,Online,43.0,139.0,64,3,56.21,111.36,4788.48,False,0.0,28.3,3.9
2025-07-10,SKU104,Protein Powder,Health,Vendor B,East,Online,18.0,133.0,70,9,49.68,111.64,2009.52,False,0.0,35.4,4.4
2025-04-24,SKU102,Running Shoes,Footwear,Vendor B,West,Wholesale,46.0,247.0,51,14,48.81,90.37,4157.02,False,0.0,34.3,4.9
2025-12-06,SKU111,Water Bottle,Fitness,Vendor A,North,Online,59.0,238.0,79,12,24.6,52.01,3068.59,False,0.0,32.6,3.8
2025-12-08,SKU105,Sunglasses,Accessories,Vendor A,North,Wholesale,30.0,244.0,59,3,85.64,143.16,4294.8,False,0.0,0.1,4.5
2025-02-21,SKU107,Baseball Cap,Accessories,Vendor A,South,Online,40.0,144.0,74,13,46.67,72.31,2892.4,True,38.0,29.5,3.8
2025-06-21,SKU110,Smart Watch,Electronics,Vendor D,North,Retail Store,81.0,331.0,88,6,77.96,163.29,13226.49,False,0.0,11.0,3.5
2025-09-20,SKU107,Baseball Cap,Accessories,Vendor A,South,Retail Store,99.0,116.0,74,13,46.67,72.31,7158.69,True,33.0,9.8,4.7
2025-06-04,SKU105,Sunglasses,Accessories,Vendor A,North,Online,18.0,296.0,59,3,85.64,143.16,2576.88,False,0.0,25.6,5.0
2025-04-02,SKU111,Water Bottle,Fitness,Vendor A,North,Retail Store,33.0,232.0,79,12,24.6,52.01,1716.33,True,13.0,28.7,3.7
2025-02-24,SKU111,Water Bottle,Fitness,Vendor A,North,Online,14.0,297.0,79,12,24.6,52.01,728.14,False,0.0,26.2,4.2
2025-01-01,SKU106,Denim Jeans,Apparel,Vendor C,South,Online,102.0,301.0,87,9,71.61,120.54,12295.08,True,39.0,37.0,4.3
2025-01-23,SKU109,Gym Bag,Fitness,Vendor C,West,Retail Store,8.0,254.0,45,12,73.66,161.49,1291.92,False,0.0,19.6,4.6
2025-05-05,SKU105,Sunglasses,Accessories,Vendor A,North,Online,27.0,279.0,59,3,85.64,143.16,3865.32,False,0.0,37.8,5.0
2025-08-08,SKU112,Hoodie,Apparel,Vendor B,South,Online,31.0,238.0,73,11,65.48,148.54,4604.74,False,0.0,27.9,4.8
2025-12-16,SKU107,Baseball Cap,Accessories,Vendor A,South,Online,78.0,256.0,74,13,46.67,72.31,5640.18,False,0.0,31.6,4.3
2025-09-11,SKU111,Water Bottle,Fitness,Vendor A,North,Retail Store,22.0,96.0,79,12,24.6,52.01,1144.22,False,0.0,31.6,4.5
2025-07-19,SKU108,Sports Socks,Apparel,Vendor B,East,Online,113.0,217.0,64,3,56.21,111.36,12583.68,True,36.0,33.3,3.4
2025-04-22,SKU111,Water Bottle,Fitness,Vendor A,North,Online,20.0,143.0,79,12,24.6,52.01,1040.2,False,0.0,20.6,4.5
2025-03-03,SKU111,Water Bottle,Fitness,Vendor A,North,Online,27.0,139.0,79,12,24.6,52.01,1404.27,False,0.0,29.3,4.4
2025-07-12,SKU104,Protein Powder,Health,Vendor B,East,Retail Store,40.0,75.0,70,9,49.68,111.64,4465.6,True,40.0,22.9,4.1
2025-01-01,SKU101,Cotton T-Shirt,Apparel,Vendor A,North,Online,12.0,345.0,74,6,33.5,57.73,692.76,False,0.0,23.0,3.8
2025-02-02,SKU110,Smart Watch,Electronics,Vendor D,North,Online,53.0,127.0,88,6,77.96,163.29,8654.37,False,0.0,22.4,4.6
2025-07-04,SKU106,Denim Jeans,Apparel,Vendor C,South,Retail Store,58.0,194.0,87,9,71.61,120.54,6991.32,False,0.0,26.3,4.3
2025-11-21,SKU105,Sunglasses,Accessories,Vendor A,North,Online,33.0,62.0,59,3,85.64,143.16,4724.28,False,0.0,5.3,4.5
2025-04-18,SKU107,Baseball Cap,Accessories,Vendor A,South,Online,42.0,76.0,74,13,46.67,72.31,3037.02,False,0.0,20.9,3.4
2025-09-14,SKU110,Smart Watch,Electronics,Vendor D,North,Retail Store,98.0,96.0,88,6,77.96,163.29,16002.42,False,0.0,27.1,3.9
2025-06-09,SKU103,Yoga Mat,Fitness,Vendor C,East,Online,38.0,144.0,42,8,28.05,51.04,1939.52,False,0.0,25.6,3.9
2025-09-18,SKU109,Gym Bag,Fitness,Vendor C,West,Online,9.0,144.0,45,12,73.66,161.49,1453.41,False,0.0,24.4,3.7
2025-08-02,SKU110,Smart Watch,Electronics,Vendor D,North,Online,75.0,118.0,88,6,77.96,163.29,12246.75,False,0.0,25.8,4.3
2025-07-18,SKU108,Sports Socks,Apparel,Vendor B,East,Retail Store,61.0,95.0,64,3,56.21,111.36,6792.96,False,0.0,37.7,4.9
2025-09-07,SKU103,Yoga Mat,Fitness,Vendor C,East,Online,66.0,163.0,42,8,28.05,51.04,3368.64,False,0.0,16.5,3.9
2025-05-22,SKU107,Baseball Cap,Accessories,Vendor A,South,Online,97.0,268.0,74,13,46.67,72.31,7014.07,True,35.0,14.1,3.7
2025-06-21,SKU107,Baseball Cap,Accessories,Vendor A,South,Wholesale,79.0,196.0,74,13,46.67,72.31,5712.49,False,0.0,29.0,2.4
2025-03-31,SKU108,Sports Socks,Apparel,Vendor B,East,Online,50.0,276.0,64,3,56.21,111.36,5568.0,False,0.0,11.4,4.7
2025-10-31,SKU105,Sunglasses,Accessories,Vendor A,North,Retail Store,18.0,154.0,59,3,85.64,143.16,2576.88,False,0.0,44.8,4.2
2025-05-21,SKU112,Hoodie,Apparel,Vendor B,South,Online,51.0,167.0,73,11,65.48,148.54,7575.54,False,0.0,29.4,4.1
2025-02-16,SKU112,Hoodie,Apparel,Vendor B,South,Wholesale,44.0,151.0,73,11,65.48,148.54,6535.76,False,0.0,24.4,4.0
2025-05-09,SKU112,Hoodie,Apparel,Vendor B,South,Online,46.0,172.0,73,11,65.48,148.54,6832.84,False,0.0,23.0,4.3
2025-01-03,SKU102,Running Shoes,Footwear,Vendor B,West,Online,60.0,153.0,51,14,48.81,90.37,5422.2,True,24.0,21.2,4.7
2025-12-04,SKU106,Denim Jeans,Apparel,Vendor C,South,Online,87.0,211.0,87,9,71.61,120.54,10486.98,False,0.0,44.4,4.3
2025-04-25,SKU109,Gym Bag,Fitness,Vendor C,West,Online,10.0,99.0,45,12,73.66,161.49,1614.9,False,0.0,17.2,4.5
2025-04-08,SKU109,Gym Bag,Fitness,Vendor C,West,Online,9.0,133.0,45,12,73.66,161.49,1453.41,False,0.0,20.2,3.5
2025-03-04,SKU109,Gym Bag,Fitness,Vendor C,West,Online,13.0,229.0,45,12,73.66,161.49,2099.37,False,0.0,24.5,3.6
2025-12-11,SKU112,Hoodie,Apparel,Vendor B,South,Retail Store,54.0,163.0,73,11,65.48,148.54,8021.16,False,0.0,23.2,4.5
2025-09-06,SKU103,Yoga Mat,Fitness,Vendor C,East,Retail Store,60.0,229.0,42,8,28.05,51.04,3062.4,False,0.0,33.9,4.0
2025-04-11,SKU111,Water Bottle,Fitness,Vendor A,North,Retail Store,24.0,123.0,79,12,24.6,52.01,1248.24,False,0.0,23.7,4.4
2025-06-22,SKU112,Hoodie,Apparel,Vendor B,South,Online,57.0,210.0,73,11,65.48,148.54,8466.78,False,0.0,17.0,4.5
2025-06-20,SKU104,Protein Powder,Health,Vendor B,East,Online,20.0,149.0,70,9,49.68,111.64,2232.8,False,0.0,15.2,4.0
2025-08-16,SKU108,Sports Socks,Apparel,Vendor B,East,Retail Store,75.0,290.0,64,3,56.21,111.36,8352.0,False,0.0,33.7,4.5
2025-11-01,SKU108,Sports Socks,Apparel,Vendor B,East,Online,102.0,321.0,64,3,56.21,111.36,11358.72,False,0.0,26.8,4.4
2025-10-17,SKU105,Sunglasses,Accessories,Vendor A,North,Retail Store,23.0,73.0,59,3,85.64,143.16,3292.68,False,0.0,29.9,3.6
2025-09-05,SKU110,Smart Watch,Electronics,Vendor D,North,Online,78.0,201.0,88,6,77.96,163.29,12736.62,False,0.0,23.4,4.2
2025-04-30,SKU103,Yoga Mat,Fitness,Vendor C,East,Online,35.0,95.0,42,8,28.05,51.04,1786.4,False,0.0,15.8,4.1
2025-08-29,SKU106,Denim Jeans,Apparel,Vendor C,South,Online,59.0,302.0,87,9,71.61,120.54,7111.86,False,0.0,37.4,5.0
2025-04-25,SKU104,Protein Powder,Health,Vendor B,East,Retail Store,22.0,71.0,70,9,49.68,111.64,2456.08,False,0.0,26.6,5.0
2025-04-25,SKU101,Cotton T-Shirt,Apparel,Vendor A,North,Online,17.0,208.0,74,6,33.5,57.73,981.41,False,0.0,26.1,3.8
2025-02-28,SKU109,Gym Bag,Fitness,Vendor C,West,Online,7.0,114.0,45,12,73.66,161.49,1130.43,False,0.0,19.3,3.2
2025-03-30,SKU103,Yoga Mat,Fitness,Vendor C,East,Wholesale,56.0,133.0,42,8,28.05,51.04,2858.24,False,0.0,31.7,4.4
2025-02-27,SKU103,Yoga Mat,Fitness,Vendor C,East,Wholesale,41.0,118.0,42,8,28.05,51.04,2092.64,False,0.0,13.7,4.4
2025-02-18,SKU108,Sports Socks,Apparel,Vendor B,East,Online,47.0,323.0,64,3,56.21,111.36,5233.92,False,0.0,18.6,4.0
2025-11-01,SKU109,Gym Bag,Fitness,Vendor C,West,Online,28.0,305.0,45,12,73.66,161.49,4521.72,False,0.0,19.1,3.3
2025-11-23,SKU103,Yoga Mat,Fitness,Vendor C,East,Retail Store,94.0,209.0,42,8,28.05,51.04,4797.76,False,0.0,26.4,3.9
2025-04-07,SKU112,Hoodie,Apparel,Vendor B,South,Retail Store,60.0,279.0,73,11,65.48,148.54,8912.4,True,40.0,33.3,5.0
2025-12-23,SKU107,Baseball Cap,Accessories,Vendor A,South,Online,,114.0,74,13,46.67,72.31,5784.8,False,0.0,28.8,4.2
2025-04-23,SKU108,Sports Socks,Apparel,Vendor B,East,Online,116.0,205.0,64,3,56.21,111.36,12917.76,True,11.0,26.8,4.1
2025-10-20,SKU110,Smart Watch,Electronics,Vendor D,North,Online,63.0,178.0,88,6,77.96,163.29,10287.27,False,0.0,11.7,3.8
2025-02-05,SKU112,Hoodie,Apparel,Vendor B,South,Retail Store,32.0,196.0,73,11,65.48,148.54,4753.28,False,0.0,29.9,3.4
2025-11-29,SKU104,Protein Powder,Health,Vendor B,East,Online,40.0,157.0,70,9,49.68,111.64,4465.6,False,0.0,23.8,4.9
2025-03-23,SKU111,Water Bottle,Fitness,Vendor A,North,Retail Store,38.0,106.0,79,12,24.6,52.01,1976.38,False,0.0,21.3,5.0
2025-09-26,SKU111,Water Bottle,Fitness,Vendor A,North,Online,26.0,143.0,79,12,24.6,52.01,1352.26,False,0.0,22.5,4.7
2025-04-20,SKU109,Gym Bag,Fitness,Vendor C,West,Online,17.0,166.0,45,12,73.66,161.49,2745.33,False,0.0,26.3,4.2
2025-08-30,SKU101,Cotton T-Shirt,Apparel,Vendor A,North,Online,27.0,173.0,74,6,33.5,57.73,1558.71,False,0.0,28.6,4.0
2025-06-14,SKU102,Running Shoes,Footwear,Vendor B,West,Retail Store,,178.0,51,14,48.81,90.37,12109.58,True,11.0,40.7,4.2
2025-03-27,SKU104,Protein Powder,Health,Vendor B,East,Retail Store,24.0,173.0,70,9,49.68,111.64,2679.36,False,0.0,20.3,3.7
2025-12-14,SKU104,Protein Powder,Health,Vendor B,East,Online,48.0,76.0,70,9,49.68,111.64,5358.72,False,0.0,26.4,4.4
2025-11-09,SKU105,Sunglasses,Accessories,Vendor A,North,Online,49.0,203.0,59,3,85.64,143.16,7014.84,False,0.0,20.5,3.9
2025-11-23,SKU112,Hoodie,Apparel,Vendor B,South,Online,96.0,203.0,73,11,65.48,148.54,14259.84,False,0.0,29.0,4.1
2025-11-30,SKU110,Smart Watch,Electronics,Vendor D,North,Online,137.0,113.0,88,6,77.96,163.29,22370.73,False,0.0,32.9,4.0
2025-05-22,SKU102,Running Shoes,Footwear,Vendor B,West,Online,51.0,183.0,51,14,48.81,90.37,4608.87,False,0.0,22.6,4.2
2025-08-10,SKU112,Hoodie,Apparel,Vendor B,South,Online,97.0,77.0,73,11,65.48,148.54,14408.38,True,14.0,33.5,4.4
2025-04-30,SKU105,Sunglasses,Accessories,Vendor A,North,Wholesale,19.0,170.0,59,3,85.64,143.16,2720.04,False,0.0,19.2,4.1
2025-11-04,SKU111,Water Bottle,Fitness,Vendor A,North,Online,54.0,191.0,79,12,24.6,52.01,2808.54,True,23.0,28.8,4.6
2025-05-26,SKU112,Hoodie,Apparel,Vendor B,South,Online,81.0,131.0,73,11,65.48,148.54,12031.74,True,12.0,22.0,4.0
2025-08-22,SKU106,Denim Jeans,Apparel,Vendor C,South,Online,76.0,191.0,87,9,71.61,120.54,9161.04,False,0.0,20.1,4.2
2025-10-19,SKU105,Sunglasses,Accessories,Vendor A,North,Retail Store,33.0,251.0,59,3,85.64,143.16,4724.28,False,0.0,40.8,4.1
2025-06-30,SKU106,Denim Jeans,Apparel,Vendor C,South,Retail Store,63.0,202.0,87,9,71.61,120.54,7594.02,False,0.0,30.8,4.1
2025-03-01,SKU111,Water Bottle,Fitness,Vendor A,North,Online,39.0,197.0,79,12,24.6,52.01,2028.39,False,0.0,23.5,3.8
2025-11-27,SKU109,Gym Bag,Fitness,Vendor C,West,Online,20.0,70.0,45,12,73.66,161.49,3229.8,False,0.0,29.6,4.5
2025-04-21,SKU107,Baseball Cap,Accessories,Vendor A,South,Retail Store,46.0,126.0,74,13,46.67,72.31,3326.26,False,0.0,39.6,5.0
2025-06-19,SKU105,Sunglasses,Accessories,Vendor A,North,Online,20.0,189.0,59,3,85.64,143.16,2863.2,False,0.0,25.6,4.4
2025-03-17,SKU103,Yoga Mat,Fitness,Vendor C,East,Online,53.0,240.0,42,8,28.05,51.04,2705.12,False,0.0,16.1,4.2
2025-01-26,SKU112,Hoodie,Apparel,Vendor B,South,Online,30.0,161.0,73,11,65.48,148.54,4456.2,False,0.0,39.5,3.8
2025-01-30,SKU104,Protein Powder,Health,Vendor B,East,Online,9.0,216.0,70,9,49.68,111.64,1004.76,False,0.0,20.4,4.6
2025-12-31,SKU110,Smart Watch,Electronics,Vendor D,North,Online,78.0,153.0,88,6,77.96,163.29,12736.62,False,0.0,24.3,3.5
2025-11-11,SKU101,Cotton T-Shirt,Apparel,Vendor A,North,Retail Store,30.0,181.0,74,6,33.5,57.73,1731.9,False,0.0,29.3,4.7
2025-11-14,SKU105,Sunglasses,Accessories,Vendor A,North,Retail Store,32.0,203.0,59,3,85.64,143.16,4581.12,False,0.0,35.5,4.7
2025-10-22,SKU111,Water Bottle,Fitness,Vendor A,North,Wholesale,33.0,233.0,79,12,24.6,52.01,1716.33,False,0.0,24.9,3.9
2025-01-12,SKU108,Sports Socks,Apparel,Vendor B,East,Online,59.0,261.0,64,3,56.21,111.36,6570.24,False,0.0,20.0,3.9
2025-11-20,SKU107,Baseball Cap,Accessories,Vendor A,South,Retail Store,79.0,170.0,74,13,46.67,72.31,5712.49,False,0.0,28.5,3.6
2025-07-21,SKU103,Yoga Mat,Fitness,Vendor C,East,Online,37.0,153.0,42,8,28.05,51.04,1888.48,False,0.0,20.4,3.1
2025-08-14,SKU105,Sunglasses,Accessories,Vendor A,North,Online,19.0,224.0,59,3,85.64,143.16,2720.04,False,0.0,24.9,4.3
2025-03-05,SKU112,Hoodie,Apparel,Vendor B,South,Retail Store,46.0,151.0,73,11,65.48,148.54,6832.84,False,0.0,9.6,4.0
2025-12-02,SKU108,Sports Socks,Apparel,Vendor B,East,Retail Store,81.0,143.0,64,3,56.21,111.36,9020.16,False,0.0,25.5,4.0
2025-03-08,SKU111,Water Bottle,Fitness,Vendor A,North,Online,33.0,256.0,79,12,24.6,52.01,1716.33,False,0.0,31.3,3.8
2025-08-22,SKU110,Smart Watch,Electronics,Vendor D,North,Online,49.0,312.0,88,6,77.96,163.29,8001.21,False,0.0,20.8,3.5
2025-12-29,SKU101,Cotton T-Shirt,Apparel,Vendor A,North,Retail Store,35.0,130.0,74,6,33.5,57.73,2020.55,False,0.0,25.2,4.2
2025-03-24,SKU111,Water Bottle,Fitness,Vendor A,North,Online,27.0,79.0,79,12,24.6,52.01,1404.27,False,0.0,21.4,4.7
2025-09-23,SKU102,Running Shoes,Footwear,Vendor B,West,Online,55.0,163.0,51,14,48.81,90.37,4970.35,False,0.0,22.0,4.8
2025-06-21,SKU112,Hoodie,Apparel,Vendor B,South,Retail Store,53.0,106.0,73,11,65.48,148.54,7872.62,False,0.0,28.4,4.3
2025-11-25,SKU105,Sunglasses,Accessories,Vendor A,North,Retail Store,28.0,149.0,59,3,85.64,143.16,4008.48,False,0.0,35.8,3.9
2025-06-29,SKU107,Baseball Cap,Accessories,Vendor A,South,Online,67.0,215.0,74,13,46.67,72.31,4844.77,False,0.0,20.1,4.3
2025-02-13,SKU107,Baseball Cap,Accessories,Vendor A,South,Retail Store,19.0,224.0,74,13,46.67,72.31,1373.89,False,0.0,14.0,3.5
2025-10-12,SKU109,Gym Bag,Fitness,Vendor C,West,Wholesale,19.0,307.0,45,12,73.66,161.49,3068.31,False,0.0,27.0,4.5
2025-12-28,SKU108,Sports Socks,Apparel,Vendor B,East,Wholesale,95.0,149.0,64,3,56.21,111.36,10579.2,False,0.0,24.2,4.4
2025-09-07,SKU108,Sports Socks,Apparel,Vendor B,East,Online,64.0,248.0,64,3,56.21,111.36,7127.04,False,0.0,14.7,3.6
2025-08-10,SKU111,Water Bottle,Fitness,Vendor A,North,Retail Store,37.0,126.0,79,12,24.6,52.01,1924.37,False,0.0,16.0,4.7
2025-11-05,SKU111,Water Bottle,Fitness,Vendor A,North,Retail Store,36.0,155.0,79,12,24.6,52.01,1872.36,False,0.0,18.6,4.5
2025-04-30,SKU101,Cotton T-Shirt,Apparel,Vendor A,North,Online,23.0,91.0,74,6,33.5,57.73,1327.79,False,0.0,16.4,3.5
2025-05-15,SKU106,Denim Jeans,Apparel,Vendor C,South,Online,61.0,204.0,87,9,71.61,120.54,7352.94,False,0.0,21.0,3.9
2025-11-29,SKU103,Yoga Mat,Fitness,Vendor C,East,Online,102.0,217.0,42,8,28.05,51.04,5206.08,False,0.0,15.6,4.5
2025-04-21,SKU103,Yoga Mat,Fitness,Vendor C,East,Online,62.0,176.0,42,8,28.05,51.04,3164.48,False,0.0,42.3,4.1
2025-05-09,SKU102,Running Shoes,Footwear,Vendor B,West,Online,47.0,154.0,51,14,48.81,90.37,4247.39,False,0.0,24.5,4.0
2025-03-20,SKU102,Running Shoes,Footwear,Vendor B,West,Online,53.0,113.0,51,14,48.81,90.37,4789.61,False,0.0,18.1,4.2
2025-01-18,SKU106,Denim Jeans,Apparel,Vendor C,South,Online,66.0,300.0,87,9,71.61,120.54,7955.64,False,0.0,26.0,4.2
2025-08-25,SKU109,Gym Bag,Fitness,Vendor C,West,Online,7.0,77.0,45,12,73.66,161.49,1130.43,False,0.0,25.4,4.5
2025-11-02,SKU112,Hoodie,Apparel,Vendor B,South,Retail Store,90.0,154.0,73,11,65.48,148.54,13368.6,False,0.0,31.1,4.3
2025-01-20,SKU101,Cotton T-Shirt,Apparel,Vendor A,North,Retail Store,15.0,279.0,74,6,33.5,57.73,865.95,False,0.0,16.9,4.1
2025-02-23,SKU102,Running Shoes,Footwear,Vendor B,West,Online,51.0,175.0,51,14,48.81,90.37,4608.87,False,0.0,23.0,4.2
2025-10-23,SKU111,Water Bottle,Fitness,Vendor A,North,Retail Store,18.0,215.0,79,12,24.6,52.01,936.18,False,0.0,32.4,3.8
2025-09-19,SKU103,Yoga Mat,Fitness,Vendor C,East,Wholesale,40.0,89.0,42,8,28.05,51.04,2041.6,False,0.0,23.7,4.4
2025-01-21,SKU102,Running Shoes,Footwear,Vendor B,West,Retail Store,32.0,81.0,51,14,48.81,90.37,2891.84,False,0.0,20.3,3.5
2025-07-19,SKU103,Yoga Mat,Fitness,Vendor C,East,Retail Store,55.0,138.0,42,8,28.05,51.04,2807.2,False,0.0,12.8,4.6
2025-09-22,SKU101,Cotton T-Shirt,Apparel,Vendor A,North,Online,21.0,293.0,74,6,33.5,57.73,1212.33,False,0.0,31.0,4.0
2025-12-24,SKU104,Protein Powder,Health,Vendor B,East,Online,29.0,136.0,70,9,49.68,111.64,3237.56,False,0.0,34.5,4.7
2025-08-30,SKU112,Hoodie,Apparel,Vendor B,South,Retail Store,81.0,107.0,73,11,65.48,148.54,12031.74,False,0.0,28.5,4.4
2025-11-30,SKU106,Denim Jeans,Apparel,Vendor C,South,Retail Store,143.0,345.0,87,9,71.61,120.54,17237.22,False,0.0,25.9,3.5
2025-10-18,SKU109,Gym Bag,Fitness,Vendor C,West,Wholesale,17.0,245.0,45,12,73.66,161.49,2745.33,False,0.0,33.4,4.8
2025-07-24,SKU103,Yoga Mat,Fitness,Vendor C,East,Online,37.0,285.0,42,8,28.05,51.04,1888.48,False,0.0,20.1,4.2
2025-05-29,SKU101,Cotton T-Shirt,Apparel,Vendor A,North,Retail Store,16.0,310.0,74,6,33.5,57.73,923.68,False,0.0,15.1,4.1
2025-10-03,SKU101,Cotton T-Shirt,Apparel,Vendor A,North,Online,17.0,94.0,74,6,33.5,57.73,981.41,False,0.0,29.7,4.2
2025-04-26,SKU110,Smart Watch,Electronics,Vendor D,North,Wholesale,92.0,315.0,88,6,77.96,163.29,15022.68,False,0.0,12.4,4.4
2025-09-21,SKU105,Sunglasses,Accessories,Vendor A,North,Online,27.0,133.0,59,3,85.64,143.16,3865.32,False,0.0,20.8,4.2
2025-11-05,SKU112,Hoodie,Apparel,Vendor B,South,Online,65.0,145.0,73,11,65.48,148.54,9655.1,False,0.0,23.6,4.8
2025-05-14,SKU101,Cotton T-Shirt,Apparel,Vendor A,North,Retail Store,27.0,279.0,74,6,33.5,57.73,1558.71,True,30.0,24.6,4.0
2025-10-27,SKU105,Sunglasses,Accessories,Vendor A,North,Wholesale,25.0,252.0,59,3,85.64,143.16,3579.0,False,0.0,26.5,4.5
2025-08-01,SKU104,Protein Powder,Health,Vendor B,East,Online,41.0,125.0,70,9,49.68,111.64,4577.24,True,12.0,39.6,4.7
2025-05-12,SKU102,Running Shoes,Footwear,Vendor B,West,Online,51.0,153.0,51,14,48.81,90.37,4608.87,False,0.0,35.3,4.5
2025-12-02,SKU101,Cotton T-Shirt,Apparel,Vendor A,North,Online,30.0,122.0,74,6,33.5,57.73,1731.9,False,0.0,22.0,4.4
2025-02-20,SKU110,Smart Watch,Electronics,Vendor D,North,Retail Store,52.0,113.0,88,6,77.96,163.29,8491.08,True,38.0,21.9,4.3
2025-10-22,SKU109,Gym Bag,Fitness,Vendor C,West,Retail Store,11.0,195.0,45,12,73.66,161.49,1776.39,False,0.0,36.7,4.0
2025-03-18,SKU102,Running Shoes,Footwear,Vendor B,West,Retail Store,46.0,64.0,51,14,48.81,90.37,4157.02,False,0.0,4.4,4.1
2025-08-30,SKU109,Gym Bag,Fitness,Vendor C,West,Retail Store,30.0,154.0,45,12,73.66,161.49,4844.7,True,30.0,25.4,3.8
2025-12-12,SKU111,Water Bottle,Fitness,Vendor A,North,Retail Store,45.0,143.0,79,12,24.6,52.01,2340.45,False,0.0,26.0,3.9
2025-06-25,SKU109,Gym Bag,Fitness,Vendor C,West,Retail Store,10.0,257.0,45,12,73.66,161.49,1614.9,False,0.0,35.3,4.3
2025-08-20,SKU109,Gym Bag,Fitness,Vendor C,West,Online,11.0,142.0,45,12,73.66,161.49,1776.39,False,0.0,38.9,3.7
2025-05-07,SKU111,Water Bottle,Fitness,Vendor A,North,Online,28.0,92.0,79,12,24.6,52.01,1456.28,False,0.0,28.8,3.7
2025-11-20,SKU112,Hoodie,Apparel,Vendor B,South,Online,85.0,261.0,73,11,65.48,148.54,12625.9,False,0.0,43.3,3.3
2025-10-27,SKU104,Protein Powder,Health,Vendor B,East,Retail Store,35.0,207.0,70,9,49.68,111.64,3907.4,True,37.0,26.3,4.3
2025-09-13,SKU104,Protein Powder,Health,Vendor B,East,Online,31.0,223.0,70,9,49.68,111.64,3460.84,False,0.0,36.9,4.1
2025-12-29,SKU107,Baseball Cap,Accessories,Vendor A,South,Online,78.0,249.0,74,13,46.67,72.31,5640.18,False,0.0,19.2,3.9
2025-02-13,SKU102,Running Shoes,Footwear,Vendor B,West,Online,35.0,272.0,51,14,48.81,90.37,3162.95,False,0.0,19.7,5.0
2025-01-21,SKU104,Protein Powder,Health,Vendor B,East,Online,19.0,95.0,70,9,49.68,111.64,2121.16,False,0.0,38.4,4.6
2025-08-22,SKU109,Gym Bag,Fitness,Vendor C,West,Online,14.0,118.0,45,12,73.66,161.49,2260.86,False,0.0,9.0,4.4
2025-06-10,SKU104,Protein Powder,Health,Vendor B,East,Retail Store,29.0,141.0,70,9,49.68,111.64,3237.56,False,0.0,36.1,4.2
2025-02-11,SKU106,Denim Jeans,Apparel,Vendor C,South,Retail Store,57.0,224.0,87,9,71.61,120.54,6870.78,False,0.0,17.2,4.9
2025-05-21,SKU101,Cotton T-Shirt,Apparel,Vendor A,North,Online,22.0,130.0,74,6,33.5,57.73,1270.06,False,0.0,23.9,3.7
2025-05-11,SKU108,Sports Socks,Apparel,Vendor B,East,Online,90.0,84.0,64,3,56.21,111.36,10022.4,False,0.0,19.2,4.4
2025-08-24,SKU111,Water Bottle,Fitness,Vendor A,North,Online,44.0,177.0,79,12,24.6,52.01,2288.44,False,0.0,32.4,4.3
2025-11-20,SKU102,Running Shoes,Footwear,Vendor B,West,Online,95.0,119.0,51,14,48.81,90.37,8585.15,False,0.0,17.7,3.2
2025-08-03,SKU111,Water Bottle,Fitness,Vendor A,North,Online,37.0,190.0,79,12,24.6,52.01,1924.37,False,0.0,34.3,3.9
2025-08-07,SKU102,Running Shoes,Footwear,Vendor B,West,Online,60.0,63.0,51,14,48.81,90.37,5422.2,False,0.0,29.6,3.7
2025-11-29,SKU101,Cotton T-Shirt,Apparel,Vendor A,North,Wholesale,37.0,228.0,74,6,33.5,57.73,2136.01,False,0.0,29.7,3.4
2025-07-18,SKU104,Protein Powder,Health,Vendor B,East,Online,19.0,185.0,70,9,49.68,111.64,2121.16,False,0.0,10.8,4.1
2025-01-09,SKU112,Hoodie,Apparel,Vendor B,South,Retail Store,35.0,155.0,73,11,65.48,148.54,5198.9,False,0.0,20.0,3.7
2025-05-06,SKU111,Water Bottle,Fitness,Vendor A,North,Online,13.0,120.0,79,12,24.6,52.01,676.13,False,0.0,27.9,4.5
2025-05-01,SKU106,Denim Jeans,Apparel,Vendor C,South,Online,90.0,148.0,87,9,71.61,120.54,10848.6,False,0.0,26.1,4.0
